cap_pp,model,reference,rule,selected_kappa,oracle_kappa,value_oracle_kappa,selected_value,selected_ud,selected_budget,selected_delta_ud_pp,selected_gain,selected_cpa,oracle_value,oracle_ud,oracle_budget,oracle_delta_ud_pp,oracle_gain,oracle_cpa,value_oracle_value,value_oracle_gain,normalized_regret,constrained_signed_value_gap,delivery_violation,violation_severity_pp,exact_oracle,within_one_step,value_capture
5.0,cql,dual,R1_frontier,0.5,0.5,1.0,11477.01098823923,0.016994792163426038,150000.0,1.563549297302469,528.9094262870713,12.893885074796476,11477.01098823923,0.016994792163426038,150000.0,1.563549297302469,528.9094262870713,12.893885074796476,15569.368847665093,4621.267285712935,0.027282385729505757,0.0,False,0.0,True,True,0.11445116535939016
5.0,cql,dual,R2_near_best_95,0.5,0.5,1.0,11477.01098823923,0.016994792163426038,150000.0,1.563549297302469,528.9094262870713,12.893885074796476,11477.01098823923,0.016994792163426038,150000.0,1.563549297302469,528.9094262870713,12.893885074796476,15569.368847665093,4621.267285712935,0.027282385729505757,0.0,False,0.0,True,True,0.11445116535939016
5.0,cql,dual,R3_sequential,0.5,0.5,1.0,11477.01098823923,0.016994792163426038,150000.0,1.563549297302469,528.9094262870713,12.893885074796476,11477.01098823923,0.016994792163426038,150000.0,1.563549297302469,528.9094262870713,12.893885074796476,15569.368847665093,4621.267285712935,0.027282385729505757,0.0,False,0.0,True,True,0.11445116535939016
5.0,cql,dual,R4_kink_aware,0.5,0.5,1.0,11477.01098823923,0.016994792163426038,150000.0,1.563549297302469,528.9094262870713,12.893885074796476,11477.01098823923,0.016994792163426038,150000.0,1.563549297302469,528.9094262870713,12.893885074796476,15569.368847665093,4621.267285712935,0.027282385729505757,0.0,False,0.0,True,True,0.11445116535939016
5.0,cql,dual,B_global_cal,0.5,0.5,1.0,11477.01098823923,0.016994792163426038,150000.0,1.563549297302469,528.9094262870713,12.893885074796476,11477.01098823923,0.016994792163426038,150000.0,1.563549297302469,528.9094262870713,12.893885074796476,15569.368847665093,4621.267285712935,0.027282385729505757,0.0,False,0.0,True,True,0.11445116535939016
5.0,cql,dual,B_reference_cal,0.5,0.5,1.0,11477.01098823923,0.016994792163426038,150000.0,1.563549297302469,528.9094262870713,12.893885074796476,11477.01098823923,0.016994792163426038,150000.0,1.563549297302469,528.9094262870713,12.893885074796476,15569.368847665093,4621.267285712935,0.027282385729505757,0.0,False,0.0,True,True,0.11445116535939016
5.0,cql,dual,B_fixed_0,0.0,0.5,1.0,10948.101561952159,0.00135929919040135,150000.0,0.0,0.0,13.710155873381062,11477.01098823923,0.016994792163426038,150000.0,1.563549297302469,528.9094262870713,12.893885074796476,15569.368847665093,4621.267285712935,0.030808448571419563,0.0035260628419138086,False,0.0,False,False,0.0
5.0,cql,dual,B_fixed_0.3,0.3,0.5,1.0,10850.532718992014,0.014490447959205363,150000.0,1.3131148768804013,-97.56884296014505,13.656917585807019,11477.01098823923,0.016994792163426038,150000.0,1.563549297302469,528.9094262870713,12.893885074796476,15569.368847665093,4621.267285712935,0.0314589075244872,0.004176521794981442,False,0.0,False,True,-0.021113005789945963
5.0,cql,dual,B_fixed_0.8,0.8,0.5,1.0,14435.663912642582,0.0897788899037577,150000.0,8.841959071335634,3487.562350690423,9.460769617007214,11477.01098823923,0.016994792163426038,150000.0,1.563549297302469,528.9094262870713,12.893885074796476,15569.368847665093,4621.267285712935,0.007558032900150077,-0.01972435282935568,True,3.8419590713356335,False,True,0.7546766146750562
5.0,cql,dual,B_fixed_1,1.0,0.5,1.0,15569.368847665093,0.2322643450495173,150000.0,23.090504585911596,4621.267285712935,7.399714479280815,11477.01098823923,0.016994792163426038,150000.0,1.563549297302469,528.9094262870713,12.893885074796476,15569.368847665093,4621.267285712935,0.0,-0.027282385729505757,True,18.090504585911596,False,False,1.0
10.0,cql,dual,B_fixed_0,0.0,0.8,1.0,10948.101561952159,0.00135929919040135,150000.0,0.0,0.0,13.710155873381062,14435.663912642582,0.0897788899037577,150000.0,8.841959071335634,3487.562350690423,9.460769617007214,15569.368847665093,4621.267285712935,0.030808448571419563,0.023250415671269488,False,0.0,False,False,0.0
20.0,cql,dual,B_fixed_0,0.0,0.8,1.0,10948.101561952159,0.00135929919040135,150000.0,0.0,0.0,13.710155873381062,14435.663912642582,0.0897788899037577,150000.0,8.841959071335634,3487.562350690423,9.460769617007214,15569.368847665093,4621.267285712935,0.030808448571419563,0.023250415671269488,False,0.0,False,False,0.0
10.0,cql,dual,B_fixed_0.3,0.3,0.8,1.0,10850.532718992014,0.014490447959205363,150000.0,1.3131148768804013,-97.56884296014505,13.656917585807019,14435.663912642582,0.0897788899037577,150000.0,8.841959071335634,3487.562350690423,9.460769617007214,15569.368847665093,4621.267285712935,0.0314589075244872,0.02390087462433712,False,0.0,False,False,-0.021113005789945963
20.0,cql,dual,B_fixed_0.3,0.3,0.8,1.0,10850.532718992014,0.014490447959205363,150000.0,1.3131148768804013,-97.56884296014505,13.656917585807019,14435.663912642582,0.0897788899037577,150000.0,8.841959071335634,3487.562350690423,9.460769617007214,15569.368847665093,4621.267285712935,0.0314589075244872,0.02390087462433712,False,0.0,False,False,-0.021113005789945963
10.0,cql,dual,R1_frontier,0.8,0.8,1.0,14435.663912642582,0.0897788899037577,150000.0,8.841959071335634,3487.562350690423,9.460769617007214,14435.663912642582,0.0897788899037577,150000.0,8.841959071335634,3487.562350690423,9.460769617007214,15569.368847665093,4621.267285712935,0.007558032900150077,0.0,False,0.0,True,True,0.7546766146750562
10.0,cql,dual,R2_near_best_95,0.8,0.8,1.0,14435.663912642582,0.0897788899037577,150000.0,8.841959071335634,3487.562350690423,9.460769617007214,14435.663912642582,0.0897788899037577,150000.0,8.841959071335634,3487.562350690423,9.460769617007214,15569.368847665093,4621.267285712935,0.007558032900150077,0.0,False,0.0,True,True,0.7546766146750562
10.0,cql,dual,R3_sequential,0.8,0.8,1.0,14435.663912642582,0.0897788899037577,150000.0,8.841959071335634,3487.562350690423,9.460769617007214,14435.663912642582,0.0897788899037577,150000.0,8.841959071335634,3487.562350690423,9.460769617007214,15569.368847665093,4621.267285712935,0.007558032900150077,0.0,False,0.0,True,True,0.7546766146750562
10.0,cql,dual,R4_kink_aware,0.8,0.8,1.0,14435.663912642582,0.0897788899037577,150000.0,8.841959071335634,3487.562350690423,9.460769617007214,14435.663912642582,0.0897788899037577,150000.0,8.841959071335634,3487.562350690423,9.460769617007214,15569.368847665093,4621.267285712935,0.007558032900150077,0.0,False,0.0,True,True,0.7546766146750562
10.0,cql,dual,B_global_cal,0.8,0.8,1.0,14435.663912642582,0.0897788899037577,150000.0,8.841959071335634,3487.562350690423,9.460769617007214,14435.663912642582,0.0897788899037577,150000.0,8.841959071335634,3487.562350690423,9.460769617007214,15569.368847665093,4621.267285712935,0.007558032900150077,0.0,False,0.0,True,True,0.7546766146750562
10.0,cql,dual,B_reference_cal,0.8,0.8,1.0,14435.663912642582,0.0897788899037577,150000.0,8.841959071335634,3487.562350690423,9.460769617007214,14435.663912642582,0.0897788899037577,150000.0,8.841959071335634,3487.562350690423,9.460769617007214,15569.368847665093,4621.267285712935,0.007558032900150077,0.0,False,0.0,True,True,0.7546766146750562
10.0,cql,dual,B_fixed_0.8,0.8,0.8,1.0,14435.663912642582,0.0897788899037577,150000.0,8.841959071335634,3487.562350690423,9.460769617007214,14435.663912642582,0.0897788899037577,150000.0,8.841959071335634,3487.562350690423,9.460769617007214,15569.368847665093,4621.267285712935,0.007558032900150077,0.0,False,0.0,True,True,0.7546766146750562
20.0,cql,dual,B_global_cal,0.8,0.8,1.0,14435.663912642582,0.0897788899037577,150000.0,8.841959071335634,3487.562350690423,9.460769617007214,14435.663912642582,0.0897788899037577,150000.0,8.841959071335634,3487.562350690423,9.460769617007214,15569.368847665093,4621.267285712935,0.007558032900150077,0.0,False,0.0,True,True,0.7546766146750562
20.0,cql,dual,B_reference_cal,0.8,0.8,1.0,14435.663912642582,0.0897788899037577,150000.0,8.841959071335634,3487.562350690423,9.460769617007214,14435.663912642582,0.0897788899037577,150000.0,8.841959071335634,3487.562350690423,9.460769617007214,15569.368847665093,4621.267285712935,0.007558032900150077,0.0,False,0.0,True,True,0.7546766146750562
20.0,cql,dual,B_fixed_0.8,0.8,0.8,1.0,14435.663912642582,0.0897788899037577,150000.0,8.841959071335634,3487.562350690423,9.460769617007214,14435.663912642582,0.0897788899037577,150000.0,8.841959071335634,3487.562350690423,9.460769617007214,15569.368847665093,4621.267285712935,0.007558032900150077,0.0,False,0.0,True,True,0.7546766146750562
10.0,cql,dual,B_fixed_1,1.0,0.8,1.0,15569.368847665093,0.2322643450495173,150000.0,23.090504585911596,4621.267285712935,7.399714479280815,14435.663912642582,0.0897788899037577,150000.0,8.841959071335634,3487.562350690423,9.460769617007214,15569.368847665093,4621.267285712935,0.0,-0.007558032900150077,True,13.090504585911596,False,True,1.0
20.0,cql,dual,R1_frontier,1.0,0.8,1.0,15569.368847665093,0.2322643450495173,150000.0,23.090504585911596,4621.267285712935,7.399714479280815,14435.663912642582,0.0897788899037577,150000.0,8.841959071335634,3487.562350690423,9.460769617007214,15569.368847665093,4621.267285712935,0.0,-0.007558032900150077,True,3.090504585911596,False,True,1.0
20.0,cql,dual,R2_near_best_95,1.0,0.8,1.0,15569.368847665093,0.2322643450495173,150000.0,23.090504585911596,4621.267285712935,7.399714479280815,14435.663912642582,0.0897788899037577,150000.0,8.841959071335634,3487.562350690423,9.460769617007214,15569.368847665093,4621.267285712935,0.0,-0.007558032900150077,True,3.090504585911596,False,True,1.0
20.0,cql,dual,R3_sequential,1.0,0.8,1.0,15569.368847665093,0.2322643450495173,150000.0,23.090504585911596,4621.267285712935,7.399714479280815,14435.663912642582,0.0897788899037577,150000.0,8.841959071335634,3487.562350690423,9.460769617007214,15569.368847665093,4621.267285712935,0.0,-0.007558032900150077,True,3.090504585911596,False,True,1.0
20.0,cql,dual,R4_kink_aware,1.0,0.8,1.0,15569.368847665093,0.2322643450495173,150000.0,23.090504585911596,4621.267285712935,7.399714479280815,14435.663912642582,0.0897788899037577,150000.0,8.841959071335634,3487.562350690423,9.460769617007214,15569.368847665093,4621.267285712935,0.0,-0.007558032900150077,True,3.090504585911596,False,True,1.0
20.0,cql,dual,B_fixed_1,1.0,0.8,1.0,15569.368847665093,0.2322643450495173,150000.0,23.090504585911596,4621.267285712935,7.399714479280815,14435.663912642582,0.0897788899037577,150000.0,8.841959071335634,3487.562350690423,9.460769617007214,15569.368847665093,4621.267285712935,0.0,-0.007558032900150077,True,3.090504585911596,False,True,1.0
5.0,cql,pid,R1_frontier,0.5,0.5,0.8,14635.636346054567,0.07884458612604311,150000.0,3.462202055340506,1947.6484009843916,9.431216007054541,14635.636346054567,0.07884458612604311,150000.0,3.462202055340506,1947.6484009843916,9.431216007054541,16238.367430690432,3550.3794856202567,0.010684873897572434,0.0,False,0.0,True,True,0.5485747112027757
5.0,cql,pid,R2_near_best_95,0.5,0.5,0.8,14635.636346054567,0.07884458612604311,150000.0,3.462202055340506,1947.6484009843916,9.431216007054541,14635.636346054567,0.07884458612604311,150000.0,3.462202055340506,1947.6484009843916,9.431216007054541,16238.367430690432,3550.3794856202567,0.010684873897572434,0.0,False,0.0,True,True,0.5485747112027757
5.0,cql,pid,R3_sequential,0.5,0.5,0.8,14635.636346054567,0.07884458612604311,150000.0,3.462202055340506,1947.6484009843916,9.431216007054541,14635.636346054567,0.07884458612604311,150000.0,3.462202055340506,1947.6484009843916,9.431216007054541,16238.367430690432,3550.3794856202567,0.010684873897572434,0.0,False,0.0,True,True,0.5485747112027757
5.0,cql,pid,R4_kink_aware,0.5,0.5,0.8,14635.636346054567,0.07884458612604311,150000.0,3.462202055340506,1947.6484009843916,9.431216007054541,14635.636346054567,0.07884458612604311,150000.0,3.462202055340506,1947.6484009843916,9.431216007054541,16238.367430690432,3550.3794856202567,0.010684873897572434,0.0,False,0.0,True,True,0.5485747112027757
5.0,cql,pid,B_global_cal,0.5,0.5,0.8,14635.636346054567,0.07884458612604311,150000.0,3.462202055340506,1947.6484009843916,9.431216007054541,14635.636346054567,0.07884458612604311,150000.0,3.462202055340506,1947.6484009843916,9.431216007054541,16238.367430690432,3550.3794856202567,0.010684873897572434,0.0,False,0.0,True,True,0.5485747112027757
5.0,cql,pid,B_reference_cal,0.5,0.5,0.8,14635.636346054567,0.07884458612604311,150000.0,3.462202055340506,1947.6484009843916,9.431216007054541,14635.636346054567,0.07884458612604311,150000.0,3.462202055340506,1947.6484009843916,9.431216007054541,16238.367430690432,3550.3794856202567,0.010684873897572434,0.0,False,0.0,True,True,0.5485747112027757
5.0,cql,pid,B_fixed_0,0.0,0.5,0.8,12687.987945070176,0.04422256557263805,150000.0,0.0,0.0,11.290656192489966,14635.636346054567,0.07884458612604311,150000.0,3.462202055340506,1947.6484009843916,9.431216007054541,16238.367430690432,3550.3794856202567,0.02366919657080171,0.012984322673229277,False,0.0,False,False,0.0
10.0,cql,pid,B_fixed_0,0.0,0.5,0.8,12687.987945070176,0.04422256557263805,150000.0,0.0,0.0,11.290656192489966,14635.636346054567,0.07884458612604311,150000.0,3.462202055340506,1947.6484009843916,9.431216007054541,16238.367430690432,3550.3794856202567,0.02366919657080171,0.012984322673229277,False,0.0,False,False,0.0
5.0,cql,pid,B_fixed_0.3,0.3,0.5,0.8,13512.887049760313,0.05346580003165916,150000.0,0.9243234459021109,824.8991046901374,10.472489886917211,14635.636346054567,0.07884458612604311,150000.0,3.462202055340506,1947.6484009843916,9.431216007054541,16238.367430690432,3550.3794856202567,0.018169869206200794,0.007484995308628362,False,0.0,False,True,0.23234110833254384
10.0,cql,pid,B_fixed_0.3,0.3,0.5,0.8,13512.887049760313,0.05346580003165916,150000.0,0.9243234459021109,824.8991046901374,10.472489886917211,14635.636346054567,0.07884458612604311,150000.0,3.462202055340506,1947.6484009843916,9.431216007054541,16238.367430690432,3550.3794856202567,0.018169869206200794,0.007484995308628362,False,0.0,False,True,0.23234110833254384
5.0,cql,pid,B_fixed_0.8,0.8,0.5,0.8,16238.367430690432,0.14536860070719929,150000.0,10.114603513456123,3550.3794856202567,7.881929300359134,14635.636346054567,0.07884458612604311,150000.0,3.462202055340506,1947.6484009843916,9.431216007054541,16238.367430690432,3550.3794856202567,0.0,-0.010684873897572434,True,5.114603513456123,False,True,1.0
10.0,cql,pid,R1_frontier,0.8,0.5,0.8,16238.367430690432,0.14536860070719929,150000.0,10.114603513456123,3550.3794856202567,7.881929300359134,14635.636346054567,0.07884458612604311,150000.0,3.462202055340506,1947.6484009843916,9.431216007054541,16238.367430690432,3550.3794856202567,0.0,-0.010684873897572434,True,0.11460351345612274,False,True,1.0
10.0,cql,pid,R2_near_best_95,0.8,0.5,0.8,16238.367430690432,0.14536860070719929,150000.0,10.114603513456123,3550.3794856202567,7.881929300359134,14635.636346054567,0.07884458612604311,150000.0,3.462202055340506,1947.6484009843916,9.431216007054541,16238.367430690432,3550.3794856202567,0.0,-0.010684873897572434,True,0.11460351345612274,False,True,1.0
10.0,cql,pid,R3_sequential,0.8,0.5,0.8,16238.367430690432,0.14536860070719929,150000.0,10.114603513456123,3550.3794856202567,7.881929300359134,14635.636346054567,0.07884458612604311,150000.0,3.462202055340506,1947.6484009843916,9.431216007054541,16238.367430690432,3550.3794856202567,0.0,-0.010684873897572434,True,0.11460351345612274,False,True,1.0
10.0,cql,pid,R4_kink_aware,0.8,0.5,0.8,16238.367430690432,0.14536860070719929,150000.0,10.114603513456123,3550.3794856202567,7.881929300359134,14635.636346054567,0.07884458612604311,150000.0,3.462202055340506,1947.6484009843916,9.431216007054541,16238.367430690432,3550.3794856202567,0.0,-0.010684873897572434,True,0.11460351345612274,False,True,1.0
10.0,cql,pid,B_global_cal,0.8,0.5,0.8,16238.367430690432,0.14536860070719929,150000.0,10.114603513456123,3550.3794856202567,7.881929300359134,14635.636346054567,0.07884458612604311,150000.0,3.462202055340506,1947.6484009843916,9.431216007054541,16238.367430690432,3550.3794856202567,0.0,-0.010684873897572434,True,0.11460351345612274,False,True,1.0
10.0,cql,pid,B_reference_cal,0.8,0.5,0.8,16238.367430690432,0.14536860070719929,150000.0,10.114603513456123,3550.3794856202567,7.881929300359134,14635.636346054567,0.07884458612604311,150000.0,3.462202055340506,1947.6484009843916,9.431216007054541,16238.367430690432,3550.3794856202567,0.0,-0.010684873897572434,True,0.11460351345612274,False,True,1.0
10.0,cql,pid,B_fixed_0.8,0.8,0.5,0.8,16238.367430690432,0.14536860070719929,150000.0,10.114603513456123,3550.3794856202567,7.881929300359134,14635.636346054567,0.07884458612604311,150000.0,3.462202055340506,1947.6484009843916,9.431216007054541,16238.367430690432,3550.3794856202567,0.0,-0.010684873897572434,True,0.11460351345612274,False,True,1.0
5.0,cql,pid,B_fixed_1,1.0,0.5,0.8,16078.803245055311,0.21707496880850033,150000.0,17.285240323586226,3390.8152999851354,7.310132317461301,14635.636346054567,0.07884458612604311,150000.0,3.462202055340506,1947.6484009843916,9.431216007054541,16238.367430690432,3550.3794856202567,0.001063761237567475,-0.009621112660004958,True,12.285240323586226,False,False,0.9550571463469221
10.0,cql,pid,B_fixed_1,1.0,0.5,0.8,16078.803245055311,0.21707496880850033,150000.0,17.285240323586226,3390.8152999851354,7.310132317461301,14635.636346054567,0.07884458612604311,150000.0,3.462202055340506,1947.6484009843916,9.431216007054541,16238.367430690432,3550.3794856202567,0.001063761237567475,-0.009621112660004958,True,7.285240323586226,False,False,0.9550571463469221
20.0,cql,pid,B_fixed_0,0.0,0.8,0.8,12687.987945070176,0.04422256557263805,150000.0,0.0,0.0,11.290656192489966,16238.367430690432,0.14536860070719929,150000.0,10.114603513456123,3550.3794856202567,7.881929300359134,16238.367430690432,3550.3794856202567,0.02366919657080171,0.02366919657080171,False,0.0,False,False,0.0
20.0,cql,pid,B_fixed_0.3,0.3,0.8,0.8,13512.887049760313,0.05346580003165916,150000.0,0.9243234459021109,824.8991046901374,10.472489886917211,16238.367430690432,0.14536860070719929,150000.0,10.114603513456123,3550.3794856202567,7.881929300359134,16238.367430690432,3550.3794856202567,0.018169869206200794,0.018169869206200794,False,0.0,False,False,0.23234110833254384
20.0,cql,pid,B_global_cal,0.8,0.8,0.8,16238.367430690432,0.14536860070719929,150000.0,10.114603513456123,3550.3794856202567,7.881929300359134,16238.367430690432,0.14536860070719929,150000.0,10.114603513456123,3550.3794856202567,7.881929300359134,16238.367430690432,3550.3794856202567,0.0,0.0,False,0.0,True,True,1.0
20.0,cql,pid,B_reference_cal,0.8,0.8,0.8,16238.367430690432,0.14536860070719929,150000.0,10.114603513456123,3550.3794856202567,7.881929300359134,16238.367430690432,0.14536860070719929,150000.0,10.114603513456123,3550.3794856202567,7.881929300359134,16238.367430690432,3550.3794856202567,0.0,0.0,False,0.0,True,True,1.0
20.0,cql,pid,B_fixed_0.8,0.8,0.8,0.8,16238.367430690432,0.14536860070719929,150000.0,10.114603513456123,3550.3794856202567,7.881929300359134,16238.367430690432,0.14536860070719929,150000.0,10.114603513456123,3550.3794856202567,7.881929300359134,16238.367430690432,3550.3794856202567,0.0,0.0,False,0.0,True,True,1.0
20.0,cql,pid,R1_frontier,1.0,0.8,0.8,16078.803245055311,0.21707496880850033,150000.0,17.285240323586226,3390.8152999851354,7.310132317461301,16238.367430690432,0.14536860070719929,150000.0,10.114603513456123,3550.3794856202567,7.881929300359134,16238.367430690432,3550.3794856202567,0.001063761237567475,0.001063761237567475,False,0.0,False,True,0.9550571463469221
20.0,cql,pid,R2_near_best_95,1.0,0.8,0.8,16078.803245055311,0.21707496880850033,150000.0,17.285240323586226,3390.8152999851354,7.310132317461301,16238.367430690432,0.14536860070719929,150000.0,10.114603513456123,3550.3794856202567,7.881929300359134,16238.367430690432,3550.3794856202567,0.001063761237567475,0.001063761237567475,False,0.0,False,True,0.9550571463469221
20.0,cql,pid,R3_sequential,1.0,0.8,0.8,16078.803245055311,0.21707496880850033,150000.0,17.285240323586226,3390.8152999851354,7.310132317461301,16238.367430690432,0.14536860070719929,150000.0,10.114603513456123,3550.3794856202567,7.881929300359134,16238.367430690432,3550.3794856202567,0.001063761237567475,0.001063761237567475,False,0.0,False,True,0.9550571463469221
20.0,cql,pid,R4_kink_aware,1.0,0.8,0.8,16078.803245055311,0.21707496880850033,150000.0,17.285240323586226,3390.8152999851354,7.310132317461301,16238.367430690432,0.14536860070719929,150000.0,10.114603513456123,3550.3794856202567,7.881929300359134,16238.367430690432,3550.3794856202567,0.001063761237567475,0.001063761237567475,False,0.0,False,True,0.9550571463469221
20.0,cql,pid,B_fixed_1,1.0,0.8,0.8,16078.803245055311,0.21707496880850033,150000.0,17.285240323586226,3390.8152999851354,7.310132317461301,16238.367430690432,0.14536860070719929,150000.0,10.114603513456123,3550.3794856202567,7.881929300359134,16238.367430690432,3550.3794856202567,0.001063761237567475,0.001063761237567475,False,0.0,False,True,0.9550571463469221
5.0,cql,traffic_aware,R1_frontier,0.3,0.3,0.8,13942.704574872541,0.047381767189748035,150000.0,4.737387757727709,3114.422597374165,10.248820919384494,13942.704574872541,0.047381767189748035,150000.0,4.737387757727709,3114.422597374165,10.248820919384494,16301.929024887533,5473.647047389157,0.015728163000099944,0.0,False,0.0,True,True,0.5689849145205107
5.0,cql,traffic_aware,R2_near_best_95,0.3,0.3,0.8,13942.704574872541,0.047381767189748035,150000.0,4.737387757727709,3114.422597374165,10.248820919384494,13942.704574872541,0.047381767189748035,150000.0,4.737387757727709,3114.422597374165,10.248820919384494,16301.929024887533,5473.647047389157,0.015728163000099944,0.0,False,0.0,True,True,0.5689849145205107
5.0,cql,traffic_aware,R3_sequential,0.3,0.3,0.8,13942.704574872541,0.047381767189748035,150000.0,4.737387757727709,3114.422597374165,10.248820919384494,13942.704574872541,0.047381767189748035,150000.0,4.737387757727709,3114.422597374165,10.248820919384494,16301.929024887533,5473.647047389157,0.015728163000099944,0.0,False,0.0,True,True,0.5689849145205107
5.0,cql,traffic_aware,R4_kink_aware,0.3,0.3,0.8,13942.704574872541,0.047381767189748035,150000.0,4.737387757727709,3114.422597374165,10.248820919384494,13942.704574872541,0.047381767189748035,150000.0,4.737387757727709,3114.422597374165,10.248820919384494,16301.929024887533,5473.647047389157,0.015728163000099944,0.0,False,0.0,True,True,0.5689849145205107
5.0,cql,traffic_aware,B_reference_cal,0.3,0.3,0.8,13942.704574872541,0.047381767189748035,150000.0,4.737387757727709,3114.422597374165,10.248820919384494,13942.704574872541,0.047381767189748035,150000.0,4.737387757727709,3114.422597374165,10.248820919384494,16301.929024887533,5473.647047389157,0.015728163000099944,0.0,False,0.0,True,True,0.5689849145205107
5.0,cql,traffic_aware,B_fixed_0.3,0.3,0.3,0.8,13942.704574872541,0.047381767189748035,150000.0,4.737387757727709,3114.422597374165,10.248820919384494,13942.704574872541,0.047381767189748035,150000.0,4.737387757727709,3114.422597374165,10.248820919384494,16301.929024887533,5473.647047389157,0.015728163000099944,0.0,False,0.0,True,True,0.5689849145205107
10.0,cql,traffic_aware,B_fixed_0.3,0.3,0.3,0.8,13942.704574872541,0.047381767189748035,150000.0,4.737387757727709,3114.422597374165,10.248820919384494,13942.704574872541,0.047381767189748035,150000.0,4.737387757727709,3114.422597374165,10.248820919384494,16301.929024887533,5473.647047389157,0.015728163000099944,0.0,False,0.0,True,True,0.5689849145205107
5.0,cql,traffic_aware,B_global_cal,0.5,0.3,0.8,15977.112261732484,0.10200343639080803,150000.0,10.199554677833708,5148.830284234107,8.416481229039283,13942.704574872541,0.047381767189748035,150000.0,4.737387757727709,3114.422597374165,10.248820919384494,16301.929024887533,5473.647047389157,0.0021654450877003303,-0.013562717912399614,True,5.199554677833708,False,True,0.9406580730648348
10.0,cql,traffic_aware,R1_frontier,0.5,0.3,0.8,15977.112261732484,0.10200343639080803,150000.0,10.199554677833708,5148.830284234107,8.416481229039283,13942.704574872541,0.047381767189748035,150000.0,4.737387757727709,3114.422597374165,10.248820919384494,16301.929024887533,5473.647047389157,0.0021654450877003303,-0.013562717912399614,True,0.19955467783370828,False,True,0.9406580730648348
10.0,cql,traffic_aware,R2_near_best_95,0.5,0.3,0.8,15977.112261732484,0.10200343639080803,150000.0,10.199554677833708,5148.830284234107,8.416481229039283,13942.704574872541,0.047381767189748035,150000.0,4.737387757727709,3114.422597374165,10.248820919384494,16301.929024887533,5473.647047389157,0.0021654450877003303,-0.013562717912399614,True,0.19955467783370828,False,True,0.9406580730648348
10.0,cql,traffic_aware,R3_sequential,0.5,0.3,0.8,15977.112261732484,0.10200343639080803,150000.0,10.199554677833708,5148.830284234107,8.416481229039283,13942.704574872541,0.047381767189748035,150000.0,4.737387757727709,3114.422597374165,10.248820919384494,16301.929024887533,5473.647047389157,0.0021654450877003303,-0.013562717912399614,True,0.19955467783370828,False,True,0.9406580730648348
10.0,cql,traffic_aware,R4_kink_aware,0.5,0.3,0.8,15977.112261732484,0.10200343639080803,150000.0,10.199554677833708,5148.830284234107,8.416481229039283,13942.704574872541,0.047381767189748035,150000.0,4.737387757727709,3114.422597374165,10.248820919384494,16301.929024887533,5473.647047389157,0.0021654450877003303,-0.013562717912399614,True,0.19955467783370828,False,True,0.9406580730648348
10.0,cql,traffic_aware,B_reference_cal,0.5,0.3,0.8,15977.112261732484,0.10200343639080803,150000.0,10.199554677833708,5148.830284234107,8.416481229039283,13942.704574872541,0.047381767189748035,150000.0,4.737387757727709,3114.422597374165,10.248820919384494,16301.929024887533,5473.647047389157,0.0021654450877003303,-0.013562717912399614,True,0.19955467783370828,False,True,0.9406580730648348
5.0,cql,traffic_aware,B_fixed_0,0.0,0.3,0.8,10828.281977498376,7.889612470947516e-06,150000.0,0.0,0.0,13.886721395311106,13942.704574872541,0.047381767189748035,150000.0,4.737387757727709,3114.422597374165,10.248820919384494,16301.929024887533,5473.647047389157,0.036490980315927714,0.020762817315827766,False,0.0,False,True,0.0
10.0,cql,traffic_aware,B_fixed_0,0.0,0.3,0.8,10828.281977498376,7.889612470947516e-06,150000.0,0.0,0.0,13.886721395311106,13942.704574872541,0.047381767189748035,150000.0,4.737387757727709,3114.422597374165,10.248820919384494,16301.929024887533,5473.647047389157,0.036490980315927714,0.020762817315827766,False,0.0,False,True,0.0
5.0,cql,traffic_aware,B_fixed_0.8,0.8,0.3,0.8,16301.929024887533,0.192891308340103,150000.0,19.28834187276321,5473.647047389157,7.4324875933144074,13942.704574872541,0.047381767189748035,150000.0,4.737387757727709,3114.422597374165,10.248820919384494,16301.929024887533,5473.647047389157,0.0,-0.015728163000099944,True,14.288341872763208,False,False,1.0
10.0,cql,traffic_aware,B_global_cal,0.8,0.3,0.8,16301.929024887533,0.192891308340103,150000.0,19.28834187276321,5473.647047389157,7.4324875933144074,13942.704574872541,0.047381767189748035,150000.0,4.737387757727709,3114.422597374165,10.248820919384494,16301.929024887533,5473.647047389157,0.0,-0.015728163000099944,True,9.288341872763208,False,False,1.0
10.0,cql,traffic_aware,B_fixed_0.8,0.8,0.3,0.8,16301.929024887533,0.192891308340103,150000.0,19.28834187276321,5473.647047389157,7.4324875933144074,13942.704574872541,0.047381767189748035,150000.0,4.737387757727709,3114.422597374165,10.248820919384494,16301.929024887533,5473.647047389157,0.0,-0.015728163000099944,True,9.288341872763208,False,False,1.0
5.0,cql,traffic_aware,B_fixed_1,1.0,0.3,0.8,16092.398301090188,0.21494934218755896,150000.0,21.4941452575088,5264.116323591812,7.319663382916434,13942.704574872541,0.047381767189748035,150000.0,4.737387757727709,3114.422597374165,10.248820919384494,16301.929024887533,5473.647047389157,0.0013968714919822985,-0.014331291508117646,True,16.4941452575088,False,False,0.961720088638655
10.0,cql,traffic_aware,B_fixed_1,1.0,0.3,0.8,16092.398301090188,0.21494934218755896,150000.0,21.4941452575088,5264.116323591812,7.319663382916434,13942.704574872541,0.047381767189748035,150000.0,4.737387757727709,3114.422597374165,10.248820919384494,16301.929024887533,5473.647047389157,0.0013968714919822985,-0.014331291508117646,True,11.494145257508801,False,False,0.961720088638655
20.0,cql,traffic_aware,B_fixed_0.3,0.3,0.8,0.8,13942.704574872541,0.047381767189748035,150000.0,4.737387757727709,3114.422597374165,10.248820919384494,16301.929024887533,0.192891308340103,150000.0,19.28834187276321,5473.647047389157,7.4324875933144074,16301.929024887533,5473.647047389157,0.015728163000099944,0.015728163000099944,False,0.0,False,False,0.5689849145205107
20.0,cql,traffic_aware,B_fixed_0,0.0,0.8,0.8,10828.281977498376,7.889612470947516e-06,150000.0,0.0,0.0,13.886721395311106,16301.929024887533,0.192891308340103,150000.0,19.28834187276321,5473.647047389157,7.4324875933144074,16301.929024887533,5473.647047389157,0.036490980315927714,0.036490980315927714,False,0.0,False,False,0.0
20.0,cql,traffic_aware,R1_frontier,0.8,0.8,0.8,16301.929024887533,0.192891308340103,150000.0,19.28834187276321,5473.647047389157,7.4324875933144074,16301.929024887533,0.192891308340103,150000.0,19.28834187276321,5473.647047389157,7.4324875933144074,16301.929024887533,5473.647047389157,0.0,0.0,False,0.0,True,True,1.0
20.0,cql,traffic_aware,R2_near_best_95,0.8,0.8,0.8,16301.929024887533,0.192891308340103,150000.0,19.28834187276321,5473.647047389157,7.4324875933144074,16301.929024887533,0.192891308340103,150000.0,19.28834187276321,5473.647047389157,7.4324875933144074,16301.929024887533,5473.647047389157,0.0,0.0,False,0.0,True,True,1.0
20.0,cql,traffic_aware,R3_sequential,0.8,0.8,0.8,16301.929024887533,0.192891308340103,150000.0,19.28834187276321,5473.647047389157,7.4324875933144074,16301.929024887533,0.192891308340103,150000.0,19.28834187276321,5473.647047389157,7.4324875933144074,16301.929024887533,5473.647047389157,0.0,0.0,False,0.0,True,True,1.0
20.0,cql,traffic_aware,R4_kink_aware,0.8,0.8,0.8,16301.929024887533,0.192891308340103,150000.0,19.28834187276321,5473.647047389157,7.4324875933144074,16301.929024887533,0.192891308340103,150000.0,19.28834187276321,5473.647047389157,7.4324875933144074,16301.929024887533,5473.647047389157,0.0,0.0,False,0.0,True,True,1.0
20.0,cql,traffic_aware,B_global_cal,0.8,0.8,0.8,16301.929024887533,0.192891308340103,150000.0,19.28834187276321,5473.647047389157,7.4324875933144074,16301.929024887533,0.192891308340103,150000.0,19.28834187276321,5473.647047389157,7.4324875933144074,16301.929024887533,5473.647047389157,0.0,0.0,False,0.0,True,True,1.0
20.0,cql,traffic_aware,B_reference_cal,0.8,0.8,0.8,16301.929024887533,0.192891308340103,150000.0,19.28834187276321,5473.647047389157,7.4324875933144074,16301.929024887533,0.192891308340103,150000.0,19.28834187276321,5473.647047389157,7.4324875933144074,16301.929024887533,5473.647047389157,0.0,0.0,False,0.0,True,True,1.0
20.0,cql,traffic_aware,B_fixed_0.8,0.8,0.8,0.8,16301.929024887533,0.192891308340103,150000.0,19.28834187276321,5473.647047389157,7.4324875933144074,16301.929024887533,0.192891308340103,150000.0,19.28834187276321,5473.647047389157,7.4324875933144074,16301.929024887533,5473.647047389157,0.0,0.0,False,0.0,True,True,1.0
20.0,cql,traffic_aware,B_fixed_1,1.0,0.8,0.8,16092.398301090188,0.21494934218755896,150000.0,21.4941452575088,5264.116323591812,7.319663382916434,16301.929024887533,0.192891308340103,150000.0,19.28834187276321,5473.647047389157,7.4324875933144074,16301.929024887533,5473.647047389157,0.0013968714919822985,0.0013968714919822985,True,1.4941452575088014,False,True,0.961720088638655
5.0,dt,dual,R1_frontier,0.5,0.5,0.8,11367.357731435897,0.010405694376926688,150000.0,0.9046395186525338,419.25616948373863,13.081894637161293,11367.357731435897,0.010405694376926688,150000.0,0.9046395186525338,419.25616948373863,13.081894637161293,13120.912497317235,2172.810935365076,0.011690365105875584,0.0,False,0.0,True,True,0.1929556606420959
5.0,dt,dual,R2_near_best_95,0.5,0.5,0.8,11367.357731435897,0.010405694376926688,150000.0,0.9046395186525338,419.25616948373863,13.081894637161293,11367.357731435897,0.010405694376926688,150000.0,0.9046395186525338,419.25616948373863,13.081894637161293,13120.912497317235,2172.810935365076,0.011690365105875584,0.0,False,0.0,True,True,0.1929556606420959
5.0,dt,dual,R3_sequential,0.5,0.5,0.8,11367.357731435897,0.010405694376926688,150000.0,0.9046395186525338,419.25616948373863,13.081894637161293,11367.357731435897,0.010405694376926688,150000.0,0.9046395186525338,419.25616948373863,13.081894637161293,13120.912497317235,2172.810935365076,0.011690365105875584,0.0,False,0.0,True,True,0.1929556606420959
5.0,dt,dual,R4_kink_aware,0.5,0.5,0.8,11367.357731435897,0.010405694376926688,150000.0,0.9046395186525338,419.25616948373863,13.081894637161293,11367.357731435897,0.010405694376926688,150000.0,0.9046395186525338,419.25616948373863,13.081894637161293,13120.912497317235,2172.810935365076,0.011690365105875584,0.0,False,0.0,True,True,0.1929556606420959
5.0,dt,dual,B_global_cal,0.5,0.5,0.8,11367.357731435897,0.010405694376926688,150000.0,0.9046395186525338,419.25616948373863,13.081894637161293,11367.357731435897,0.010405694376926688,150000.0,0.9046395186525338,419.25616948373863,13.081894637161293,13120.912497317235,2172.810935365076,0.011690365105875584,0.0,False,0.0,True,True,0.1929556606420959
5.0,dt,dual,B_reference_cal,0.5,0.5,0.8,11367.357731435897,0.010405694376926688,150000.0,0.9046395186525338,419.25616948373863,13.081894637161293,11367.357731435897,0.010405694376926688,150000.0,0.9046395186525338,419.25616948373863,13.081894637161293,13120.912497317235,2172.810935365076,0.011690365105875584,0.0,False,0.0,True,True,0.1929556606420959
5.0,dt,dual,B_fixed_0,0.0,0.5,0.8,10948.101561952159,0.00135929919040135,150000.0,0.0,0.0,13.710155873381062,11367.357731435897,0.010405694376926688,150000.0,0.9046395186525338,419.25616948373863,13.081894637161293,13120.912497317235,2172.810935365076,0.014485406235767174,0.002795041129891591,False,0.0,False,False,0.0
5.0,dt,dual,B_fixed_0.3,0.3,0.5,0.8,10712.336562007446,0.003937766800983737,150000.0,0.2578467610582387,-235.76499994471305,13.975239072125303,11367.357731435897,0.010405694376926688,150000.0,0.9046395186525338,419.25616948373863,13.081894637161293,13120.912497317235,2172.810935365076,0.01605717290206526,0.004366807796189678,False,0.0,False,True,-0.10850690969350252
5.0,dt,dual,B_fixed_0.8,0.8,0.5,0.8,13120.912497317235,0.08849088601977131,150000.0,8.713158682936996,2172.810935365076,10.401922072794875,11367.357731435897,0.010405694376926688,150000.0,0.9046395186525338,419.25616948373863,13.081894637161293,13120.912497317235,2172.810935365076,0.0,-0.011690365105875584,True,3.713158682936996,False,True,1.0
5.0,dt,dual,B_fixed_1,1.0,0.5,0.8,9883.878455709306,0.4314828951213114,150000.0,43.012359593091006,-1064.2231062428527,8.627590201257496,11367.357731435897,0.010405694376926688,150000.0,0.9046395186525338,419.25616948373863,13.081894637161293,13120.912497317235,2172.810935365076,0.021580226944052858,0.009889861838177276,True,38.012359593091006,False,False,-0.4897909380523445
10.0,dt,dual,R1_frontier,0.5,0.8,0.8,11367.357731435897,0.010405694376926688,150000.0,0.9046395186525338,419.25616948373863,13.081894637161293,13120.912497317235,0.08849088601977131,150000.0,8.713158682936996,2172.810935365076,10.401922072794875,13120.912497317235,2172.810935365076,0.011690365105875584,0.011690365105875584,False,0.0,False,True,0.1929556606420959
10.0,dt,dual,R2_near_best_95,0.5,0.8,0.8,11367.357731435897,0.010405694376926688,150000.0,0.9046395186525338,419.25616948373863,13.081894637161293,13120.912497317235,0.08849088601977131,150000.0,8.713158682936996,2172.810935365076,10.401922072794875,13120.912497317235,2172.810935365076,0.011690365105875584,0.011690365105875584,False,0.0,False,True,0.1929556606420959
10.0,dt,dual,R3_sequential,0.5,0.8,0.8,11367.357731435897,0.010405694376926688,150000.0,0.9046395186525338,419.25616948373863,13.081894637161293,13120.912497317235,0.08849088601977131,150000.0,8.713158682936996,2172.810935365076,10.401922072794875,13120.912497317235,2172.810935365076,0.011690365105875584,0.011690365105875584,False,0.0,False,True,0.1929556606420959
10.0,dt,dual,R4_kink_aware,0.5,0.8,0.8,11367.357731435897,0.010405694376926688,150000.0,0.9046395186525338,419.25616948373863,13.081894637161293,13120.912497317235,0.08849088601977131,150000.0,8.713158682936996,2172.810935365076,10.401922072794875,13120.912497317235,2172.810935365076,0.011690365105875584,0.011690365105875584,False,0.0,False,True,0.1929556606420959
20.0,dt,dual,R1_frontier,0.5,0.8,0.8,11367.357731435897,0.010405694376926688,150000.0,0.9046395186525338,419.25616948373863,13.081894637161293,13120.912497317235,0.08849088601977131,150000.0,8.713158682936996,2172.810935365076,10.401922072794875,13120.912497317235,2172.810935365076,0.011690365105875584,0.011690365105875584,False,0.0,False,True,0.1929556606420959
20.0,dt,dual,R2_near_best_95,0.5,0.8,0.8,11367.357731435897,0.010405694376926688,150000.0,0.9046395186525338,419.25616948373863,13.081894637161293,13120.912497317235,0.08849088601977131,150000.0,8.713158682936996,2172.810935365076,10.401922072794875,13120.912497317235,2172.810935365076,0.011690365105875584,0.011690365105875584,False,0.0,False,True,0.1929556606420959
20.0,dt,dual,R3_sequential,0.5,0.8,0.8,11367.357731435897,0.010405694376926688,150000.0,0.9046395186525338,419.25616948373863,13.081894637161293,13120.912497317235,0.08849088601977131,150000.0,8.713158682936996,2172.810935365076,10.401922072794875,13120.912497317235,2172.810935365076,0.011690365105875584,0.011690365105875584,False,0.0,False,True,0.1929556606420959
20.0,dt,dual,R4_kink_aware,0.5,0.8,0.8,11367.357731435897,0.010405694376926688,150000.0,0.9046395186525338,419.25616948373863,13.081894637161293,13120.912497317235,0.08849088601977131,150000.0,8.713158682936996,2172.810935365076,10.401922072794875,13120.912497317235,2172.810935365076,0.011690365105875584,0.011690365105875584,False,0.0,False,True,0.1929556606420959
10.0,dt,dual,B_fixed_0,0.0,0.8,0.8,10948.101561952159,0.00135929919040135,150000.0,0.0,0.0,13.710155873381062,13120.912497317235,0.08849088601977131,150000.0,8.713158682936996,2172.810935365076,10.401922072794875,13120.912497317235,2172.810935365076,0.014485406235767174,0.014485406235767174,False,0.0,False,False,0.0
20.0,dt,dual,B_fixed_0,0.0,0.8,0.8,10948.101561952159,0.00135929919040135,150000.0,0.0,0.0,13.710155873381062,13120.912497317235,0.08849088601977131,150000.0,8.713158682936996,2172.810935365076,10.401922072794875,13120.912497317235,2172.810935365076,0.014485406235767174,0.014485406235767174,False,0.0,False,False,0.0
10.0,dt,dual,B_fixed_0.3,0.3,0.8,0.8,10712.336562007446,0.003937766800983737,150000.0,0.2578467610582387,-235.76499994471305,13.975239072125303,13120.912497317235,0.08849088601977131,150000.0,8.713158682936996,2172.810935365076,10.401922072794875,13120.912497317235,2172.810935365076,0.01605717290206526,0.01605717290206526,False,0.0,False,False,-0.10850690969350252
20.0,dt,dual,B_fixed_0.3,0.3,0.8,0.8,10712.336562007446,0.003937766800983737,150000.0,0.2578467610582387,-235.76499994471305,13.975239072125303,13120.912497317235,0.08849088601977131,150000.0,8.713158682936996,2172.810935365076,10.401922072794875,13120.912497317235,2172.810935365076,0.01605717290206526,0.01605717290206526,False,0.0,False,False,-0.10850690969350252
10.0,dt,dual,B_global_cal,0.8,0.8,0.8,13120.912497317235,0.08849088601977131,150000.0,8.713158682936996,2172.810935365076,10.401922072794875,13120.912497317235,0.08849088601977131,150000.0,8.713158682936996,2172.810935365076,10.401922072794875,13120.912497317235,2172.810935365076,0.0,0.0,False,0.0,True,True,1.0
10.0,dt,dual,B_reference_cal,0.8,0.8,0.8,13120.912497317235,0.08849088601977131,150000.0,8.713158682936996,2172.810935365076,10.401922072794875,13120.912497317235,0.08849088601977131,150000.0,8.713158682936996,2172.810935365076,10.401922072794875,13120.912497317235,2172.810935365076,0.0,0.0,False,0.0,True,True,1.0
10.0,dt,dual,B_fixed_0.8,0.8,0.8,0.8,13120.912497317235,0.08849088601977131,150000.0,8.713158682936996,2172.810935365076,10.401922072794875,13120.912497317235,0.08849088601977131,150000.0,8.713158682936996,2172.810935365076,10.401922072794875,13120.912497317235,2172.810935365076,0.0,0.0,False,0.0,True,True,1.0
20.0,dt,dual,B_global_cal,0.8,0.8,0.8,13120.912497317235,0.08849088601977131,150000.0,8.713158682936996,2172.810935365076,10.401922072794875,13120.912497317235,0.08849088601977131,150000.0,8.713158682936996,2172.810935365076,10.401922072794875,13120.912497317235,2172.810935365076,0.0,0.0,False,0.0,True,True,1.0
20.0,dt,dual,B_reference_cal,0.8,0.8,0.8,13120.912497317235,0.08849088601977131,150000.0,8.713158682936996,2172.810935365076,10.401922072794875,13120.912497317235,0.08849088601977131,150000.0,8.713158682936996,2172.810935365076,10.401922072794875,13120.912497317235,2172.810935365076,0.0,0.0,False,0.0,True,True,1.0
20.0,dt,dual,B_fixed_0.8,0.8,0.8,0.8,13120.912497317235,0.08849088601977131,150000.0,8.713158682936996,2172.810935365076,10.401922072794875,13120.912497317235,0.08849088601977131,150000.0,8.713158682936996,2172.810935365076,10.401922072794875,13120.912497317235,2172.810935365076,0.0,0.0,False,0.0,True,True,1.0
10.0,dt,dual,B_fixed_1,1.0,0.8,0.8,9883.878455709306,0.4314828951213114,150000.0,43.012359593091006,-1064.2231062428527,8.627590201257496,13120.912497317235,0.08849088601977131,150000.0,8.713158682936996,2172.810935365076,10.401922072794875,13120.912497317235,2172.810935365076,0.021580226944052858,0.021580226944052858,True,33.012359593091006,False,True,-0.4897909380523445
20.0,dt,dual,B_fixed_1,1.0,0.8,0.8,9883.878455709306,0.4314828951213114,150000.0,43.012359593091006,-1064.2231062428527,8.627590201257496,13120.912497317235,0.08849088601977131,150000.0,8.713158682936996,2172.810935365076,10.401922072794875,13120.912497317235,2172.810935365076,0.021580226944052858,0.021580226944052858,True,23.012359593091006,False,True,-0.4897909380523445
5.0,dt,pid,R1_frontier,0.0,0.3,0.3,12687.987945070176,0.04422256557263805,150000.0,0.0,0.0,11.290656192489966,13276.48699069857,0.05280343080805571,150000.0,0.8580865235417657,588.499045628394,10.63717564587364,13276.48699069857,588.499045628394,0.00392332697085596,0.00392332697085596,False,0.0,False,True,0.0
5.0,dt,pid,R2_near_best_95,0.0,0.3,0.3,12687.987945070176,0.04422256557263805,150000.0,0.0,0.0,11.290656192489966,13276.48699069857,0.05280343080805571,150000.0,0.8580865235417657,588.499045628394,10.63717564587364,13276.48699069857,588.499045628394,0.00392332697085596,0.00392332697085596,False,0.0,False,True,0.0
5.0,dt,pid,R3_sequential,0.0,0.3,0.3,12687.987945070176,0.04422256557263805,150000.0,0.0,0.0,11.290656192489966,13276.48699069857,0.05280343080805571,150000.0,0.8580865235417657,588.499045628394,10.63717564587364,13276.48699069857,588.499045628394,0.00392332697085596,0.00392332697085596,False,0.0,False,True,0.0
5.0,dt,pid,R4_kink_aware,0.0,0.3,0.3,12687.987945070176,0.04422256557263805,150000.0,0.0,0.0,11.290656192489966,13276.48699069857,0.05280343080805571,150000.0,0.8580865235417657,588.499045628394,10.63717564587364,13276.48699069857,588.499045628394,0.00392332697085596,0.00392332697085596,False,0.0,False,True,0.0
5.0,dt,pid,B_fixed_0,0.0,0.3,0.3,12687.987945070176,0.04422256557263805,150000.0,0.0,0.0,11.290656192489966,13276.48699069857,0.05280343080805571,150000.0,0.8580865235417657,588.499045628394,10.63717564587364,13276.48699069857,588.499045628394,0.00392332697085596,0.00392332697085596,False,0.0,False,True,0.0
10.0,dt,pid,R3_sequential,0.0,0.3,0.3,12687.987945070176,0.04422256557263805,150000.0,0.0,0.0,11.290656192489966,13276.48699069857,0.05280343080805571,150000.0,0.8580865235417657,588.499045628394,10.63717564587364,13276.48699069857,588.499045628394,0.00392332697085596,0.00392332697085596,False,0.0,False,True,0.0
10.0,dt,pid,B_fixed_0,0.0,0.3,0.3,12687.987945070176,0.04422256557263805,150000.0,0.0,0.0,11.290656192489966,13276.48699069857,0.05280343080805571,150000.0,0.8580865235417657,588.499045628394,10.63717564587364,13276.48699069857,588.499045628394,0.00392332697085596,0.00392332697085596,False,0.0,False,True,0.0
20.0,dt,pid,R3_sequential,0.0,0.3,0.3,12687.987945070176,0.04422256557263805,150000.0,0.0,0.0,11.290656192489966,13276.48699069857,0.05280343080805571,150000.0,0.8580865235417657,588.499045628394,10.63717564587364,13276.48699069857,588.499045628394,0.00392332697085596,0.00392332697085596,False,0.0,False,True,0.0
20.0,dt,pid,B_fixed_0,0.0,0.3,0.3,12687.987945070176,0.04422256557263805,150000.0,0.0,0.0,11.290656192489966,13276.48699069857,0.05280343080805571,150000.0,0.8580865235417657,588.499045628394,10.63717564587364,13276.48699069857,588.499045628394,0.00392332697085596,0.00392332697085596,False,0.0,False,True,0.0
5.0,dt,pid,B_global_cal,0.5,0.3,0.3,13154.395762358758,0.11169781774002996,150000.0,6.747525216739191,466.407817288582,10.099912172318785,13276.48699069857,0.05280343080805571,150000.0,0.8580865235417657,588.499045628394,10.63717564587364,13276.48699069857,588.499045628394,0.0008139415222654134,0.0008139415222654134,True,1.7475252167391906,False,True,0.7925379331593578
5.0,dt,pid,B_reference_cal,0.5,0.3,0.3,13154.395762358758,0.11169781774002996,150000.0,6.747525216739191,466.407817288582,10.099912172318785,13276.48699069857,0.05280343080805571,150000.0,0.8580865235417657,588.499045628394,10.63717564587364,13276.48699069857,588.499045628394,0.0008139415222654134,0.0008139415222654134,True,1.7475252167391906,False,True,0.7925379331593578
10.0,dt,pid,R1_frontier,0.5,0.3,0.3,13154.395762358758,0.11169781774002996,150000.0,6.747525216739191,466.407817288582,10.099912172318785,13276.48699069857,0.05280343080805571,150000.0,0.8580865235417657,588.499045628394,10.63717564587364,13276.48699069857,588.499045628394,0.0008139415222654134,0.0008139415222654134,False,0.0,False,True,0.7925379331593578
10.0,dt,pid,R2_near_best_95,0.5,0.3,0.3,13154.395762358758,0.11169781774002996,150000.0,6.747525216739191,466.407817288582,10.099912172318785,13276.48699069857,0.05280343080805571,150000.0,0.8580865235417657,588.499045628394,10.63717564587364,13276.48699069857,588.499045628394,0.0008139415222654134,0.0008139415222654134,False,0.0,False,True,0.7925379331593578
10.0,dt,pid,R4_kink_aware,0.5,0.3,0.3,13154.395762358758,0.11169781774002996,150000.0,6.747525216739191,466.407817288582,10.099912172318785,13276.48699069857,0.05280343080805571,150000.0,0.8580865235417657,588.499045628394,10.63717564587364,13276.48699069857,588.499045628394,0.0008139415222654134,0.0008139415222654134,False,0.0,False,True,0.7925379331593578
5.0,dt,pid,B_fixed_0.3,0.3,0.3,0.3,13276.48699069857,0.05280343080805571,150000.0,0.8580865235417657,588.499045628394,10.63717564587364,13276.48699069857,0.05280343080805571,150000.0,0.8580865235417657,588.499045628394,10.63717564587364,13276.48699069857,588.499045628394,0.0,0.0,False,0.0,True,True,1.0
10.0,dt,pid,B_fixed_0.3,0.3,0.3,0.3,13276.48699069857,0.05280343080805571,150000.0,0.8580865235417657,588.499045628394,10.63717564587364,13276.48699069857,0.05280343080805571,150000.0,0.8580865235417657,588.499045628394,10.63717564587364,13276.48699069857,588.499045628394,0.0,0.0,False,0.0,True,True,1.0
20.0,dt,pid,B_fixed_0.3,0.3,0.3,0.3,13276.48699069857,0.05280343080805571,150000.0,0.8580865235417657,588.499045628394,10.63717564587364,13276.48699069857,0.05280343080805571,150000.0,0.8580865235417657,588.499045628394,10.63717564587364,13276.48699069857,588.499045628394,0.0,0.0,False,0.0,True,True,1.0
5.0,dt,pid,B_fixed_0.8,0.8,0.3,0.3,12806.804524826583,0.2562086762487428,150000.0,21.19861106761047,118.81657975640701,8.695692989232768,13276.48699069857,0.05280343080805571,150000.0,0.8580865235417657,588.499045628394,10.63717564587364,13276.48699069857,588.499045628394,0.0031312164391465802,0.0031312164391465802,True,16.19861106761047,False,False,0.20189765920441846
10.0,dt,pid,B_global_cal,0.8,0.3,0.3,12806.804524826583,0.2562086762487428,150000.0,21.19861106761047,118.81657975640701,8.695692989232768,13276.48699069857,0.05280343080805571,150000.0,0.8580865235417657,588.499045628394,10.63717564587364,13276.48699069857,588.499045628394,0.0031312164391465802,0.0031312164391465802,True,11.198611067610472,False,False,0.20189765920441846
10.0,dt,pid,B_reference_cal,0.8,0.3,0.3,12806.804524826583,0.2562086762487428,150000.0,21.19861106761047,118.81657975640701,8.695692989232768,13276.48699069857,0.05280343080805571,150000.0,0.8580865235417657,588.499045628394,10.63717564587364,13276.48699069857,588.499045628394,0.0031312164391465802,0.0031312164391465802,True,11.198611067610472,False,False,0.20189765920441846
10.0,dt,pid,B_fixed_0.8,0.8,0.3,0.3,12806.804524826583,0.2562086762487428,150000.0,21.19861106761047,118.81657975640701,8.695692989232768,13276.48699069857,0.05280343080805571,150000.0,0.8580865235417657,588.499045628394,10.63717564587364,13276.48699069857,588.499045628394,0.0031312164391465802,0.0031312164391465802,True,11.198611067610472,False,False,0.20189765920441846
20.0,dt,pid,R1_frontier,0.8,0.3,0.3,12806.804524826583,0.2562086762487428,150000.0,21.19861106761047,118.81657975640701,8.695692989232768,13276.48699069857,0.05280343080805571,150000.0,0.8580865235417657,588.499045628394,10.63717564587364,13276.48699069857,588.499045628394,0.0031312164391465802,0.0031312164391465802,True,1.1986110676104715,False,False,0.20189765920441846
20.0,dt,pid,R2_near_best_95,0.8,0.3,0.3,12806.804524826583,0.2562086762487428,150000.0,21.19861106761047,118.81657975640701,8.695692989232768,13276.48699069857,0.05280343080805571,150000.0,0.8580865235417657,588.499045628394,10.63717564587364,13276.48699069857,588.499045628394,0.0031312164391465802,0.0031312164391465802,True,1.1986110676104715,False,False,0.20189765920441846
20.0,dt,pid,R4_kink_aware,0.8,0.3,0.3,12806.804524826583,0.2562086762487428,150000.0,21.19861106761047,118.81657975640701,8.695692989232768,13276.48699069857,0.05280343080805571,150000.0,0.8580865235417657,588.499045628394,10.63717564587364,13276.48699069857,588.499045628394,0.0031312164391465802,0.0031312164391465802,True,1.1986110676104715,False,False,0.20189765920441846
20.0,dt,pid,B_global_cal,0.8,0.3,0.3,12806.804524826583,0.2562086762487428,150000.0,21.19861106761047,118.81657975640701,8.695692989232768,13276.48699069857,0.05280343080805571,150000.0,0.8580865235417657,588.499045628394,10.63717564587364,13276.48699069857,588.499045628394,0.0031312164391465802,0.0031312164391465802,True,1.1986110676104715,False,False,0.20189765920441846
20.0,dt,pid,B_reference_cal,0.8,0.3,0.3,12806.804524826583,0.2562086762487428,150000.0,21.19861106761047,118.81657975640701,8.695692989232768,13276.48699069857,0.05280343080805571,150000.0,0.8580865235417657,588.499045628394,10.63717564587364,13276.48699069857,588.499045628394,0.0031312164391465802,0.0031312164391465802,True,1.1986110676104715,False,False,0.20189765920441846
20.0,dt,pid,B_fixed_0.8,0.8,0.3,0.3,12806.804524826583,0.2562086762487428,150000.0,21.19861106761047,118.81657975640701,8.695692989232768,13276.48699069857,0.05280343080805571,150000.0,0.8580865235417657,588.499045628394,10.63717564587364,13276.48699069857,588.499045628394,0.0031312164391465802,0.0031312164391465802,True,1.1986110676104715,False,False,0.20189765920441846
5.0,dt,pid,B_fixed_1,1.0,0.3,0.3,11376.989796303218,0.3603016705889342,150000.0,31.607910501629615,-1310.9981487669575,8.43152857826231,13276.48699069857,0.05280343080805571,150000.0,0.8580865235417657,588.499045628394,10.63717564587364,13276.48699069857,588.499045628394,0.012663314629302343,0.012663314629302343,True,26.607910501629615,False,False,-2.2276980030903624
10.0,dt,pid,B_fixed_1,1.0,0.3,0.3,11376.989796303218,0.3603016705889342,150000.0,31.607910501629615,-1310.9981487669575,8.43152857826231,13276.48699069857,0.05280343080805571,150000.0,0.8580865235417657,588.499045628394,10.63717564587364,13276.48699069857,588.499045628394,0.012663314629302343,0.012663314629302343,True,21.607910501629615,False,False,-2.2276980030903624
20.0,dt,pid,B_fixed_1,1.0,0.3,0.3,11376.989796303218,0.3603016705889342,150000.0,31.607910501629615,-1310.9981487669575,8.43152857826231,13276.48699069857,0.05280343080805571,150000.0,0.8580865235417657,588.499045628394,10.63717564587364,13276.48699069857,588.499045628394,0.012663314629302343,0.012663314629302343,True,11.607910501629615,False,False,-2.2276980030903624
5.0,dt,traffic_aware,R1_frontier,0.5,0.3,0.5,14860.338696424405,0.06879070495663261,150000.0,6.878281534416167,4032.056718926029,9.393485659419554,13468.832037951415,0.028268794996390668,150000.0,2.826090538391972,2640.550060453039,10.805846419556419,14860.338696424405,4032.056718926029,0.0,-0.009276711056486602,True,1.8782815344161667,False,True,1.0
5.0,dt,traffic_aware,R2_near_best_95,0.5,0.3,0.5,14860.338696424405,0.06879070495663261,150000.0,6.878281534416167,4032.056718926029,9.393485659419554,13468.832037951415,0.028268794996390668,150000.0,2.826090538391972,2640.550060453039,10.805846419556419,14860.338696424405,4032.056718926029,0.0,-0.009276711056486602,True,1.8782815344161667,False,True,1.0
5.0,dt,traffic_aware,R3_sequential,0.5,0.3,0.5,14860.338696424405,0.06879070495663261,150000.0,6.878281534416167,4032.056718926029,9.393485659419554,13468.832037951415,0.028268794996390668,150000.0,2.826090538391972,2640.550060453039,10.805846419556419,14860.338696424405,4032.056718926029,0.0,-0.009276711056486602,True,1.8782815344161667,False,True,1.0
5.0,dt,traffic_aware,R4_kink_aware,0.5,0.3,0.5,14860.338696424405,0.06879070495663261,150000.0,6.878281534416167,4032.056718926029,9.393485659419554,13468.832037951415,0.028268794996390668,150000.0,2.826090538391972,2640.550060453039,10.805846419556419,14860.338696424405,4032.056718926029,0.0,-0.009276711056486602,True,1.8782815344161667,False,True,1.0
5.0,dt,traffic_aware,B_global_cal,0.5,0.3,0.5,14860.338696424405,0.06879070495663261,150000.0,6.878281534416167,4032.056718926029,9.393485659419554,13468.832037951415,0.028268794996390668,150000.0,2.826090538391972,2640.550060453039,10.805846419556419,14860.338696424405,4032.056718926029,0.0,-0.009276711056486602,True,1.8782815344161667,False,True,1.0
5.0,dt,traffic_aware,B_reference_cal,0.3,0.3,0.5,13468.832037951415,0.028268794996390668,150000.0,2.826090538391972,2640.550060453039,10.805846419556419,13468.832037951415,0.028268794996390668,150000.0,2.826090538391972,2640.550060453039,10.805846419556419,14860.338696424405,4032.056718926029,0.009276711056486602,0.0,False,0.0,True,True,0.654889116033162
5.0,dt,traffic_aware,B_fixed_0.3,0.3,0.3,0.5,13468.832037951415,0.028268794996390668,150000.0,2.826090538391972,2640.550060453039,10.805846419556419,13468.832037951415,0.028268794996390668,150000.0,2.826090538391972,2640.550060453039,10.805846419556419,14860.338696424405,4032.056718926029,0.009276711056486602,0.0,False,0.0,True,True,0.654889116033162
5.0,dt,traffic_aware,B_fixed_0,0.0,0.3,0.5,10828.281977498376,7.889612470947516e-06,150000.0,0.0,0.0,13.886721395311106,13468.832037951415,0.028268794996390668,150000.0,2.826090538391972,2640.550060453039,10.805846419556419,14860.338696424405,4032.056718926029,0.026880378126173526,0.017603667069686926,False,0.0,False,True,0.0
5.0,dt,traffic_aware,B_fixed_0.8,0.8,0.3,0.5,13487.297486805117,0.21391031704920443,150000.0,21.390242743673348,2659.0155093067406,8.759451527881255,13468.832037951415,0.028268794996390668,150000.0,2.826090538391972,2640.550060453039,10.805846419556419,14860.338696424405,4032.056718926029,0.00915360806412859,-0.00012310299235801116,True,16.390242743673348,False,False,0.6594687760282774
5.0,dt,traffic_aware,B_fixed_1,1.0,0.3,0.5,12988.848933943424,0.255257160820427,150000.0,25.524927120795603,2160.5669564450473,8.611409225887371,13468.832037951415,0.028268794996390668,150000.0,2.826090538391972,2640.550060453039,10.805846419556419,14860.338696424405,4032.056718926029,0.01247659841653988,0.0031998873600532778,True,20.524927120795603,False,False,0.5358473620431936
10.0,dt,traffic_aware,R1_frontier,0.5,0.5,0.5,14860.338696424405,0.06879070495663261,150000.0,6.878281534416167,4032.056718926029,9.393485659419554,14860.338696424405,0.06879070495663261,150000.0,6.878281534416167,4032.056718926029,9.393485659419554,14860.338696424405,4032.056718926029,0.0,0.0,False,0.0,True,True,1.0
10.0,dt,traffic_aware,R2_near_best_95,0.5,0.5,0.5,14860.338696424405,0.06879070495663261,150000.0,6.878281534416167,4032.056718926029,9.393485659419554,14860.338696424405,0.06879070495663261,150000.0,6.878281534416167,4032.056718926029,9.393485659419554,14860.338696424405,4032.056718926029,0.0,0.0,False,0.0,True,True,1.0
10.0,dt,traffic_aware,R3_sequential,0.5,0.5,0.5,14860.338696424405,0.06879070495663261,150000.0,6.878281534416167,4032.056718926029,9.393485659419554,14860.338696424405,0.06879070495663261,150000.0,6.878281534416167,4032.056718926029,9.393485659419554,14860.338696424405,4032.056718926029,0.0,0.0,False,0.0,True,True,1.0
10.0,dt,traffic_aware,R4_kink_aware,0.5,0.5,0.5,14860.338696424405,0.06879070495663261,150000.0,6.878281534416167,4032.056718926029,9.393485659419554,14860.338696424405,0.06879070495663261,150000.0,6.878281534416167,4032.056718926029,9.393485659419554,14860.338696424405,4032.056718926029,0.0,0.0,False,0.0,True,True,1.0
10.0,dt,traffic_aware,B_reference_cal,0.5,0.5,0.5,14860.338696424405,0.06879070495663261,150000.0,6.878281534416167,4032.056718926029,9.393485659419554,14860.338696424405,0.06879070495663261,150000.0,6.878281534416167,4032.056718926029,9.393485659419554,14860.338696424405,4032.056718926029,0.0,0.0,False,0.0,True,True,1.0
20.0,dt,traffic_aware,R1_frontier,0.5,0.5,0.5,14860.338696424405,0.06879070495663261,150000.0,6.878281534416167,4032.056718926029,9.393485659419554,14860.338696424405,0.06879070495663261,150000.0,6.878281534416167,4032.056718926029,9.393485659419554,14860.338696424405,4032.056718926029,0.0,0.0,False,0.0,True,True,1.0
20.0,dt,traffic_aware,R2_near_best_95,0.5,0.5,0.5,14860.338696424405,0.06879070495663261,150000.0,6.878281534416167,4032.056718926029,9.393485659419554,14860.338696424405,0.06879070495663261,150000.0,6.878281534416167,4032.056718926029,9.393485659419554,14860.338696424405,4032.056718926029,0.0,0.0,False,0.0,True,True,1.0
20.0,dt,traffic_aware,R3_sequential,0.5,0.5,0.5,14860.338696424405,0.06879070495663261,150000.0,6.878281534416167,4032.056718926029,9.393485659419554,14860.338696424405,0.06879070495663261,150000.0,6.878281534416167,4032.056718926029,9.393485659419554,14860.338696424405,4032.056718926029,0.0,0.0,False,0.0,True,True,1.0
20.0,dt,traffic_aware,R4_kink_aware,0.5,0.5,0.5,14860.338696424405,0.06879070495663261,150000.0,6.878281534416167,4032.056718926029,9.393485659419554,14860.338696424405,0.06879070495663261,150000.0,6.878281534416167,4032.056718926029,9.393485659419554,14860.338696424405,4032.056718926029,0.0,0.0,False,0.0,True,True,1.0
10.0,dt,traffic_aware,B_fixed_0.3,0.3,0.5,0.5,13468.832037951415,0.028268794996390668,150000.0,2.826090538391972,2640.550060453039,10.805846419556419,14860.338696424405,0.06879070495663261,150000.0,6.878281534416167,4032.056718926029,9.393485659419554,14860.338696424405,4032.056718926029,0.009276711056486602,0.009276711056486602,False,0.0,False,True,0.654889116033162
20.0,dt,traffic_aware,B_fixed_0.3,0.3,0.5,0.5,13468.832037951415,0.028268794996390668,150000.0,2.826090538391972,2640.550060453039,10.805846419556419,14860.338696424405,0.06879070495663261,150000.0,6.878281534416167,4032.056718926029,9.393485659419554,14860.338696424405,4032.056718926029,0.009276711056486602,0.009276711056486602,False,0.0,False,True,0.654889116033162
10.0,dt,traffic_aware,B_fixed_0,0.0,0.5,0.5,10828.281977498376,7.889612470947516e-06,150000.0,0.0,0.0,13.886721395311106,14860.338696424405,0.06879070495663261,150000.0,6.878281534416167,4032.056718926029,9.393485659419554,14860.338696424405,4032.056718926029,0.026880378126173526,0.026880378126173526,False,0.0,False,False,0.0
20.0,dt,traffic_aware,B_fixed_0,0.0,0.5,0.5,10828.281977498376,7.889612470947516e-06,150000.0,0.0,0.0,13.886721395311106,14860.338696424405,0.06879070495663261,150000.0,6.878281534416167,4032.056718926029,9.393485659419554,14860.338696424405,4032.056718926029,0.026880378126173526,0.026880378126173526,False,0.0,False,False,0.0
10.0,dt,traffic_aware,B_global_cal,0.8,0.5,0.5,13487.297486805117,0.21391031704920443,150000.0,21.390242743673348,2659.0155093067406,8.759451527881255,14860.338696424405,0.06879070495663261,150000.0,6.878281534416167,4032.056718926029,9.393485659419554,14860.338696424405,4032.056718926029,0.00915360806412859,0.00915360806412859,True,11.390242743673348,False,True,0.6594687760282774
10.0,dt,traffic_aware,B_fixed_0.8,0.8,0.5,0.5,13487.297486805117,0.21391031704920443,150000.0,21.390242743673348,2659.0155093067406,8.759451527881255,14860.338696424405,0.06879070495663261,150000.0,6.878281534416167,4032.056718926029,9.393485659419554,14860.338696424405,4032.056718926029,0.00915360806412859,0.00915360806412859,True,11.390242743673348,False,True,0.6594687760282774
20.0,dt,traffic_aware,B_global_cal,0.8,0.5,0.5,13487.297486805117,0.21391031704920443,150000.0,21.390242743673348,2659.0155093067406,8.759451527881255,14860.338696424405,0.06879070495663261,150000.0,6.878281534416167,4032.056718926029,9.393485659419554,14860.338696424405,4032.056718926029,0.00915360806412859,0.00915360806412859,True,1.3902427436733475,False,True,0.6594687760282774
20.0,dt,traffic_aware,B_reference_cal,0.8,0.5,0.5,13487.297486805117,0.21391031704920443,150000.0,21.390242743673348,2659.0155093067406,8.759451527881255,14860.338696424405,0.06879070495663261,150000.0,6.878281534416167,4032.056718926029,9.393485659419554,14860.338696424405,4032.056718926029,0.00915360806412859,0.00915360806412859,True,1.3902427436733475,False,True,0.6594687760282774
20.0,dt,traffic_aware,B_fixed_0.8,0.8,0.5,0.5,13487.297486805117,0.21391031704920443,150000.0,21.390242743673348,2659.0155093067406,8.759451527881255,14860.338696424405,0.06879070495663261,150000.0,6.878281534416167,4032.056718926029,9.393485659419554,14860.338696424405,4032.056718926029,0.00915360806412859,0.00915360806412859,True,1.3902427436733475,False,True,0.6594687760282774
10.0,dt,traffic_aware,B_fixed_1,1.0,0.5,0.5,12988.848933943424,0.255257160820427,150000.0,25.524927120795603,2160.5669564450473,8.611409225887371,14860.338696424405,0.06879070495663261,150000.0,6.878281534416167,4032.056718926029,9.393485659419554,14860.338696424405,4032.056718926029,0.01247659841653988,0.01247659841653988,True,15.524927120795603,False,False,0.5358473620431936
20.0,dt,traffic_aware,B_fixed_1,1.0,0.5,0.5,12988.848933943424,0.255257160820427,150000.0,25.524927120795603,2160.5669564450473,8.611409225887371,14860.338696424405,0.06879070495663261,150000.0,6.878281534416167,4032.056718926029,9.393485659419554,14860.338696424405,4032.056718926029,0.01247659841653988,0.01247659841653988,True,5.524927120795603,False,False,0.5358473620431936
5.0,gas,dual,R1_frontier,0.8,0.8,1.0,14031.757086280328,0.045809254277919285,150000.0,4.444995508751794,3083.655524328169,10.186471353613962,14031.757086280328,0.045809254277919285,150000.0,4.444995508751794,3083.655524328169,10.186471353613962,14530.235510594448,3582.1339486422894,0.0033231894954274684,0.0,False,0.0,True,True,0.8608431645882324
5.0,gas,dual,R2_near_best_95,0.8,0.8,1.0,14031.757086280328,0.045809254277919285,150000.0,4.444995508751794,3083.655524328169,10.186471353613962,14031.757086280328,0.045809254277919285,150000.0,4.444995508751794,3083.655524328169,10.186471353613962,14530.235510594448,3582.1339486422894,0.0033231894954274684,0.0,False,0.0,True,True,0.8608431645882324
5.0,gas,dual,R3_sequential,0.8,0.8,1.0,14031.757086280328,0.045809254277919285,150000.0,4.444995508751794,3083.655524328169,10.186471353613962,14031.757086280328,0.045809254277919285,150000.0,4.444995508751794,3083.655524328169,10.186471353613962,14530.235510594448,3582.1339486422894,0.0033231894954274684,0.0,False,0.0,True,True,0.8608431645882324
5.0,gas,dual,R4_kink_aware,0.8,0.8,1.0,14031.757086280328,0.045809254277919285,150000.0,4.444995508751794,3083.655524328169,10.186471353613962,14031.757086280328,0.045809254277919285,150000.0,4.444995508751794,3083.655524328169,10.186471353613962,14530.235510594448,3582.1339486422894,0.0033231894954274684,0.0,False,0.0,True,True,0.8608431645882324
5.0,gas,dual,B_fixed_0.8,0.8,0.8,1.0,14031.757086280328,0.045809254277919285,150000.0,4.444995508751794,3083.655524328169,10.186471353613962,14031.757086280328,0.045809254277919285,150000.0,4.444995508751794,3083.655524328169,10.186471353613962,14530.235510594448,3582.1339486422894,0.0033231894954274684,0.0,False,0.0,True,True,0.8608431645882324
10.0,gas,dual,R1_frontier,0.8,0.8,1.0,14031.757086280328,0.045809254277919285,150000.0,4.444995508751794,3083.655524328169,10.186471353613962,14031.757086280328,0.045809254277919285,150000.0,4.444995508751794,3083.655524328169,10.186471353613962,14530.235510594448,3582.1339486422894,0.0033231894954274684,0.0,False,0.0,True,True,0.8608431645882324
10.0,gas,dual,R2_near_best_95,0.8,0.8,1.0,14031.757086280328,0.045809254277919285,150000.0,4.444995508751794,3083.655524328169,10.186471353613962,14031.757086280328,0.045809254277919285,150000.0,4.444995508751794,3083.655524328169,10.186471353613962,14530.235510594448,3582.1339486422894,0.0033231894954274684,0.0,False,0.0,True,True,0.8608431645882324
10.0,gas,dual,R3_sequential,0.8,0.8,1.0,14031.757086280328,0.045809254277919285,150000.0,4.444995508751794,3083.655524328169,10.186471353613962,14031.757086280328,0.045809254277919285,150000.0,4.444995508751794,3083.655524328169,10.186471353613962,14530.235510594448,3582.1339486422894,0.0033231894954274684,0.0,False,0.0,True,True,0.8608431645882324
10.0,gas,dual,R4_kink_aware,0.8,0.8,1.0,14031.757086280328,0.045809254277919285,150000.0,4.444995508751794,3083.655524328169,10.186471353613962,14031.757086280328,0.045809254277919285,150000.0,4.444995508751794,3083.655524328169,10.186471353613962,14530.235510594448,3582.1339486422894,0.0033231894954274684,0.0,False,0.0,True,True,0.8608431645882324
10.0,gas,dual,B_global_cal,0.8,0.8,1.0,14031.757086280328,0.045809254277919285,150000.0,4.444995508751794,3083.655524328169,10.186471353613962,14031.757086280328,0.045809254277919285,150000.0,4.444995508751794,3083.655524328169,10.186471353613962,14530.235510594448,3582.1339486422894,0.0033231894954274684,0.0,False,0.0,True,True,0.8608431645882324
10.0,gas,dual,B_reference_cal,0.8,0.8,1.0,14031.757086280328,0.045809254277919285,150000.0,4.444995508751794,3083.655524328169,10.186471353613962,14031.757086280328,0.045809254277919285,150000.0,4.444995508751794,3083.655524328169,10.186471353613962,14530.235510594448,3582.1339486422894,0.0033231894954274684,0.0,False,0.0,True,True,0.8608431645882324
10.0,gas,dual,B_fixed_0.8,0.8,0.8,1.0,14031.757086280328,0.045809254277919285,150000.0,4.444995508751794,3083.655524328169,10.186471353613962,14031.757086280328,0.045809254277919285,150000.0,4.444995508751794,3083.655524328169,10.186471353613962,14530.235510594448,3582.1339486422894,0.0033231894954274684,0.0,False,0.0,True,True,0.8608431645882324
5.0,gas,dual,B_global_cal,0.5,0.8,1.0,11422.831257795844,0.0071219893662477374,150000.0,0.5762690175846387,474.7296958436855,13.049187579470695,14031.757086280328,0.045809254277919285,150000.0,4.444995508751794,3083.655524328169,10.186471353613962,14530.235510594448,3582.1339486422894,0.020716028351990694,0.017392838856563224,False,0.0,False,True,0.13252706421646204
5.0,gas,dual,B_reference_cal,0.5,0.8,1.0,11422.831257795844,0.0071219893662477374,150000.0,0.5762690175846387,474.7296958436855,13.049187579470695,14031.757086280328,0.045809254277919285,150000.0,4.444995508751794,3083.655524328169,10.186471353613962,14530.235510594448,3582.1339486422894,0.020716028351990694,0.017392838856563224,False,0.0,False,True,0.13252706421646204
5.0,gas,dual,B_fixed_0,0.0,0.8,1.0,10948.101561952159,0.00135929919040135,150000.0,0.0,0.0,13.710155873381062,14031.757086280328,0.045809254277919285,150000.0,4.444995508751794,3083.655524328169,10.186471353613962,14530.235510594448,3582.1339486422894,0.023880892990948595,0.020557703495521128,False,0.0,False,False,0.0
10.0,gas,dual,B_fixed_0,0.0,0.8,1.0,10948.101561952159,0.00135929919040135,150000.0,0.0,0.0,13.710155873381062,14031.757086280328,0.045809254277919285,150000.0,4.444995508751794,3083.655524328169,10.186471353613962,14530.235510594448,3582.1339486422894,0.023880892990948595,0.020557703495521128,False,0.0,False,False,0.0
5.0,gas,dual,B_fixed_0.3,0.3,0.8,1.0,10931.003079490856,0.0035797871044945875,150000.0,0.22204879140932374,-17.09848246130241,13.67544067483538,14031.757086280328,0.045809254277919285,150000.0,4.444995508751794,3083.655524328169,10.186471353613962,14530.235510594448,3582.1339486422894,0.023994882874023946,0.02067169337859648,False,0.0,False,False,-0.004773267193925879
10.0,gas,dual,B_fixed_0.3,0.3,0.8,1.0,10931.003079490856,0.0035797871044945875,150000.0,0.22204879140932374,-17.09848246130241,13.67544067483538,14031.757086280328,0.045809254277919285,150000.0,4.444995508751794,3083.655524328169,10.186471353613962,14530.235510594448,3582.1339486422894,0.023994882874023946,0.02067169337859648,False,0.0,False,False,-0.004773267193925879
5.0,gas,dual,B_fixed_1,1.0,0.8,1.0,14530.235510594448,0.17722888970502448,150000.0,17.586959051462316,3582.1339486422894,8.51020228328368,14031.757086280328,0.045809254277919285,150000.0,4.444995508751794,3083.655524328169,10.186471353613962,14530.235510594448,3582.1339486422894,0.0,-0.0033231894954274684,True,12.586959051462316,False,True,1.0
10.0,gas,dual,B_fixed_1,1.0,0.8,1.0,14530.235510594448,0.17722888970502448,150000.0,17.586959051462316,3582.1339486422894,8.51020228328368,14031.757086280328,0.045809254277919285,150000.0,4.444995508751794,3083.655524328169,10.186471353613962,14530.235510594448,3582.1339486422894,0.0,-0.0033231894954274684,True,7.5869590514623155,False,True,1.0
20.0,gas,dual,B_global_cal,0.8,1.0,1.0,14031.757086280328,0.045809254277919285,150000.0,4.444995508751794,3083.655524328169,10.186471353613962,14530.235510594448,0.17722888970502448,150000.0,17.586959051462316,3582.1339486422894,8.51020228328368,14530.235510594448,3582.1339486422894,0.0033231894954274684,0.0033231894954274684,False,0.0,False,True,0.8608431645882324
20.0,gas,dual,B_reference_cal,0.8,1.0,1.0,14031.757086280328,0.045809254277919285,150000.0,4.444995508751794,3083.655524328169,10.186471353613962,14530.235510594448,0.17722888970502448,150000.0,17.586959051462316,3582.1339486422894,8.51020228328368,14530.235510594448,3582.1339486422894,0.0033231894954274684,0.0033231894954274684,False,0.0,False,True,0.8608431645882324
20.0,gas,dual,B_fixed_0.8,0.8,1.0,1.0,14031.757086280328,0.045809254277919285,150000.0,4.444995508751794,3083.655524328169,10.186471353613962,14530.235510594448,0.17722888970502448,150000.0,17.586959051462316,3582.1339486422894,8.51020228328368,14530.235510594448,3582.1339486422894,0.0033231894954274684,0.0033231894954274684,False,0.0,False,True,0.8608431645882324
20.0,gas,dual,B_fixed_0,0.0,1.0,1.0,10948.101561952159,0.00135929919040135,150000.0,0.0,0.0,13.710155873381062,14530.235510594448,0.17722888970502448,150000.0,17.586959051462316,3582.1339486422894,8.51020228328368,14530.235510594448,3582.1339486422894,0.023880892990948595,0.023880892990948595,False,0.0,False,False,0.0
20.0,gas,dual,B_fixed_0.3,0.3,1.0,1.0,10931.003079490856,0.0035797871044945875,150000.0,0.22204879140932374,-17.09848246130241,13.67544067483538,14530.235510594448,0.17722888970502448,150000.0,17.586959051462316,3582.1339486422894,8.51020228328368,14530.235510594448,3582.1339486422894,0.023994882874023946,0.023994882874023946,False,0.0,False,False,-0.004773267193925879
20.0,gas,dual,R1_frontier,1.0,1.0,1.0,14530.235510594448,0.17722888970502448,150000.0,17.586959051462316,3582.1339486422894,8.51020228328368,14530.235510594448,0.17722888970502448,150000.0,17.586959051462316,3582.1339486422894,8.51020228328368,14530.235510594448,3582.1339486422894,0.0,0.0,False,0.0,True,True,1.0
20.0,gas,dual,R2_near_best_95,1.0,1.0,1.0,14530.235510594448,0.17722888970502448,150000.0,17.586959051462316,3582.1339486422894,8.51020228328368,14530.235510594448,0.17722888970502448,150000.0,17.586959051462316,3582.1339486422894,8.51020228328368,14530.235510594448,3582.1339486422894,0.0,0.0,False,0.0,True,True,1.0
20.0,gas,dual,R3_sequential,1.0,1.0,1.0,14530.235510594448,0.17722888970502448,150000.0,17.586959051462316,3582.1339486422894,8.51020228328368,14530.235510594448,0.17722888970502448,150000.0,17.586959051462316,3582.1339486422894,8.51020228328368,14530.235510594448,3582.1339486422894,0.0,0.0,False,0.0,True,True,1.0
20.0,gas,dual,R4_kink_aware,1.0,1.0,1.0,14530.235510594448,0.17722888970502448,150000.0,17.586959051462316,3582.1339486422894,8.51020228328368,14530.235510594448,0.17722888970502448,150000.0,17.586959051462316,3582.1339486422894,8.51020228328368,14530.235510594448,3582.1339486422894,0.0,0.0,False,0.0,True,True,1.0
20.0,gas,dual,B_fixed_1,1.0,1.0,1.0,14530.235510594448,0.17722888970502448,150000.0,17.586959051462316,3582.1339486422894,8.51020228328368,14530.235510594448,0.17722888970502448,150000.0,17.586959051462316,3582.1339486422894,8.51020228328368,14530.235510594448,3582.1339486422894,0.0,0.0,False,0.0,True,True,1.0
5.0,gas,pid,R1_frontier,0.8,0.8,1.0,15594.174620221806,0.09063807648737834,150000.0,4.641551091474029,2906.18667515163,8.759687459136371,15594.174620221806,0.09063807648737834,150000.0,4.641551091474029,2906.18667515163,8.759687459136371,15746.171546975027,3058.1836019048515,0.0010133128450214766,0.0,False,0.0,True,True,0.9502982990757823
5.0,gas,pid,R2_near_best_95,0.8,0.8,1.0,15594.174620221806,0.09063807648737834,150000.0,4.641551091474029,2906.18667515163,8.759687459136371,15594.174620221806,0.09063807648737834,150000.0,4.641551091474029,2906.18667515163,8.759687459136371,15746.171546975027,3058.1836019048515,0.0010133128450214766,0.0,False,0.0,True,True,0.9502982990757823
5.0,gas,pid,R3_sequential,0.8,0.8,1.0,15594.174620221806,0.09063807648737834,150000.0,4.641551091474029,2906.18667515163,8.759687459136371,15594.174620221806,0.09063807648737834,150000.0,4.641551091474029,2906.18667515163,8.759687459136371,15746.171546975027,3058.1836019048515,0.0010133128450214766,0.0,False,0.0,True,True,0.9502982990757823
5.0,gas,pid,R4_kink_aware,0.8,0.8,1.0,15594.174620221806,0.09063807648737834,150000.0,4.641551091474029,2906.18667515163,8.759687459136371,15594.174620221806,0.09063807648737834,150000.0,4.641551091474029,2906.18667515163,8.759687459136371,15746.171546975027,3058.1836019048515,0.0010133128450214766,0.0,False,0.0,True,True,0.9502982990757823
5.0,gas,pid,B_fixed_0.8,0.8,0.8,1.0,15594.174620221806,0.09063807648737834,150000.0,4.641551091474029,2906.18667515163,8.759687459136371,15594.174620221806,0.09063807648737834,150000.0,4.641551091474029,2906.18667515163,8.759687459136371,15746.171546975027,3058.1836019048515,0.0010133128450214766,0.0,False,0.0,True,True,0.9502982990757823
5.0,gas,pid,B_global_cal,0.5,0.8,1.0,14676.485331835378,0.054573081978730176,150000.0,1.0350516406092123,1988.4973867652025,9.636683040672214,15594.174620221806,0.09063807648737834,150000.0,4.641551091474029,2906.18667515163,8.759687459136371,15746.171546975027,3058.1836019048515,0.007131241434264327,0.00611792858924285,False,0.0,False,True,0.6502217151143661
5.0,gas,pid,B_reference_cal,0.5,0.8,1.0,14676.485331835378,0.054573081978730176,150000.0,1.0350516406092123,1988.4973867652025,9.636683040672214,15594.174620221806,0.09063807648737834,150000.0,4.641551091474029,2906.18667515163,8.759687459136371,15746.171546975027,3058.1836019048515,0.007131241434264327,0.00611792858924285,False,0.0,False,True,0.6502217151143661
5.0,gas,pid,B_fixed_0,0.0,0.8,1.0,12687.987945070176,0.04422256557263805,150000.0,0.0,0.0,11.290656192489966,15594.174620221806,0.09063807648737834,150000.0,4.641551091474029,2906.18667515163,8.759687459136371,15746.171546975027,3058.1836019048515,0.020387890679365677,0.0193745778343442,False,0.0,False,False,0.0
5.0,gas,pid,B_fixed_0.3,0.3,0.8,1.0,13658.517220414416,0.040183297534169715,150000.0,-0.4039268038468338,970.5292753442409,10.514878186282065,15594.174620221806,0.09063807648737834,150000.0,4.641551091474029,2906.18667515163,8.759687459136371,15746.171546975027,3058.1836019048515,0.01391769551040407,0.012904382665382593,False,0.0,False,False,0.3173548098092368
5.0,gas,pid,B_fixed_1,1.0,0.8,1.0,15746.171546975027,0.1284459064275403,150000.0,8.422334085490226,3058.1836019048515,8.304422843753105,15594.174620221806,0.09063807648737834,150000.0,4.641551091474029,2906.18667515163,8.759687459136371,15746.171546975027,3058.1836019048515,0.0,-0.0010133128450214766,True,3.4223340854902258,False,True,1.0
10.0,gas,pid,R1_frontier,0.8,1.0,1.0,15594.174620221806,0.09063807648737834,150000.0,4.641551091474029,2906.18667515163,8.759687459136371,15746.171546975027,0.1284459064275403,150000.0,8.422334085490226,3058.1836019048515,8.304422843753105,15746.171546975027,3058.1836019048515,0.0010133128450214766,0.0010133128450214766,False,0.0,False,True,0.9502982990757823
10.0,gas,pid,R2_near_best_95,0.8,1.0,1.0,15594.174620221806,0.09063807648737834,150000.0,4.641551091474029,2906.18667515163,8.759687459136371,15746.171546975027,0.1284459064275403,150000.0,8.422334085490226,3058.1836019048515,8.304422843753105,15746.171546975027,3058.1836019048515,0.0010133128450214766,0.0010133128450214766,False,0.0,False,True,0.9502982990757823
10.0,gas,pid,R3_sequential,0.8,1.0,1.0,15594.174620221806,0.09063807648737834,150000.0,4.641551091474029,2906.18667515163,8.759687459136371,15746.171546975027,0.1284459064275403,150000.0,8.422334085490226,3058.1836019048515,8.304422843753105,15746.171546975027,3058.1836019048515,0.0010133128450214766,0.0010133128450214766,False,0.0,False,True,0.9502982990757823
10.0,gas,pid,R4_kink_aware,0.8,1.0,1.0,15594.174620221806,0.09063807648737834,150000.0,4.641551091474029,2906.18667515163,8.759687459136371,15746.171546975027,0.1284459064275403,150000.0,8.422334085490226,3058.1836019048515,8.304422843753105,15746.171546975027,3058.1836019048515,0.0010133128450214766,0.0010133128450214766,False,0.0,False,True,0.9502982990757823
10.0,gas,pid,B_global_cal,0.8,1.0,1.0,15594.174620221806,0.09063807648737834,150000.0,4.641551091474029,2906.18667515163,8.759687459136371,15746.171546975027,0.1284459064275403,150000.0,8.422334085490226,3058.1836019048515,8.304422843753105,15746.171546975027,3058.1836019048515,0.0010133128450214766,0.0010133128450214766,False,0.0,False,True,0.9502982990757823
10.0,gas,pid,B_reference_cal,0.8,1.0,1.0,15594.174620221806,0.09063807648737834,150000.0,4.641551091474029,2906.18667515163,8.759687459136371,15746.171546975027,0.1284459064275403,150000.0,8.422334085490226,3058.1836019048515,8.304422843753105,15746.171546975027,3058.1836019048515,0.0010133128450214766,0.0010133128450214766,False,0.0,False,True,0.9502982990757823
10.0,gas,pid,B_fixed_0.8,0.8,1.0,1.0,15594.174620221806,0.09063807648737834,150000.0,4.641551091474029,2906.18667515163,8.759687459136371,15746.171546975027,0.1284459064275403,150000.0,8.422334085490226,3058.1836019048515,8.304422843753105,15746.171546975027,3058.1836019048515,0.0010133128450214766,0.0010133128450214766,False,0.0,False,True,0.9502982990757823
20.0,gas,pid,R1_frontier,0.8,1.0,1.0,15594.174620221806,0.09063807648737834,150000.0,4.641551091474029,2906.18667515163,8.759687459136371,15746.171546975027,0.1284459064275403,150000.0,8.422334085490226,3058.1836019048515,8.304422843753105,15746.171546975027,3058.1836019048515,0.0010133128450214766,0.0010133128450214766,False,0.0,False,True,0.9502982990757823
20.0,gas,pid,R2_near_best_95,0.8,1.0,1.0,15594.174620221806,0.09063807648737834,150000.0,4.641551091474029,2906.18667515163,8.759687459136371,15746.171546975027,0.1284459064275403,150000.0,8.422334085490226,3058.1836019048515,8.304422843753105,15746.171546975027,3058.1836019048515,0.0010133128450214766,0.0010133128450214766,False,0.0,False,True,0.9502982990757823
20.0,gas,pid,R3_sequential,0.8,1.0,1.0,15594.174620221806,0.09063807648737834,150000.0,4.641551091474029,2906.18667515163,8.759687459136371,15746.171546975027,0.1284459064275403,150000.0,8.422334085490226,3058.1836019048515,8.304422843753105,15746.171546975027,3058.1836019048515,0.0010133128450214766,0.0010133128450214766,False,0.0,False,True,0.9502982990757823
20.0,gas,pid,R4_kink_aware,0.8,1.0,1.0,15594.174620221806,0.09063807648737834,150000.0,4.641551091474029,2906.18667515163,8.759687459136371,15746.171546975027,0.1284459064275403,150000.0,8.422334085490226,3058.1836019048515,8.304422843753105,15746.171546975027,3058.1836019048515,0.0010133128450214766,0.0010133128450214766,False,0.0,False,True,0.9502982990757823
20.0,gas,pid,B_global_cal,0.8,1.0,1.0,15594.174620221806,0.09063807648737834,150000.0,4.641551091474029,2906.18667515163,8.759687459136371,15746.171546975027,0.1284459064275403,150000.0,8.422334085490226,3058.1836019048515,8.304422843753105,15746.171546975027,3058.1836019048515,0.0010133128450214766,0.0010133128450214766,False,0.0,False,True,0.9502982990757823
20.0,gas,pid,B_reference_cal,0.8,1.0,1.0,15594.174620221806,0.09063807648737834,150000.0,4.641551091474029,2906.18667515163,8.759687459136371,15746.171546975027,0.1284459064275403,150000.0,8.422334085490226,3058.1836019048515,8.304422843753105,15746.171546975027,3058.1836019048515,0.0010133128450214766,0.0010133128450214766,False,0.0,False,True,0.9502982990757823
20.0,gas,pid,B_fixed_0.8,0.8,1.0,1.0,15594.174620221806,0.09063807648737834,150000.0,4.641551091474029,2906.18667515163,8.759687459136371,15746.171546975027,0.1284459064275403,150000.0,8.422334085490226,3058.1836019048515,8.304422843753105,15746.171546975027,3058.1836019048515,0.0010133128450214766,0.0010133128450214766,False,0.0,False,True,0.9502982990757823
10.0,gas,pid,B_fixed_0,0.0,1.0,1.0,12687.987945070176,0.04422256557263805,150000.0,0.0,0.0,11.290656192489966,15746.171546975027,0.1284459064275403,150000.0,8.422334085490226,3058.1836019048515,8.304422843753105,15746.171546975027,3058.1836019048515,0.020387890679365677,0.020387890679365677,False,0.0,False,False,0.0
20.0,gas,pid,B_fixed_0,0.0,1.0,1.0,12687.987945070176,0.04422256557263805,150000.0,0.0,0.0,11.290656192489966,15746.171546975027,0.1284459064275403,150000.0,8.422334085490226,3058.1836019048515,8.304422843753105,15746.171546975027,3058.1836019048515,0.020387890679365677,0.020387890679365677,False,0.0,False,False,0.0
10.0,gas,pid,B_fixed_0.3,0.3,1.0,1.0,13658.517220414416,0.040183297534169715,150000.0,-0.4039268038468338,970.5292753442409,10.514878186282065,15746.171546975027,0.1284459064275403,150000.0,8.422334085490226,3058.1836019048515,8.304422843753105,15746.171546975027,3058.1836019048515,0.01391769551040407,0.01391769551040407,False,0.0,False,False,0.3173548098092368
20.0,gas,pid,B_fixed_0.3,0.3,1.0,1.0,13658.517220414416,0.040183297534169715,150000.0,-0.4039268038468338,970.5292753442409,10.514878186282065,15746.171546975027,0.1284459064275403,150000.0,8.422334085490226,3058.1836019048515,8.304422843753105,15746.171546975027,3058.1836019048515,0.01391769551040407,0.01391769551040407,False,0.0,False,False,0.3173548098092368
10.0,gas,pid,B_fixed_1,1.0,1.0,1.0,15746.171546975027,0.1284459064275403,150000.0,8.422334085490226,3058.1836019048515,8.304422843753105,15746.171546975027,0.1284459064275403,150000.0,8.422334085490226,3058.1836019048515,8.304422843753105,15746.171546975027,3058.1836019048515,0.0,0.0,False,0.0,True,True,1.0
20.0,gas,pid,B_fixed_1,1.0,1.0,1.0,15746.171546975027,0.1284459064275403,150000.0,8.422334085490226,3058.1836019048515,8.304422843753105,15746.171546975027,0.1284459064275403,150000.0,8.422334085490226,3058.1836019048515,8.304422843753105,15746.171546975027,3058.1836019048515,0.0,0.0,False,0.0,True,True,1.0
5.0,gas,traffic_aware,R1_frontier,0.5,0.5,0.8,15689.160598640683,0.044675271690649825,150000.0,4.466738207817888,4860.878621142307,9.147370577293245,15689.160598640683,0.044675271690649825,150000.0,4.466738207817888,4860.878621142307,9.147370577293245,16633.001046700116,5804.719069201739,0.006292269653729551,0.0,False,0.0,True,True,0.8374011839664742
5.0,gas,traffic_aware,R2_near_best_95,0.5,0.5,0.8,15689.160598640683,0.044675271690649825,150000.0,4.466738207817888,4860.878621142307,9.147370577293245,15689.160598640683,0.044675271690649825,150000.0,4.466738207817888,4860.878621142307,9.147370577293245,16633.001046700116,5804.719069201739,0.006292269653729551,0.0,False,0.0,True,True,0.8374011839664742
5.0,gas,traffic_aware,R3_sequential,0.5,0.5,0.8,15689.160598640683,0.044675271690649825,150000.0,4.466738207817888,4860.878621142307,9.147370577293245,15689.160598640683,0.044675271690649825,150000.0,4.466738207817888,4860.878621142307,9.147370577293245,16633.001046700116,5804.719069201739,0.006292269653729551,0.0,False,0.0,True,True,0.8374011839664742
5.0,gas,traffic_aware,R4_kink_aware,0.5,0.5,0.8,15689.160598640683,0.044675271690649825,150000.0,4.466738207817888,4860.878621142307,9.147370577293245,15689.160598640683,0.044675271690649825,150000.0,4.466738207817888,4860.878621142307,9.147370577293245,16633.001046700116,5804.719069201739,0.006292269653729551,0.0,False,0.0,True,True,0.8374011839664742
5.0,gas,traffic_aware,B_global_cal,0.5,0.5,0.8,15689.160598640683,0.044675271690649825,150000.0,4.466738207817888,4860.878621142307,9.147370577293245,15689.160598640683,0.044675271690649825,150000.0,4.466738207817888,4860.878621142307,9.147370577293245,16633.001046700116,5804.719069201739,0.006292269653729551,0.0,False,0.0,True,True,0.8374011839664742
5.0,gas,traffic_aware,B_reference_cal,0.3,0.5,0.8,14211.08549183777,0.023617744379883468,150000.0,2.360985476741252,3382.8035143393936,10.281126746347068,15689.160598640683,0.044675271690649825,150000.0,4.466738207817888,4860.878621142307,9.147370577293245,16633.001046700116,5804.719069201739,0.016146103699082304,0.009853834045352753,False,0.0,False,True,0.5827678263169753
5.0,gas,traffic_aware,B_fixed_0.3,0.3,0.5,0.8,14211.08549183777,0.023617744379883468,150000.0,2.360985476741252,3382.8035143393936,10.281126746347068,15689.160598640683,0.044675271690649825,150000.0,4.466738207817888,4860.878621142307,9.147370577293245,16633.001046700116,5804.719069201739,0.016146103699082304,0.009853834045352753,False,0.0,False,True,0.5827678263169753
5.0,gas,traffic_aware,B_fixed_0,0.0,0.5,0.8,10828.281977498376,7.889612470947516e-06,150000.0,0.0,0.0,13.886721395311106,15689.160598640683,0.044675271690649825,150000.0,4.466738207817888,4860.878621142307,9.147370577293245,16633.001046700116,5804.719069201739,0.03869812712801159,0.03240585747428205,False,0.0,False,False,0.0
5.0,gas,traffic_aware,B_fixed_0.8,0.8,0.5,0.8,16633.001046700116,0.09149923077411587,150000.0,9.149134116164493,5804.719069201739,8.18874291225549,15689.160598640683,0.044675271690649825,150000.0,4.466738207817888,4860.878621142307,9.147370577293245,16633.001046700116,5804.719069201739,0.0,-0.006292269653729551,True,4.149134116164493,False,True,1.0
5.0,gas,traffic_aware,B_fixed_1,1.0,0.5,0.8,16105.654168890918,0.11558944621984343,150000.0,11.558155660737249,5277.372191392542,8.233834573412544,15689.160598640683,0.044675271690649825,150000.0,4.466738207817888,4860.878621142307,9.147370577293245,16633.001046700116,5804.719069201739,0.003515645852061316,-0.002776623801668235,True,6.558155660737249,False,False,0.9091520413783405
10.0,gas,traffic_aware,B_reference_cal,0.5,0.8,0.8,15689.160598640683,0.044675271690649825,150000.0,4.466738207817888,4860.878621142307,9.147370577293245,16633.001046700116,0.09149923077411587,150000.0,9.149134116164493,5804.719069201739,8.18874291225549,16633.001046700116,5804.719069201739,0.006292269653729551,0.006292269653729551,False,0.0,False,True,0.8374011839664742
10.0,gas,traffic_aware,B_fixed_0.3,0.3,0.8,0.8,14211.08549183777,0.023617744379883468,150000.0,2.360985476741252,3382.8035143393936,10.281126746347068,16633.001046700116,0.09149923077411587,150000.0,9.149134116164493,5804.719069201739,8.18874291225549,16633.001046700116,5804.719069201739,0.016146103699082304,0.016146103699082304,False,0.0,False,False,0.5827678263169753
20.0,gas,traffic_aware,B_fixed_0.3,0.3,0.8,0.8,14211.08549183777,0.023617744379883468,150000.0,2.360985476741252,3382.8035143393936,10.281126746347068,16633.001046700116,0.09149923077411587,150000.0,9.149134116164493,5804.719069201739,8.18874291225549,16633.001046700116,5804.719069201739,0.016146103699082304,0.016146103699082304,False,0.0,False,False,0.5827678263169753
10.0,gas,traffic_aware,B_fixed_0,0.0,0.8,0.8,10828.281977498376,7.889612470947516e-06,150000.0,0.0,0.0,13.886721395311106,16633.001046700116,0.09149923077411587,150000.0,9.149134116164493,5804.719069201739,8.18874291225549,16633.001046700116,5804.719069201739,0.03869812712801159,0.03869812712801159,False,0.0,False,False,0.0
20.0,gas,traffic_aware,B_fixed_0,0.0,0.8,0.8,10828.281977498376,7.889612470947516e-06,150000.0,0.0,0.0,13.886721395311106,16633.001046700116,0.09149923077411587,150000.0,9.149134116164493,5804.719069201739,8.18874291225549,16633.001046700116,5804.719069201739,0.03869812712801159,0.03869812712801159,False,0.0,False,False,0.0
10.0,gas,traffic_aware,R1_frontier,0.8,0.8,0.8,16633.001046700116,0.09149923077411587,150000.0,9.149134116164493,5804.719069201739,8.18874291225549,16633.001046700116,0.09149923077411587,150000.0,9.149134116164493,5804.719069201739,8.18874291225549,16633.001046700116,5804.719069201739,0.0,0.0,False,0.0,True,True,1.0
10.0,gas,traffic_aware,R2_near_best_95,0.8,0.8,0.8,16633.001046700116,0.09149923077411587,150000.0,9.149134116164493,5804.719069201739,8.18874291225549,16633.001046700116,0.09149923077411587,150000.0,9.149134116164493,5804.719069201739,8.18874291225549,16633.001046700116,5804.719069201739,0.0,0.0,False,0.0,True,True,1.0
10.0,gas,traffic_aware,R3_sequential,0.8,0.8,0.8,16633.001046700116,0.09149923077411587,150000.0,9.149134116164493,5804.719069201739,8.18874291225549,16633.001046700116,0.09149923077411587,150000.0,9.149134116164493,5804.719069201739,8.18874291225549,16633.001046700116,5804.719069201739,0.0,0.0,False,0.0,True,True,1.0
10.0,gas,traffic_aware,R4_kink_aware,0.8,0.8,0.8,16633.001046700116,0.09149923077411587,150000.0,9.149134116164493,5804.719069201739,8.18874291225549,16633.001046700116,0.09149923077411587,150000.0,9.149134116164493,5804.719069201739,8.18874291225549,16633.001046700116,5804.719069201739,0.0,0.0,False,0.0,True,True,1.0
10.0,gas,traffic_aware,B_global_cal,0.8,0.8,0.8,16633.001046700116,0.09149923077411587,150000.0,9.149134116164493,5804.719069201739,8.18874291225549,16633.001046700116,0.09149923077411587,150000.0,9.149134116164493,5804.719069201739,8.18874291225549,16633.001046700116,5804.719069201739,0.0,0.0,False,0.0,True,True,1.0
10.0,gas,traffic_aware,B_fixed_0.8,0.8,0.8,0.8,16633.001046700116,0.09149923077411587,150000.0,9.149134116164493,5804.719069201739,8.18874291225549,16633.001046700116,0.09149923077411587,150000.0,9.149134116164493,5804.719069201739,8.18874291225549,16633.001046700116,5804.719069201739,0.0,0.0,False,0.0,True,True,1.0
20.0,gas,traffic_aware,R1_frontier,0.8,0.8,0.8,16633.001046700116,0.09149923077411587,150000.0,9.149134116164493,5804.719069201739,8.18874291225549,16633.001046700116,0.09149923077411587,150000.0,9.149134116164493,5804.719069201739,8.18874291225549,16633.001046700116,5804.719069201739,0.0,0.0,False,0.0,True,True,1.0
20.0,gas,traffic_aware,R2_near_best_95,0.8,0.8,0.8,16633.001046700116,0.09149923077411587,150000.0,9.149134116164493,5804.719069201739,8.18874291225549,16633.001046700116,0.09149923077411587,150000.0,9.149134116164493,5804.719069201739,8.18874291225549,16633.001046700116,5804.719069201739,0.0,0.0,False,0.0,True,True,1.0
20.0,gas,traffic_aware,R3_sequential,0.8,0.8,0.8,16633.001046700116,0.09149923077411587,150000.0,9.149134116164493,5804.719069201739,8.18874291225549,16633.001046700116,0.09149923077411587,150000.0,9.149134116164493,5804.719069201739,8.18874291225549,16633.001046700116,5804.719069201739,0.0,0.0,False,0.0,True,True,1.0
20.0,gas,traffic_aware,R4_kink_aware,0.8,0.8,0.8,16633.001046700116,0.09149923077411587,150000.0,9.149134116164493,5804.719069201739,8.18874291225549,16633.001046700116,0.09149923077411587,150000.0,9.149134116164493,5804.719069201739,8.18874291225549,16633.001046700116,5804.719069201739,0.0,0.0,False,0.0,True,True,1.0
20.0,gas,traffic_aware,B_global_cal,0.8,0.8,0.8,16633.001046700116,0.09149923077411587,150000.0,9.149134116164493,5804.719069201739,8.18874291225549,16633.001046700116,0.09149923077411587,150000.0,9.149134116164493,5804.719069201739,8.18874291225549,16633.001046700116,5804.719069201739,0.0,0.0,False,0.0,True,True,1.0
20.0,gas,traffic_aware,B_reference_cal,0.8,0.8,0.8,16633.001046700116,0.09149923077411587,150000.0,9.149134116164493,5804.719069201739,8.18874291225549,16633.001046700116,0.09149923077411587,150000.0,9.149134116164493,5804.719069201739,8.18874291225549,16633.001046700116,5804.719069201739,0.0,0.0,False,0.0,True,True,1.0
20.0,gas,traffic_aware,B_fixed_0.8,0.8,0.8,0.8,16633.001046700116,0.09149923077411587,150000.0,9.149134116164493,5804.719069201739,8.18874291225549,16633.001046700116,0.09149923077411587,150000.0,9.149134116164493,5804.719069201739,8.18874291225549,16633.001046700116,5804.719069201739,0.0,0.0,False,0.0,True,True,1.0
10.0,gas,traffic_aware,B_fixed_1,1.0,0.8,0.8,16105.654168890918,0.11558944621984343,150000.0,11.558155660737249,5277.372191392542,8.233834573412544,16633.001046700116,0.09149923077411587,150000.0,9.149134116164493,5804.719069201739,8.18874291225549,16633.001046700116,5804.719069201739,0.003515645852061316,0.003515645852061316,True,1.558155660737249,False,True,0.9091520413783405
20.0,gas,traffic_aware,B_fixed_1,1.0,0.8,0.8,16105.654168890918,0.11558944621984343,150000.0,11.558155660737249,5277.372191392542,8.233834573412544,16633.001046700116,0.09149923077411587,150000.0,9.149134116164493,5804.719069201739,8.18874291225549,16633.001046700116,5804.719069201739,0.003515645852061316,0.003515645852061316,False,0.0,False,True,0.9091520413783405
5.0,iql,dual,R1_frontier,0.3,0.5,0.8,10894.36991681702,0.0002057073315759375,150000.0,-0.11535918588254125,-53.731645135138024,13.788642849788776,11213.688003436968,0.008627715963824162,150000.0,0.7268416773422812,265.58644148480926,13.275930489871842,14066.386762503582,3118.2852005514233,0.021146778971243743,0.0021287872441329817,False,0.0,False,True,-0.017231151636045466
5.0,iql,dual,R2_near_best_95,0.3,0.5,0.8,10894.36991681702,0.0002057073315759375,150000.0,-0.11535918588254125,-53.731645135138024,13.788642849788776,11213.688003436968,0.008627715963824162,150000.0,0.7268416773422812,265.58644148480926,13.275930489871842,14066.386762503582,3118.2852005514233,0.021146778971243743,0.0021287872441329817,False,0.0,False,True,-0.017231151636045466
5.0,iql,dual,R3_sequential,0.3,0.5,0.8,10894.36991681702,0.0002057073315759375,150000.0,-0.11535918588254125,-53.731645135138024,13.788642849788776,11213.688003436968,0.008627715963824162,150000.0,0.7268416773422812,265.58644148480926,13.275930489871842,14066.386762503582,3118.2852005514233,0.021146778971243743,0.0021287872441329817,False,0.0,False,True,-0.017231151636045466
5.0,iql,dual,R4_kink_aware,0.3,0.5,0.8,10894.36991681702,0.0002057073315759375,150000.0,-0.11535918588254125,-53.731645135138024,13.788642849788776,11213.688003436968,0.008627715963824162,150000.0,0.7268416773422812,265.58644148480926,13.275930489871842,14066.386762503582,3118.2852005514233,0.021146778971243743,0.0021287872441329817,False,0.0,False,True,-0.017231151636045466
5.0,iql,dual,B_fixed_0.3,0.3,0.5,0.8,10894.36991681702,0.0002057073315759375,150000.0,-0.11535918588254125,-53.731645135138024,13.788642849788776,11213.688003436968,0.008627715963824162,150000.0,0.7268416773422812,265.58644148480926,13.275930489871842,14066.386762503582,3118.2852005514233,0.021146778971243743,0.0021287872441329817,False,0.0,False,True,-0.017231151636045466
5.0,iql,dual,B_global_cal,0.5,0.5,0.8,11213.688003436968,0.008627715963824162,150000.0,0.7268416773422812,265.58644148480926,13.275930489871842,11213.688003436968,0.008627715963824162,150000.0,0.7268416773422812,265.58644148480926,13.275930489871842,14066.386762503582,3118.2852005514233,0.01901799172711076,0.0,False,0.0,True,True,0.08517067054605658
5.0,iql,dual,B_reference_cal,0.5,0.5,0.8,11213.688003436968,0.008627715963824162,150000.0,0.7268416773422812,265.58644148480926,13.275930489871842,11213.688003436968,0.008627715963824162,150000.0,0.7268416773422812,265.58644148480926,13.275930489871842,14066.386762503582,3118.2852005514233,0.01901799172711076,0.0,False,0.0,True,True,0.08517067054605658
5.0,iql,dual,B_fixed_0,0.0,0.5,0.8,10948.101561952159,0.00135929919040135,150000.0,0.0,0.0,13.710155873381062,11213.688003436968,0.008627715963824162,150000.0,0.7268416773422812,265.58644148480926,13.275930489871842,14066.386762503582,3118.2852005514233,0.020788568003676153,0.001770576276565395,False,0.0,False,False,0.0
5.0,iql,dual,B_fixed_0.8,0.8,0.5,0.8,14066.386762503582,0.05622146450667461,150000.0,5.486216531627326,3118.2852005514233,10.01373668549479,11213.688003436968,0.008627715963824162,150000.0,0.7268416773422812,265.58644148480926,13.275930489871842,14066.386762503582,3118.2852005514233,0.0,-0.01901799172711076,True,0.4862165316273259,False,True,1.0
5.0,iql,dual,B_fixed_1,1.0,0.5,0.8,13939.959128173225,0.27426749273991463,150000.0,27.290819354951328,2991.857566221066,7.794905014049519,11213.688003436968,0.008627715963824162,150000.0,0.7268416773422812,265.58644148480926,13.275930489871842,14066.386762503582,3118.2852005514233,0.000842850895535715,-0.018175140831575044,True,22.290819354951328,False,False,0.9594560387523244
10.0,iql,dual,R3_sequential,0.3,0.8,0.8,10894.36991681702,0.0002057073315759375,150000.0,-0.11535918588254125,-53.731645135138024,13.788642849788776,14066.386762503582,0.05622146450667461,150000.0,5.486216531627326,3118.2852005514233,10.01373668549479,14066.386762503582,3118.2852005514233,0.021146778971243743,0.021146778971243743,False,0.0,False,False,-0.017231151636045466
10.0,iql,dual,B_fixed_0.3,0.3,0.8,0.8,10894.36991681702,0.0002057073315759375,150000.0,-0.11535918588254125,-53.731645135138024,13.788642849788776,14066.386762503582,0.05622146450667461,150000.0,5.486216531627326,3118.2852005514233,10.01373668549479,14066.386762503582,3118.2852005514233,0.021146778971243743,0.021146778971243743,False,0.0,False,False,-0.017231151636045466
20.0,iql,dual,R3_sequential,0.3,0.8,0.8,10894.36991681702,0.0002057073315759375,150000.0,-0.11535918588254125,-53.731645135138024,13.788642849788776,14066.386762503582,0.05622146450667461,150000.0,5.486216531627326,3118.2852005514233,10.01373668549479,14066.386762503582,3118.2852005514233,0.021146778971243743,0.021146778971243743,False,0.0,False,False,-0.017231151636045466
20.0,iql,dual,B_fixed_0.3,0.3,0.8,0.8,10894.36991681702,0.0002057073315759375,150000.0,-0.11535918588254125,-53.731645135138024,13.788642849788776,14066.386762503582,0.05622146450667461,150000.0,5.486216531627326,3118.2852005514233,10.01373668549479,14066.386762503582,3118.2852005514233,0.021146778971243743,0.021146778971243743,False,0.0,False,False,-0.017231151636045466
10.0,iql,dual,B_fixed_0,0.0,0.8,0.8,10948.101561952159,0.00135929919040135,150000.0,0.0,0.0,13.710155873381062,14066.386762503582,0.05622146450667461,150000.0,5.486216531627326,3118.2852005514233,10.01373668549479,14066.386762503582,3118.2852005514233,0.020788568003676153,0.020788568003676153,False,0.0,False,False,0.0
20.0,iql,dual,B_fixed_0,0.0,0.8,0.8,10948.101561952159,0.00135929919040135,150000.0,0.0,0.0,13.710155873381062,14066.386762503582,0.05622146450667461,150000.0,5.486216531627326,3118.2852005514233,10.01373668549479,14066.386762503582,3118.2852005514233,0.020788568003676153,0.020788568003676153,False,0.0,False,False,0.0
10.0,iql,dual,R1_frontier,0.8,0.8,0.8,14066.386762503582,0.05622146450667461,150000.0,5.486216531627326,3118.2852005514233,10.01373668549479,14066.386762503582,0.05622146450667461,150000.0,5.486216531627326,3118.2852005514233,10.01373668549479,14066.386762503582,3118.2852005514233,0.0,0.0,False,0.0,True,True,1.0
10.0,iql,dual,R2_near_best_95,0.8,0.8,0.8,14066.386762503582,0.05622146450667461,150000.0,5.486216531627326,3118.2852005514233,10.01373668549479,14066.386762503582,0.05622146450667461,150000.0,5.486216531627326,3118.2852005514233,10.01373668549479,14066.386762503582,3118.2852005514233,0.0,0.0,False,0.0,True,True,1.0
10.0,iql,dual,R4_kink_aware,0.8,0.8,0.8,14066.386762503582,0.05622146450667461,150000.0,5.486216531627326,3118.2852005514233,10.01373668549479,14066.386762503582,0.05622146450667461,150000.0,5.486216531627326,3118.2852005514233,10.01373668549479,14066.386762503582,3118.2852005514233,0.0,0.0,False,0.0,True,True,1.0
10.0,iql,dual,B_global_cal,0.8,0.8,0.8,14066.386762503582,0.05622146450667461,150000.0,5.486216531627326,3118.2852005514233,10.01373668549479,14066.386762503582,0.05622146450667461,150000.0,5.486216531627326,3118.2852005514233,10.01373668549479,14066.386762503582,3118.2852005514233,0.0,0.0,False,0.0,True,True,1.0
10.0,iql,dual,B_reference_cal,0.8,0.8,0.8,14066.386762503582,0.05622146450667461,150000.0,5.486216531627326,3118.2852005514233,10.01373668549479,14066.386762503582,0.05622146450667461,150000.0,5.486216531627326,3118.2852005514233,10.01373668549479,14066.386762503582,3118.2852005514233,0.0,0.0,False,0.0,True,True,1.0
10.0,iql,dual,B_fixed_0.8,0.8,0.8,0.8,14066.386762503582,0.05622146450667461,150000.0,5.486216531627326,3118.2852005514233,10.01373668549479,14066.386762503582,0.05622146450667461,150000.0,5.486216531627326,3118.2852005514233,10.01373668549479,14066.386762503582,3118.2852005514233,0.0,0.0,False,0.0,True,True,1.0
20.0,iql,dual,R1_frontier,0.8,0.8,0.8,14066.386762503582,0.05622146450667461,150000.0,5.486216531627326,3118.2852005514233,10.01373668549479,14066.386762503582,0.05622146450667461,150000.0,5.486216531627326,3118.2852005514233,10.01373668549479,14066.386762503582,3118.2852005514233,0.0,0.0,False,0.0,True,True,1.0
20.0,iql,dual,R2_near_best_95,0.8,0.8,0.8,14066.386762503582,0.05622146450667461,150000.0,5.486216531627326,3118.2852005514233,10.01373668549479,14066.386762503582,0.05622146450667461,150000.0,5.486216531627326,3118.2852005514233,10.01373668549479,14066.386762503582,3118.2852005514233,0.0,0.0,False,0.0,True,True,1.0
20.0,iql,dual,R4_kink_aware,0.8,0.8,0.8,14066.386762503582,0.05622146450667461,150000.0,5.486216531627326,3118.2852005514233,10.01373668549479,14066.386762503582,0.05622146450667461,150000.0,5.486216531627326,3118.2852005514233,10.01373668549479,14066.386762503582,3118.2852005514233,0.0,0.0,False,0.0,True,True,1.0
20.0,iql,dual,B_global_cal,0.8,0.8,0.8,14066.386762503582,0.05622146450667461,150000.0,5.486216531627326,3118.2852005514233,10.01373668549479,14066.386762503582,0.05622146450667461,150000.0,5.486216531627326,3118.2852005514233,10.01373668549479,14066.386762503582,3118.2852005514233,0.0,0.0,False,0.0,True,True,1.0
20.0,iql,dual,B_reference_cal,0.8,0.8,0.8,14066.386762503582,0.05622146450667461,150000.0,5.486216531627326,3118.2852005514233,10.01373668549479,14066.386762503582,0.05622146450667461,150000.0,5.486216531627326,3118.2852005514233,10.01373668549479,14066.386762503582,3118.2852005514233,0.0,0.0,False,0.0,True,True,1.0
20.0,iql,dual,B_fixed_0.8,0.8,0.8,0.8,14066.386762503582,0.05622146450667461,150000.0,5.486216531627326,3118.2852005514233,10.01373668549479,14066.386762503582,0.05622146450667461,150000.0,5.486216531627326,3118.2852005514233,10.01373668549479,14066.386762503582,3118.2852005514233,0.0,0.0,False,0.0,True,True,1.0
10.0,iql,dual,B_fixed_1,1.0,0.8,0.8,13939.959128173225,0.27426749273991463,150000.0,27.290819354951328,2991.857566221066,7.794905014049519,14066.386762503582,0.05622146450667461,150000.0,5.486216531627326,3118.2852005514233,10.01373668549479,14066.386762503582,3118.2852005514233,0.000842850895535715,0.000842850895535715,True,17.290819354951328,False,True,0.9594560387523244
20.0,iql,dual,B_fixed_1,1.0,0.8,0.8,13939.959128173225,0.27426749273991463,150000.0,27.290819354951328,2991.857566221066,7.794905014049519,14066.386762503582,0.05622146450667461,150000.0,5.486216531627326,3118.2852005514233,10.01373668549479,14066.386762503582,3118.2852005514233,0.000842850895535715,0.000842850895535715,True,7.290819354951328,False,True,0.9594560387523244
5.0,iql,pid,R1_frontier,0.8,0.5,0.8,16086.623750599507,0.1255066649036377,150000.0,8.128409933099965,3398.6358055293313,8.146463492284033,14786.804881206224,0.061566272117362174,150000.0,1.734370654472412,2098.8169361360488,9.489618103207633,16086.623750599507,3398.6358055293313,0.0,-0.00866545912928855,True,3.128409933099965,False,True,1.0
5.0,iql,pid,R2_near_best_95,0.8,0.5,0.8,16086.623750599507,0.1255066649036377,150000.0,8.128409933099965,3398.6358055293313,8.146463492284033,14786.804881206224,0.061566272117362174,150000.0,1.734370654472412,2098.8169361360488,9.489618103207633,16086.623750599507,3398.6358055293313,0.0,-0.00866545912928855,True,3.128409933099965,False,True,1.0
5.0,iql,pid,R3_sequential,0.8,0.5,0.8,16086.623750599507,0.1255066649036377,150000.0,8.128409933099965,3398.6358055293313,8.146463492284033,14786.804881206224,0.061566272117362174,150000.0,1.734370654472412,2098.8169361360488,9.489618103207633,16086.623750599507,3398.6358055293313,0.0,-0.00866545912928855,True,3.128409933099965,False,True,1.0
5.0,iql,pid,R4_kink_aware,0.8,0.5,0.8,16086.623750599507,0.1255066649036377,150000.0,8.128409933099965,3398.6358055293313,8.146463492284033,14786.804881206224,0.061566272117362174,150000.0,1.734370654472412,2098.8169361360488,9.489618103207633,16086.623750599507,3398.6358055293313,0.0,-0.00866545912928855,True,3.128409933099965,False,True,1.0
5.0,iql,pid,B_fixed_0.8,0.8,0.5,0.8,16086.623750599507,0.1255066649036377,150000.0,8.128409933099965,3398.6358055293313,8.146463492284033,14786.804881206224,0.061566272117362174,150000.0,1.734370654472412,2098.8169361360488,9.489618103207633,16086.623750599507,3398.6358055293313,0.0,-0.00866545912928855,True,3.128409933099965,False,True,1.0
5.0,iql,pid,B_global_cal,0.5,0.5,0.8,14786.804881206224,0.061566272117362174,150000.0,1.734370654472412,2098.8169361360488,9.489618103207633,14786.804881206224,0.061566272117362174,150000.0,1.734370654472412,2098.8169361360488,9.489618103207633,16086.623750599507,3398.6358055293313,0.00866545912928855,0.0,False,0.0,True,True,0.6175468794630562
5.0,iql,pid,B_reference_cal,0.5,0.5,0.8,14786.804881206224,0.061566272117362174,150000.0,1.734370654472412,2098.8169361360488,9.489618103207633,14786.804881206224,0.061566272117362174,150000.0,1.734370654472412,2098.8169361360488,9.489618103207633,16086.623750599507,3398.6358055293313,0.00866545912928855,0.0,False,0.0,True,True,0.6175468794630562
5.0,iql,pid,B_fixed_0,0.0,0.5,0.8,12687.987945070176,0.04422256557263805,150000.0,0.0,0.0,11.290656192489966,14786.804881206224,0.061566272117362174,150000.0,1.734370654472412,2098.8169361360488,9.489618103207633,16086.623750599507,3398.6358055293313,0.02265757203686221,0.013992112907573658,False,0.0,False,False,0.0
5.0,iql,pid,B_fixed_0.3,0.3,0.5,0.8,13392.998402608127,0.05327973700274536,150000.0,0.9057171430107307,705.0104575379519,10.564683449157378,14786.804881206224,0.061566272117362174,150000.0,1.734370654472412,2098.8169361360488,9.489618103207633,16086.623750599507,3398.6358055293313,0.017957502319942528,0.009292043190653979,False,0.0,False,True,0.20743924853347087
5.0,iql,pid,B_fixed_1,1.0,0.5,0.8,16034.23206311187,0.16988599875184782,150000.0,12.566343317920975,3346.2441180416936,7.7618652570696085,14786.804881206224,0.061566272117362174,150000.0,1.734370654472412,2098.8169361360488,9.489618103207633,16086.623750599507,3398.6358055293313,0.0003492779165842512,-0.0083161812127043,True,7.566343317920975,False,False,0.9845844949310544
10.0,iql,pid,R1_frontier,0.8,0.8,0.8,16086.623750599507,0.1255066649036377,150000.0,8.128409933099965,3398.6358055293313,8.146463492284033,16086.623750599507,0.1255066649036377,150000.0,8.128409933099965,3398.6358055293313,8.146463492284033,16086.623750599507,3398.6358055293313,0.0,0.0,False,0.0,True,True,1.0
10.0,iql,pid,R2_near_best_95,0.8,0.8,0.8,16086.623750599507,0.1255066649036377,150000.0,8.128409933099965,3398.6358055293313,8.146463492284033,16086.623750599507,0.1255066649036377,150000.0,8.128409933099965,3398.6358055293313,8.146463492284033,16086.623750599507,3398.6358055293313,0.0,0.0,False,0.0,True,True,1.0
10.0,iql,pid,R3_sequential,0.8,0.8,0.8,16086.623750599507,0.1255066649036377,150000.0,8.128409933099965,3398.6358055293313,8.146463492284033,16086.623750599507,0.1255066649036377,150000.0,8.128409933099965,3398.6358055293313,8.146463492284033,16086.623750599507,3398.6358055293313,0.0,0.0,False,0.0,True,True,1.0
10.0,iql,pid,R4_kink_aware,0.8,0.8,0.8,16086.623750599507,0.1255066649036377,150000.0,8.128409933099965,3398.6358055293313,8.146463492284033,16086.623750599507,0.1255066649036377,150000.0,8.128409933099965,3398.6358055293313,8.146463492284033,16086.623750599507,3398.6358055293313,0.0,0.0,False,0.0,True,True,1.0
10.0,iql,pid,B_global_cal,0.8,0.8,0.8,16086.623750599507,0.1255066649036377,150000.0,8.128409933099965,3398.6358055293313,8.146463492284033,16086.623750599507,0.1255066649036377,150000.0,8.128409933099965,3398.6358055293313,8.146463492284033,16086.623750599507,3398.6358055293313,0.0,0.0,False,0.0,True,True,1.0
10.0,iql,pid,B_reference_cal,0.8,0.8,0.8,16086.623750599507,0.1255066649036377,150000.0,8.128409933099965,3398.6358055293313,8.146463492284033,16086.623750599507,0.1255066649036377,150000.0,8.128409933099965,3398.6358055293313,8.146463492284033,16086.623750599507,3398.6358055293313,0.0,0.0,False,0.0,True,True,1.0
10.0,iql,pid,B_fixed_0.8,0.8,0.8,0.8,16086.623750599507,0.1255066649036377,150000.0,8.128409933099965,3398.6358055293313,8.146463492284033,16086.623750599507,0.1255066649036377,150000.0,8.128409933099965,3398.6358055293313,8.146463492284033,16086.623750599507,3398.6358055293313,0.0,0.0,False,0.0,True,True,1.0
20.0,iql,pid,R1_frontier,0.8,0.8,0.8,16086.623750599507,0.1255066649036377,150000.0,8.128409933099965,3398.6358055293313,8.146463492284033,16086.623750599507,0.1255066649036377,150000.0,8.128409933099965,3398.6358055293313,8.146463492284033,16086.623750599507,3398.6358055293313,0.0,0.0,False,0.0,True,True,1.0
20.0,iql,pid,R2_near_best_95,0.8,0.8,0.8,16086.623750599507,0.1255066649036377,150000.0,8.128409933099965,3398.6358055293313,8.146463492284033,16086.623750599507,0.1255066649036377,150000.0,8.128409933099965,3398.6358055293313,8.146463492284033,16086.623750599507,3398.6358055293313,0.0,0.0,False,0.0,True,True,1.0
20.0,iql,pid,R3_sequential,0.8,0.8,0.8,16086.623750599507,0.1255066649036377,150000.0,8.128409933099965,3398.6358055293313,8.146463492284033,16086.623750599507,0.1255066649036377,150000.0,8.128409933099965,3398.6358055293313,8.146463492284033,16086.623750599507,3398.6358055293313,0.0,0.0,False,0.0,True,True,1.0
20.0,iql,pid,R4_kink_aware,0.8,0.8,0.8,16086.623750599507,0.1255066649036377,150000.0,8.128409933099965,3398.6358055293313,8.146463492284033,16086.623750599507,0.1255066649036377,150000.0,8.128409933099965,3398.6358055293313,8.146463492284033,16086.623750599507,3398.6358055293313,0.0,0.0,False,0.0,True,True,1.0
20.0,iql,pid,B_global_cal,0.8,0.8,0.8,16086.623750599507,0.1255066649036377,150000.0,8.128409933099965,3398.6358055293313,8.146463492284033,16086.623750599507,0.1255066649036377,150000.0,8.128409933099965,3398.6358055293313,8.146463492284033,16086.623750599507,3398.6358055293313,0.0,0.0,False,0.0,True,True,1.0
20.0,iql,pid,B_reference_cal,0.8,0.8,0.8,16086.623750599507,0.1255066649036377,150000.0,8.128409933099965,3398.6358055293313,8.146463492284033,16086.623750599507,0.1255066649036377,150000.0,8.128409933099965,3398.6358055293313,8.146463492284033,16086.623750599507,3398.6358055293313,0.0,0.0,False,0.0,True,True,1.0
20.0,iql,pid,B_fixed_0.8,0.8,0.8,0.8,16086.623750599507,0.1255066649036377,150000.0,8.128409933099965,3398.6358055293313,8.146463492284033,16086.623750599507,0.1255066649036377,150000.0,8.128409933099965,3398.6358055293313,8.146463492284033,16086.623750599507,3398.6358055293313,0.0,0.0,False,0.0,True,True,1.0
10.0,iql,pid,B_fixed_0,0.0,0.8,0.8,12687.987945070176,0.04422256557263805,150000.0,0.0,0.0,11.290656192489966,16086.623750599507,0.1255066649036377,150000.0,8.128409933099965,3398.6358055293313,8.146463492284033,16086.623750599507,3398.6358055293313,0.02265757203686221,0.02265757203686221,False,0.0,False,False,0.0
20.0,iql,pid,B_fixed_0,0.0,0.8,0.8,12687.987945070176,0.04422256557263805,150000.0,0.0,0.0,11.290656192489966,16086.623750599507,0.1255066649036377,150000.0,8.128409933099965,3398.6358055293313,8.146463492284033,16086.623750599507,3398.6358055293313,0.02265757203686221,0.02265757203686221,False,0.0,False,False,0.0
10.0,iql,pid,B_fixed_0.3,0.3,0.8,0.8,13392.998402608127,0.05327973700274536,150000.0,0.9057171430107307,705.0104575379519,10.564683449157378,16086.623750599507,0.1255066649036377,150000.0,8.128409933099965,3398.6358055293313,8.146463492284033,16086.623750599507,3398.6358055293313,0.017957502319942528,0.017957502319942528,False,0.0,False,False,0.20743924853347087
20.0,iql,pid,B_fixed_0.3,0.3,0.8,0.8,13392.998402608127,0.05327973700274536,150000.0,0.9057171430107307,705.0104575379519,10.564683449157378,16086.623750599507,0.1255066649036377,150000.0,8.128409933099965,3398.6358055293313,8.146463492284033,16086.623750599507,3398.6358055293313,0.017957502319942528,0.017957502319942528,False,0.0,False,False,0.20743924853347087
10.0,iql,pid,B_fixed_1,1.0,0.8,0.8,16034.23206311187,0.16988599875184782,150000.0,12.566343317920975,3346.2441180416936,7.7618652570696085,16086.623750599507,0.1255066649036377,150000.0,8.128409933099965,3398.6358055293313,8.146463492284033,16086.623750599507,3398.6358055293313,0.0003492779165842512,0.0003492779165842512,True,2.5663433179209747,False,True,0.9845844949310544
20.0,iql,pid,B_fixed_1,1.0,0.8,0.8,16034.23206311187,0.16988599875184782,150000.0,12.566343317920975,3346.2441180416936,7.7618652570696085,16086.623750599507,0.1255066649036377,150000.0,8.128409933099965,3398.6358055293313,8.146463492284033,16086.623750599507,3398.6358055293313,0.0003492779165842512,0.0003492779165842512,False,0.0,False,True,0.9845844949310544
5.0,iql,traffic_aware,R1_frontier,0.5,0.5,0.8,15513.582886123779,0.02760056326355584,150000.0,2.759267365108489,4685.300908625402,9.40354157259612,15513.582886123779,0.02760056326355584,150000.0,2.759267365108489,4685.300908625402,9.40354157259612,17115.52847809332,6287.246500594945,0.010679637279796952,0.0,False,0.0,True,True,0.7452071281413962
5.0,iql,traffic_aware,R2_near_best_95,0.5,0.5,0.8,15513.582886123779,0.02760056326355584,150000.0,2.759267365108489,4685.300908625402,9.40354157259612,15513.582886123779,0.02760056326355584,150000.0,2.759267365108489,4685.300908625402,9.40354157259612,17115.52847809332,6287.246500594945,0.010679637279796952,0.0,False,0.0,True,True,0.7452071281413962
5.0,iql,traffic_aware,R3_sequential,0.5,0.5,0.8,15513.582886123779,0.02760056326355584,150000.0,2.759267365108489,4685.300908625402,9.40354157259612,15513.582886123779,0.02760056326355584,150000.0,2.759267365108489,4685.300908625402,9.40354157259612,17115.52847809332,6287.246500594945,0.010679637279796952,0.0,False,0.0,True,True,0.7452071281413962
5.0,iql,traffic_aware,R4_kink_aware,0.5,0.5,0.8,15513.582886123779,0.02760056326355584,150000.0,2.759267365108489,4685.300908625402,9.40354157259612,15513.582886123779,0.02760056326355584,150000.0,2.759267365108489,4685.300908625402,9.40354157259612,17115.52847809332,6287.246500594945,0.010679637279796952,0.0,False,0.0,True,True,0.7452071281413962
5.0,iql,traffic_aware,B_global_cal,0.5,0.5,0.8,15513.582886123779,0.02760056326355584,150000.0,2.759267365108489,4685.300908625402,9.40354157259612,15513.582886123779,0.02760056326355584,150000.0,2.759267365108489,4685.300908625402,9.40354157259612,17115.52847809332,6287.246500594945,0.010679637279796952,0.0,False,0.0,True,True,0.7452071281413962
5.0,iql,traffic_aware,B_reference_cal,0.3,0.5,0.8,13642.694144005924,0.008112944755893452,150000.0,0.8105055143422505,2814.412166507547,10.896331100993502,15513.582886123779,0.02760056326355584,150000.0,2.759267365108489,4685.300908625402,9.40354157259612,17115.52847809332,6287.246500594945,0.023152228893915987,0.012472591614119035,False,0.0,False,True,0.4476382731679483
5.0,iql,traffic_aware,B_fixed_0.3,0.3,0.5,0.8,13642.694144005924,0.008112944755893452,150000.0,0.8105055143422505,2814.412166507547,10.896331100993502,15513.582886123779,0.02760056326355584,150000.0,2.759267365108489,4685.300908625402,9.40354157259612,17115.52847809332,6287.246500594945,0.023152228893915987,0.012472591614119035,False,0.0,False,True,0.4476382731679483
5.0,iql,traffic_aware,B_fixed_0,0.0,0.5,0.8,10828.281977498376,7.889612470947516e-06,150000.0,0.0,0.0,13.886721395311106,15513.582886123779,0.02760056326355584,150000.0,2.759267365108489,4685.300908625402,9.40354157259612,17115.52847809332,6287.246500594945,0.041914976670632965,0.031235339390836017,False,0.0,False,False,0.0
5.0,iql,traffic_aware,B_fixed_0.8,0.8,0.5,0.8,17115.52847809332,0.07721832658179512,150000.0,7.721043696932417,6287.246500594945,8.078246980576413,15513.582886123779,0.02760056326355584,150000.0,2.759267365108489,4685.300908625402,9.40354157259612,17115.52847809332,6287.246500594945,0.0,-0.010679637279796952,True,2.7210436969324174,False,True,1.0
5.0,iql,traffic_aware,B_fixed_1,1.0,0.5,0.8,16462.580671987253,0.14016585280368196,150000.0,14.015796319121101,5634.298694488876,7.8330033117168565,15513.582886123779,0.02760056326355584,150000.0,2.759267365108489,4685.300908625402,9.40354157259612,17115.52847809332,6287.246500594945,0.00435298537404046,-0.006326651905756492,True,9.015796319121101,False,False,0.896147255234182
10.0,iql,traffic_aware,B_reference_cal,0.5,0.8,0.8,15513.582886123779,0.02760056326355584,150000.0,2.759267365108489,4685.300908625402,9.40354157259612,17115.52847809332,0.07721832658179512,150000.0,7.721043696932417,6287.246500594945,8.078246980576413,17115.52847809332,6287.246500594945,0.010679637279796952,0.010679637279796952,False,0.0,False,True,0.7452071281413962
10.0,iql,traffic_aware,B_fixed_0.3,0.3,0.8,0.8,13642.694144005924,0.008112944755893452,150000.0,0.8105055143422505,2814.412166507547,10.896331100993502,17115.52847809332,0.07721832658179512,150000.0,7.721043696932417,6287.246500594945,8.078246980576413,17115.52847809332,6287.246500594945,0.023152228893915987,0.023152228893915987,False,0.0,False,False,0.4476382731679483
20.0,iql,traffic_aware,B_fixed_0.3,0.3,0.8,0.8,13642.694144005924,0.008112944755893452,150000.0,0.8105055143422505,2814.412166507547,10.896331100993502,17115.52847809332,0.07721832658179512,150000.0,7.721043696932417,6287.246500594945,8.078246980576413,17115.52847809332,6287.246500594945,0.023152228893915987,0.023152228893915987,False,0.0,False,False,0.4476382731679483
10.0,iql,traffic_aware,B_fixed_0,0.0,0.8,0.8,10828.281977498376,7.889612470947516e-06,150000.0,0.0,0.0,13.886721395311106,17115.52847809332,0.07721832658179512,150000.0,7.721043696932417,6287.246500594945,8.078246980576413,17115.52847809332,6287.246500594945,0.041914976670632965,0.041914976670632965,False,0.0,False,False,0.0
20.0,iql,traffic_aware,B_fixed_0,0.0,0.8,0.8,10828.281977498376,7.889612470947516e-06,150000.0,0.0,0.0,13.886721395311106,17115.52847809332,0.07721832658179512,150000.0,7.721043696932417,6287.246500594945,8.078246980576413,17115.52847809332,6287.246500594945,0.041914976670632965,0.041914976670632965,False,0.0,False,False,0.0
10.0,iql,traffic_aware,R1_frontier,0.8,0.8,0.8,17115.52847809332,0.07721832658179512,150000.0,7.721043696932417,6287.246500594945,8.078246980576413,17115.52847809332,0.07721832658179512,150000.0,7.721043696932417,6287.246500594945,8.078246980576413,17115.52847809332,6287.246500594945,0.0,0.0,False,0.0,True,True,1.0
10.0,iql,traffic_aware,R2_near_best_95,0.8,0.8,0.8,17115.52847809332,0.07721832658179512,150000.0,7.721043696932417,6287.246500594945,8.078246980576413,17115.52847809332,0.07721832658179512,150000.0,7.721043696932417,6287.246500594945,8.078246980576413,17115.52847809332,6287.246500594945,0.0,0.0,False,0.0,True,True,1.0
10.0,iql,traffic_aware,R3_sequential,0.8,0.8,0.8,17115.52847809332,0.07721832658179512,150000.0,7.721043696932417,6287.246500594945,8.078246980576413,17115.52847809332,0.07721832658179512,150000.0,7.721043696932417,6287.246500594945,8.078246980576413,17115.52847809332,6287.246500594945,0.0,0.0,False,0.0,True,True,1.0
10.0,iql,traffic_aware,R4_kink_aware,0.8,0.8,0.8,17115.52847809332,0.07721832658179512,150000.0,7.721043696932417,6287.246500594945,8.078246980576413,17115.52847809332,0.07721832658179512,150000.0,7.721043696932417,6287.246500594945,8.078246980576413,17115.52847809332,6287.246500594945,0.0,0.0,False,0.0,True,True,1.0
10.0,iql,traffic_aware,B_global_cal,0.8,0.8,0.8,17115.52847809332,0.07721832658179512,150000.0,7.721043696932417,6287.246500594945,8.078246980576413,17115.52847809332,0.07721832658179512,150000.0,7.721043696932417,6287.246500594945,8.078246980576413,17115.52847809332,6287.246500594945,0.0,0.0,False,0.0,True,True,1.0
10.0,iql,traffic_aware,B_fixed_0.8,0.8,0.8,0.8,17115.52847809332,0.07721832658179512,150000.0,7.721043696932417,6287.246500594945,8.078246980576413,17115.52847809332,0.07721832658179512,150000.0,7.721043696932417,6287.246500594945,8.078246980576413,17115.52847809332,6287.246500594945,0.0,0.0,False,0.0,True,True,1.0
20.0,iql,traffic_aware,R1_frontier,0.8,0.8,0.8,17115.52847809332,0.07721832658179512,150000.0,7.721043696932417,6287.246500594945,8.078246980576413,17115.52847809332,0.07721832658179512,150000.0,7.721043696932417,6287.246500594945,8.078246980576413,17115.52847809332,6287.246500594945,0.0,0.0,False,0.0,True,True,1.0
20.0,iql,traffic_aware,R2_near_best_95,0.8,0.8,0.8,17115.52847809332,0.07721832658179512,150000.0,7.721043696932417,6287.246500594945,8.078246980576413,17115.52847809332,0.07721832658179512,150000.0,7.721043696932417,6287.246500594945,8.078246980576413,17115.52847809332,6287.246500594945,0.0,0.0,False,0.0,True,True,1.0
20.0,iql,traffic_aware,R3_sequential,0.8,0.8,0.8,17115.52847809332,0.07721832658179512,150000.0,7.721043696932417,6287.246500594945,8.078246980576413,17115.52847809332,0.07721832658179512,150000.0,7.721043696932417,6287.246500594945,8.078246980576413,17115.52847809332,6287.246500594945,0.0,0.0,False,0.0,True,True,1.0
20.0,iql,traffic_aware,R4_kink_aware,0.8,0.8,0.8,17115.52847809332,0.07721832658179512,150000.0,7.721043696932417,6287.246500594945,8.078246980576413,17115.52847809332,0.07721832658179512,150000.0,7.721043696932417,6287.246500594945,8.078246980576413,17115.52847809332,6287.246500594945,0.0,0.0,False,0.0,True,True,1.0
20.0,iql,traffic_aware,B_global_cal,0.8,0.8,0.8,17115.52847809332,0.07721832658179512,150000.0,7.721043696932417,6287.246500594945,8.078246980576413,17115.52847809332,0.07721832658179512,150000.0,7.721043696932417,6287.246500594945,8.078246980576413,17115.52847809332,6287.246500594945,0.0,0.0,False,0.0,True,True,1.0
20.0,iql,traffic_aware,B_reference_cal,0.8,0.8,0.8,17115.52847809332,0.07721832658179512,150000.0,7.721043696932417,6287.246500594945,8.078246980576413,17115.52847809332,0.07721832658179512,150000.0,7.721043696932417,6287.246500594945,8.078246980576413,17115.52847809332,6287.246500594945,0.0,0.0,False,0.0,True,True,1.0
20.0,iql,traffic_aware,B_fixed_0.8,0.8,0.8,0.8,17115.52847809332,0.07721832658179512,150000.0,7.721043696932417,6287.246500594945,8.078246980576413,17115.52847809332,0.07721832658179512,150000.0,7.721043696932417,6287.246500594945,8.078246980576413,17115.52847809332,6287.246500594945,0.0,0.0,False,0.0,True,True,1.0
10.0,iql,traffic_aware,B_fixed_1,1.0,0.8,0.8,16462.580671987253,0.14016585280368196,150000.0,14.015796319121101,5634.298694488876,7.8330033117168565,17115.52847809332,0.07721832658179512,150000.0,7.721043696932417,6287.246500594945,8.078246980576413,17115.52847809332,6287.246500594945,0.00435298537404046,0.00435298537404046,True,4.015796319121101,False,True,0.896147255234182
20.0,iql,traffic_aware,B_fixed_1,1.0,0.8,0.8,16462.580671987253,0.14016585280368196,150000.0,14.015796319121101,5634.298694488876,7.8330033117168565,17115.52847809332,0.07721832658179512,150000.0,7.721043696932417,6287.246500594945,8.078246980576413,17115.52847809332,6287.246500594945,0.00435298537404046,0.00435298537404046,False,0.0,False,True,0.896147255234182
5.0,sembid,dual,R1_frontier,0.5,0.5,0.8,11154.770618104796,0.018932864547006163,150000.0,1.7573565356604814,206.6690561526375,13.214502434725505,11154.770618104796,0.018932864547006163,150000.0,1.7573565356604814,206.6690561526375,13.214502434725505,13496.549571567986,2548.4480096158277,0.015611859689754601,0.0,False,0.0,True,True,0.08109604566105798
5.0,sembid,dual,R2_near_best_95,0.5,0.5,0.8,11154.770618104796,0.018932864547006163,150000.0,1.7573565356604814,206.6690561526375,13.214502434725505,11154.770618104796,0.018932864547006163,150000.0,1.7573565356604814,206.6690561526375,13.214502434725505,13496.549571567986,2548.4480096158277,0.015611859689754601,0.0,False,0.0,True,True,0.08109604566105798
5.0,sembid,dual,R3_sequential,0.5,0.5,0.8,11154.770618104796,0.018932864547006163,150000.0,1.7573565356604814,206.6690561526375,13.214502434725505,11154.770618104796,0.018932864547006163,150000.0,1.7573565356604814,206.6690561526375,13.214502434725505,13496.549571567986,2548.4480096158277,0.015611859689754601,0.0,False,0.0,True,True,0.08109604566105798
5.0,sembid,dual,R4_kink_aware,0.5,0.5,0.8,11154.770618104796,0.018932864547006163,150000.0,1.7573565356604814,206.6690561526375,13.214502434725505,11154.770618104796,0.018932864547006163,150000.0,1.7573565356604814,206.6690561526375,13.214502434725505,13496.549571567986,2548.4480096158277,0.015611859689754601,0.0,False,0.0,True,True,0.08109604566105798
5.0,sembid,dual,B_global_cal,0.5,0.5,0.8,11154.770618104796,0.018932864547006163,150000.0,1.7573565356604814,206.6690561526375,13.214502434725505,11154.770618104796,0.018932864547006163,150000.0,1.7573565356604814,206.6690561526375,13.214502434725505,13496.549571567986,2548.4480096158277,0.015611859689754601,0.0,False,0.0,True,True,0.08109604566105798
5.0,sembid,dual,B_reference_cal,0.5,0.5,0.8,11154.770618104796,0.018932864547006163,150000.0,1.7573565356604814,206.6690561526375,13.214502434725505,11154.770618104796,0.018932864547006163,150000.0,1.7573565356604814,206.6690561526375,13.214502434725505,13496.549571567986,2548.4480096158277,0.015611859689754601,0.0,False,0.0,True,True,0.08109604566105798
5.0,sembid,dual,B_fixed_0,0.0,0.5,0.8,10948.101561952159,0.00135929919040135,150000.0,0.0,0.0,13.710155873381062,11154.770618104796,0.018932864547006163,150000.0,1.7573565356604814,206.6690561526375,13.214502434725505,13496.549571567986,2548.4480096158277,0.01698965339743885,0.00137779370768425,False,0.0,False,False,0.0
5.0,sembid,dual,B_fixed_0.3,0.3,0.5,0.8,11025.29388753068,0.014177936880118475,150000.0,1.2818637689717125,77.19232557852229,13.460727796059782,11154.770618104796,0.018932864547006163,150000.0,1.7573565356604814,206.6690561526375,13.214502434725505,13496.549571567986,2548.4480096158277,0.016475037893582036,0.0008631782038274347,False,0.0,False,True,0.030289935398822927
5.0,sembid,dual,B_fixed_0.8,0.8,0.5,0.8,13496.549571567986,0.05374584280776959,150000.0,5.238654361736824,2548.4480096158277,10.463674362505865,11154.770618104796,0.018932864547006163,150000.0,1.7573565356604814,206.6690561526375,13.214502434725505,13496.549571567986,2548.4480096158277,0.0,-0.015611859689754601,True,0.23865436173682397,False,True,1.0
5.0,sembid,dual,B_fixed_1,1.0,0.5,0.8,11060.166733871223,0.48698124772720913,150000.0,48.56219485368078,112.0651719190646,6.947944335874121,11154.770618104796,0.018932864547006163,150000.0,1.7573565356604814,206.6690561526375,13.214502434725505,13496.549571567986,2548.4480096158277,0.016242552251311753,0.0006306925615571526,True,43.56219485368078,False,False,0.04397388979340338
10.0,sembid,dual,B_fixed_0,0.0,0.8,0.8,10948.101561952159,0.00135929919040135,150000.0,0.0,0.0,13.710155873381062,13496.549571567986,0.05374584280776959,150000.0,5.238654361736824,2548.4480096158277,10.463674362505865,13496.549571567986,2548.4480096158277,0.01698965339743885,0.01698965339743885,False,0.0,False,False,0.0
20.0,sembid,dual,B_fixed_0,0.0,0.8,0.8,10948.101561952159,0.00135929919040135,150000.0,0.0,0.0,13.710155873381062,13496.549571567986,0.05374584280776959,150000.0,5.238654361736824,2548.4480096158277,10.463674362505865,13496.549571567986,2548.4480096158277,0.01698965339743885,0.01698965339743885,False,0.0,False,False,0.0
10.0,sembid,dual,B_fixed_0.3,0.3,0.8,0.8,11025.29388753068,0.014177936880118475,150000.0,1.2818637689717125,77.19232557852229,13.460727796059782,13496.549571567986,0.05374584280776959,150000.0,5.238654361736824,2548.4480096158277,10.463674362505865,13496.549571567986,2548.4480096158277,0.016475037893582036,0.016475037893582036,False,0.0,False,False,0.030289935398822927
20.0,sembid,dual,B_fixed_0.3,0.3,0.8,0.8,11025.29388753068,0.014177936880118475,150000.0,1.2818637689717125,77.19232557852229,13.460727796059782,13496.549571567986,0.05374584280776959,150000.0,5.238654361736824,2548.4480096158277,10.463674362505865,13496.549571567986,2548.4480096158277,0.016475037893582036,0.016475037893582036,False,0.0,False,False,0.030289935398822927
10.0,sembid,dual,R1_frontier,0.8,0.8,0.8,13496.549571567986,0.05374584280776959,150000.0,5.238654361736824,2548.4480096158277,10.463674362505865,13496.549571567986,0.05374584280776959,150000.0,5.238654361736824,2548.4480096158277,10.463674362505865,13496.549571567986,2548.4480096158277,0.0,0.0,False,0.0,True,True,1.0
10.0,sembid,dual,R2_near_best_95,0.8,0.8,0.8,13496.549571567986,0.05374584280776959,150000.0,5.238654361736824,2548.4480096158277,10.463674362505865,13496.549571567986,0.05374584280776959,150000.0,5.238654361736824,2548.4480096158277,10.463674362505865,13496.549571567986,2548.4480096158277,0.0,0.0,False,0.0,True,True,1.0
10.0,sembid,dual,R3_sequential,0.8,0.8,0.8,13496.549571567986,0.05374584280776959,150000.0,5.238654361736824,2548.4480096158277,10.463674362505865,13496.549571567986,0.05374584280776959,150000.0,5.238654361736824,2548.4480096158277,10.463674362505865,13496.549571567986,2548.4480096158277,0.0,0.0,False,0.0,True,True,1.0
10.0,sembid,dual,R4_kink_aware,0.8,0.8,0.8,13496.549571567986,0.05374584280776959,150000.0,5.238654361736824,2548.4480096158277,10.463674362505865,13496.549571567986,0.05374584280776959,150000.0,5.238654361736824,2548.4480096158277,10.463674362505865,13496.549571567986,2548.4480096158277,0.0,0.0,False,0.0,True,True,1.0
10.0,sembid,dual,B_global_cal,0.8,0.8,0.8,13496.549571567986,0.05374584280776959,150000.0,5.238654361736824,2548.4480096158277,10.463674362505865,13496.549571567986,0.05374584280776959,150000.0,5.238654361736824,2548.4480096158277,10.463674362505865,13496.549571567986,2548.4480096158277,0.0,0.0,False,0.0,True,True,1.0
10.0,sembid,dual,B_reference_cal,0.8,0.8,0.8,13496.549571567986,0.05374584280776959,150000.0,5.238654361736824,2548.4480096158277,10.463674362505865,13496.549571567986,0.05374584280776959,150000.0,5.238654361736824,2548.4480096158277,10.463674362505865,13496.549571567986,2548.4480096158277,0.0,0.0,False,0.0,True,True,1.0
10.0,sembid,dual,B_fixed_0.8,0.8,0.8,0.8,13496.549571567986,0.05374584280776959,150000.0,5.238654361736824,2548.4480096158277,10.463674362505865,13496.549571567986,0.05374584280776959,150000.0,5.238654361736824,2548.4480096158277,10.463674362505865,13496.549571567986,2548.4480096158277,0.0,0.0,False,0.0,True,True,1.0
20.0,sembid,dual,R1_frontier,0.8,0.8,0.8,13496.549571567986,0.05374584280776959,150000.0,5.238654361736824,2548.4480096158277,10.463674362505865,13496.549571567986,0.05374584280776959,150000.0,5.238654361736824,2548.4480096158277,10.463674362505865,13496.549571567986,2548.4480096158277,0.0,0.0,False,0.0,True,True,1.0
20.0,sembid,dual,R2_near_best_95,0.8,0.8,0.8,13496.549571567986,0.05374584280776959,150000.0,5.238654361736824,2548.4480096158277,10.463674362505865,13496.549571567986,0.05374584280776959,150000.0,5.238654361736824,2548.4480096158277,10.463674362505865,13496.549571567986,2548.4480096158277,0.0,0.0,False,0.0,True,True,1.0
20.0,sembid,dual,R3_sequential,0.8,0.8,0.8,13496.549571567986,0.05374584280776959,150000.0,5.238654361736824,2548.4480096158277,10.463674362505865,13496.549571567986,0.05374584280776959,150000.0,5.238654361736824,2548.4480096158277,10.463674362505865,13496.549571567986,2548.4480096158277,0.0,0.0,False,0.0,True,True,1.0
20.0,sembid,dual,R4_kink_aware,0.8,0.8,0.8,13496.549571567986,0.05374584280776959,150000.0,5.238654361736824,2548.4480096158277,10.463674362505865,13496.549571567986,0.05374584280776959,150000.0,5.238654361736824,2548.4480096158277,10.463674362505865,13496.549571567986,2548.4480096158277,0.0,0.0,False,0.0,True,True,1.0
20.0,sembid,dual,B_global_cal,0.8,0.8,0.8,13496.549571567986,0.05374584280776959,150000.0,5.238654361736824,2548.4480096158277,10.463674362505865,13496.549571567986,0.05374584280776959,150000.0,5.238654361736824,2548.4480096158277,10.463674362505865,13496.549571567986,2548.4480096158277,0.0,0.0,False,0.0,True,True,1.0
20.0,sembid,dual,B_reference_cal,0.8,0.8,0.8,13496.549571567986,0.05374584280776959,150000.0,5.238654361736824,2548.4480096158277,10.463674362505865,13496.549571567986,0.05374584280776959,150000.0,5.238654361736824,2548.4480096158277,10.463674362505865,13496.549571567986,2548.4480096158277,0.0,0.0,False,0.0,True,True,1.0
20.0,sembid,dual,B_fixed_0.8,0.8,0.8,0.8,13496.549571567986,0.05374584280776959,150000.0,5.238654361736824,2548.4480096158277,10.463674362505865,13496.549571567986,0.05374584280776959,150000.0,5.238654361736824,2548.4480096158277,10.463674362505865,13496.549571567986,2548.4480096158277,0.0,0.0,False,0.0,True,True,1.0
10.0,sembid,dual,B_fixed_1,1.0,0.8,0.8,11060.166733871223,0.48698124772720913,150000.0,48.56219485368078,112.0651719190646,6.947944335874121,13496.549571567986,0.05374584280776959,150000.0,5.238654361736824,2548.4480096158277,10.463674362505865,13496.549571567986,2548.4480096158277,0.016242552251311753,0.016242552251311753,True,38.56219485368078,False,True,0.04397388979340338
20.0,sembid,dual,B_fixed_1,1.0,0.8,0.8,11060.166733871223,0.48698124772720913,150000.0,48.56219485368078,112.0651719190646,6.947944335874121,13496.549571567986,0.05374584280776959,150000.0,5.238654361736824,2548.4480096158277,10.463674362505865,13496.549571567986,2548.4480096158277,0.016242552251311753,0.016242552251311753,True,28.56219485368078,False,True,0.04397388979340338
5.0,sembid,pid,R1_frontier,0.5,0.5,0.5,14278.788971812344,0.07284377378403696,150000.0,2.8621208211398907,1590.8010267421687,9.737714137690121,14278.788971812344,0.07284377378403696,150000.0,2.8621208211398907,1590.8010267421687,9.737714137690121,14278.788971812344,1590.8010267421687,0.0,0.0,False,0.0,True,True,1.0
5.0,sembid,pid,R2_near_best_95,0.5,0.5,0.5,14278.788971812344,0.07284377378403696,150000.0,2.8621208211398907,1590.8010267421687,9.737714137690121,14278.788971812344,0.07284377378403696,150000.0,2.8621208211398907,1590.8010267421687,9.737714137690121,14278.788971812344,1590.8010267421687,0.0,0.0,False,0.0,True,True,1.0
5.0,sembid,pid,R3_sequential,0.5,0.5,0.5,14278.788971812344,0.07284377378403696,150000.0,2.8621208211398907,1590.8010267421687,9.737714137690121,14278.788971812344,0.07284377378403696,150000.0,2.8621208211398907,1590.8010267421687,9.737714137690121,14278.788971812344,1590.8010267421687,0.0,0.0,False,0.0,True,True,1.0
5.0,sembid,pid,R4_kink_aware,0.5,0.5,0.5,14278.788971812344,0.07284377378403696,150000.0,2.8621208211398907,1590.8010267421687,9.737714137690121,14278.788971812344,0.07284377378403696,150000.0,2.8621208211398907,1590.8010267421687,9.737714137690121,14278.788971812344,1590.8010267421687,0.0,0.0,False,0.0,True,True,1.0
5.0,sembid,pid,B_global_cal,0.5,0.5,0.5,14278.788971812344,0.07284377378403696,150000.0,2.8621208211398907,1590.8010267421687,9.737714137690121,14278.788971812344,0.07284377378403696,150000.0,2.8621208211398907,1590.8010267421687,9.737714137690121,14278.788971812344,1590.8010267421687,0.0,0.0,False,0.0,True,True,1.0
5.0,sembid,pid,B_reference_cal,0.5,0.5,0.5,14278.788971812344,0.07284377378403696,150000.0,2.8621208211398907,1590.8010267421687,9.737714137690121,14278.788971812344,0.07284377378403696,150000.0,2.8621208211398907,1590.8010267421687,9.737714137690121,14278.788971812344,1590.8010267421687,0.0,0.0,False,0.0,True,True,1.0
10.0,sembid,pid,R1_frontier,0.5,0.5,0.5,14278.788971812344,0.07284377378403696,150000.0,2.8621208211398907,1590.8010267421687,9.737714137690121,14278.788971812344,0.07284377378403696,150000.0,2.8621208211398907,1590.8010267421687,9.737714137690121,14278.788971812344,1590.8010267421687,0.0,0.0,False,0.0,True,True,1.0
10.0,sembid,pid,R2_near_best_95,0.5,0.5,0.5,14278.788971812344,0.07284377378403696,150000.0,2.8621208211398907,1590.8010267421687,9.737714137690121,14278.788971812344,0.07284377378403696,150000.0,2.8621208211398907,1590.8010267421687,9.737714137690121,14278.788971812344,1590.8010267421687,0.0,0.0,False,0.0,True,True,1.0
10.0,sembid,pid,R3_sequential,0.5,0.5,0.5,14278.788971812344,0.07284377378403696,150000.0,2.8621208211398907,1590.8010267421687,9.737714137690121,14278.788971812344,0.07284377378403696,150000.0,2.8621208211398907,1590.8010267421687,9.737714137690121,14278.788971812344,1590.8010267421687,0.0,0.0,False,0.0,True,True,1.0
10.0,sembid,pid,R4_kink_aware,0.5,0.5,0.5,14278.788971812344,0.07284377378403696,150000.0,2.8621208211398907,1590.8010267421687,9.737714137690121,14278.788971812344,0.07284377378403696,150000.0,2.8621208211398907,1590.8010267421687,9.737714137690121,14278.788971812344,1590.8010267421687,0.0,0.0,False,0.0,True,True,1.0
5.0,sembid,pid,B_fixed_0,0.0,0.5,0.5,12687.987945070176,0.04422256557263805,150000.0,0.0,0.0,11.290656192489966,14278.788971812344,0.07284377378403696,150000.0,2.8621208211398907,1590.8010267421687,9.737714137690121,14278.788971812344,1590.8010267421687,0.010605340178281124,0.010605340178281124,False,0.0,False,False,0.0
10.0,sembid,pid,B_fixed_0,0.0,0.5,0.5,12687.987945070176,0.04422256557263805,150000.0,0.0,0.0,11.290656192489966,14278.788971812344,0.07284377378403696,150000.0,2.8621208211398907,1590.8010267421687,9.737714137690121,14278.788971812344,1590.8010267421687,0.010605340178281124,0.010605340178281124,False,0.0,False,False,0.0
20.0,sembid,pid,B_fixed_0,0.0,0.5,0.5,12687.987945070176,0.04422256557263805,150000.0,0.0,0.0,11.290656192489966,14278.788971812344,0.07284377378403696,150000.0,2.8621208211398907,1590.8010267421687,9.737714137690121,14278.788971812344,1590.8010267421687,0.010605340178281124,0.010605340178281124,False,0.0,False,False,0.0
5.0,sembid,pid,B_fixed_0.3,0.3,0.5,0.5,13086.029117638016,0.05229886850358297,150000.0,0.8076302930944919,398.0411725678405,10.842334379812648,14278.788971812344,0.07284377378403696,150000.0,2.8621208211398907,1590.8010267421687,9.737714137690121,14278.788971812344,1590.8010267421687,0.007951732361162188,0.007951732361162188,False,0.0,False,True,0.25021430454001936
10.0,sembid,pid,B_fixed_0.3,0.3,0.5,0.5,13086.029117638016,0.05229886850358297,150000.0,0.8076302930944919,398.0411725678405,10.842334379812648,14278.788971812344,0.07284377378403696,150000.0,2.8621208211398907,1590.8010267421687,9.737714137690121,14278.788971812344,1590.8010267421687,0.007951732361162188,0.007951732361162188,False,0.0,False,True,0.25021430454001936
20.0,sembid,pid,B_fixed_0.3,0.3,0.5,0.5,13086.029117638016,0.05229886850358297,150000.0,0.8076302930944919,398.0411725678405,10.842334379812648,14278.788971812344,0.07284377378403696,150000.0,2.8621208211398907,1590.8010267421687,9.737714137690121,14278.788971812344,1590.8010267421687,0.007951732361162188,0.007951732361162188,False,0.0,False,True,0.25021430454001936
5.0,sembid,pid,B_fixed_0.8,0.8,0.5,0.5,14196.699188219594,0.22743923139656677,150000.0,18.321666582392872,1508.7112431494188,8.161205996455525,14278.788971812344,0.07284377378403696,150000.0,2.8621208211398907,1590.8010267421687,9.737714137690121,14278.788971812344,1590.8010267421687,0.0005472652239516659,0.0005472652239516659,True,13.321666582392872,False,True,0.9483972022818824
10.0,sembid,pid,B_global_cal,0.8,0.5,0.5,14196.699188219594,0.22743923139656677,150000.0,18.321666582392872,1508.7112431494188,8.161205996455525,14278.788971812344,0.07284377378403696,150000.0,2.8621208211398907,1590.8010267421687,9.737714137690121,14278.788971812344,1590.8010267421687,0.0005472652239516659,0.0005472652239516659,True,8.321666582392872,False,True,0.9483972022818824
10.0,sembid,pid,B_reference_cal,0.8,0.5,0.5,14196.699188219594,0.22743923139656677,150000.0,18.321666582392872,1508.7112431494188,8.161205996455525,14278.788971812344,0.07284377378403696,150000.0,2.8621208211398907,1590.8010267421687,9.737714137690121,14278.788971812344,1590.8010267421687,0.0005472652239516659,0.0005472652239516659,True,8.321666582392872,False,True,0.9483972022818824
10.0,sembid,pid,B_fixed_0.8,0.8,0.5,0.5,14196.699188219594,0.22743923139656677,150000.0,18.321666582392872,1508.7112431494188,8.161205996455525,14278.788971812344,0.07284377378403696,150000.0,2.8621208211398907,1590.8010267421687,9.737714137690121,14278.788971812344,1590.8010267421687,0.0005472652239516659,0.0005472652239516659,True,8.321666582392872,False,True,0.9483972022818824
20.0,sembid,pid,R1_frontier,0.8,0.5,0.5,14196.699188219594,0.22743923139656677,150000.0,18.321666582392872,1508.7112431494188,8.161205996455525,14278.788971812344,0.07284377378403696,150000.0,2.8621208211398907,1590.8010267421687,9.737714137690121,14278.788971812344,1590.8010267421687,0.0005472652239516659,0.0005472652239516659,False,0.0,False,True,0.9483972022818824
20.0,sembid,pid,R2_near_best_95,0.8,0.5,0.5,14196.699188219594,0.22743923139656677,150000.0,18.321666582392872,1508.7112431494188,8.161205996455525,14278.788971812344,0.07284377378403696,150000.0,2.8621208211398907,1590.8010267421687,9.737714137690121,14278.788971812344,1590.8010267421687,0.0005472652239516659,0.0005472652239516659,False,0.0,False,True,0.9483972022818824
20.0,sembid,pid,R3_sequential,0.8,0.5,0.5,14196.699188219594,0.22743923139656677,150000.0,18.321666582392872,1508.7112431494188,8.161205996455525,14278.788971812344,0.07284377378403696,150000.0,2.8621208211398907,1590.8010267421687,9.737714137690121,14278.788971812344,1590.8010267421687,0.0005472652239516659,0.0005472652239516659,False,0.0,False,True,0.9483972022818824
20.0,sembid,pid,R4_kink_aware,0.8,0.5,0.5,14196.699188219594,0.22743923139656677,150000.0,18.321666582392872,1508.7112431494188,8.161205996455525,14278.788971812344,0.07284377378403696,150000.0,2.8621208211398907,1590.8010267421687,9.737714137690121,14278.788971812344,1590.8010267421687,0.0005472652239516659,0.0005472652239516659,False,0.0,False,True,0.9483972022818824
20.0,sembid,pid,B_global_cal,0.8,0.5,0.5,14196.699188219594,0.22743923139656677,150000.0,18.321666582392872,1508.7112431494188,8.161205996455525,14278.788971812344,0.07284377378403696,150000.0,2.8621208211398907,1590.8010267421687,9.737714137690121,14278.788971812344,1590.8010267421687,0.0005472652239516659,0.0005472652239516659,False,0.0,False,True,0.9483972022818824
20.0,sembid,pid,B_reference_cal,0.8,0.5,0.5,14196.699188219594,0.22743923139656677,150000.0,18.321666582392872,1508.7112431494188,8.161205996455525,14278.788971812344,0.07284377378403696,150000.0,2.8621208211398907,1590.8010267421687,9.737714137690121,14278.788971812344,1590.8010267421687,0.0005472652239516659,0.0005472652239516659,False,0.0,False,True,0.9483972022818824
20.0,sembid,pid,B_fixed_0.8,0.8,0.5,0.5,14196.699188219594,0.22743923139656677,150000.0,18.321666582392872,1508.7112431494188,8.161205996455525,14278.788971812344,0.07284377378403696,150000.0,2.8621208211398907,1590.8010267421687,9.737714137690121,14278.788971812344,1590.8010267421687,0.0005472652239516659,0.0005472652239516659,False,0.0,False,True,0.9483972022818824
5.0,sembid,pid,B_fixed_1,1.0,0.5,0.5,12051.206233530693,0.45296754049166604,150000.0,40.8744974919028,-636.7817115394828,6.809293108152778,14278.788971812344,0.07284377378403696,150000.0,2.8621208211398907,1590.8010267421687,9.737714137690121,14278.788971812344,1590.8010267421687,0.014850551588544343,0.014850551588544343,True,35.8744974919028,False,False,-0.40028998022685464
10.0,sembid,pid,B_fixed_1,1.0,0.5,0.5,12051.206233530693,0.45296754049166604,150000.0,40.8744974919028,-636.7817115394828,6.809293108152778,14278.788971812344,0.07284377378403696,150000.0,2.8621208211398907,1590.8010267421687,9.737714137690121,14278.788971812344,1590.8010267421687,0.014850551588544343,0.014850551588544343,True,30.8744974919028,False,False,-0.40028998022685464
20.0,sembid,pid,B_fixed_1,1.0,0.5,0.5,12051.206233530693,0.45296754049166604,150000.0,40.8744974919028,-636.7817115394828,6.809293108152778,14278.788971812344,0.07284377378403696,150000.0,2.8621208211398907,1590.8010267421687,9.737714137690121,14278.788971812344,1590.8010267421687,0.014850551588544343,0.014850551588544343,True,20.8744974919028,False,False,-0.40028998022685464
5.0,sembid,traffic_aware,R1_frontier,0.3,0.3,0.5,13801.229980223628,0.0327607056322355,150000.0,3.2752816019764555,2972.948002725252,10.540420602084927,13801.229980223628,0.0327607056322355,150000.0,3.2752816019764555,2972.948002725252,10.540420602084927,14920.326826749866,4092.0448492514897,0.007460645643508251,0.0,False,0.0,True,True,0.7265189195736843
5.0,sembid,traffic_aware,R2_near_best_95,0.3,0.3,0.5,13801.229980223628,0.0327607056322355,150000.0,3.2752816019764555,2972.948002725252,10.540420602084927,13801.229980223628,0.0327607056322355,150000.0,3.2752816019764555,2972.948002725252,10.540420602084927,14920.326826749866,4092.0448492514897,0.007460645643508251,0.0,False,0.0,True,True,0.7265189195736843
5.0,sembid,traffic_aware,R3_sequential,0.3,0.3,0.5,13801.229980223628,0.0327607056322355,150000.0,3.2752816019764555,2972.948002725252,10.540420602084927,13801.229980223628,0.0327607056322355,150000.0,3.2752816019764555,2972.948002725252,10.540420602084927,14920.326826749866,4092.0448492514897,0.007460645643508251,0.0,False,0.0,True,True,0.7265189195736843
5.0,sembid,traffic_aware,R4_kink_aware,0.3,0.3,0.5,13801.229980223628,0.0327607056322355,150000.0,3.2752816019764555,2972.948002725252,10.540420602084927,13801.229980223628,0.0327607056322355,150000.0,3.2752816019764555,2972.948002725252,10.540420602084927,14920.326826749866,4092.0448492514897,0.007460645643508251,0.0,False,0.0,True,True,0.7265189195736843
5.0,sembid,traffic_aware,B_reference_cal,0.3,0.3,0.5,13801.229980223628,0.0327607056322355,150000.0,3.2752816019764555,2972.948002725252,10.540420602084927,13801.229980223628,0.0327607056322355,150000.0,3.2752816019764555,2972.948002725252,10.540420602084927,14920.326826749866,4092.0448492514897,0.007460645643508251,0.0,False,0.0,True,True,0.7265189195736843
5.0,sembid,traffic_aware,B_fixed_0.3,0.3,0.3,0.5,13801.229980223628,0.0327607056322355,150000.0,3.2752816019764555,2972.948002725252,10.540420602084927,13801.229980223628,0.0327607056322355,150000.0,3.2752816019764555,2972.948002725252,10.540420602084927,14920.326826749866,4092.0448492514897,0.007460645643508251,0.0,False,0.0,True,True,0.7265189195736843
10.0,sembid,traffic_aware,B_fixed_0.3,0.3,0.3,0.5,13801.229980223628,0.0327607056322355,150000.0,3.2752816019764555,2972.948002725252,10.540420602084927,13801.229980223628,0.0327607056322355,150000.0,3.2752816019764555,2972.948002725252,10.540420602084927,14920.326826749866,4092.0448492514897,0.007460645643508251,0.0,False,0.0,True,True,0.7265189195736843
5.0,sembid,traffic_aware,B_global_cal,0.5,0.3,0.5,14920.326826749866,0.10695897221952921,150000.0,10.695108260705826,4092.0448492514897,8.970396245557767,13801.229980223628,0.0327607056322355,150000.0,3.2752816019764555,2972.948002725252,10.540420602084927,14920.326826749866,4092.0448492514897,0.0,-0.007460645643508251,True,5.695108260705826,False,True,1.0
10.0,sembid,traffic_aware,R1_frontier,0.5,0.3,0.5,14920.326826749866,0.10695897221952921,150000.0,10.695108260705826,4092.0448492514897,8.970396245557767,13801.229980223628,0.0327607056322355,150000.0,3.2752816019764555,2972.948002725252,10.540420602084927,14920.326826749866,4092.0448492514897,0.0,-0.007460645643508251,True,0.6951082607058261,False,True,1.0
10.0,sembid,traffic_aware,R2_near_best_95,0.5,0.3,0.5,14920.326826749866,0.10695897221952921,150000.0,10.695108260705826,4092.0448492514897,8.970396245557767,13801.229980223628,0.0327607056322355,150000.0,3.2752816019764555,2972.948002725252,10.540420602084927,14920.326826749866,4092.0448492514897,0.0,-0.007460645643508251,True,0.6951082607058261,False,True,1.0
10.0,sembid,traffic_aware,R3_sequential,0.5,0.3,0.5,14920.326826749866,0.10695897221952921,150000.0,10.695108260705826,4092.0448492514897,8.970396245557767,13801.229980223628,0.0327607056322355,150000.0,3.2752816019764555,2972.948002725252,10.540420602084927,14920.326826749866,4092.0448492514897,0.0,-0.007460645643508251,True,0.6951082607058261,False,True,1.0
10.0,sembid,traffic_aware,R4_kink_aware,0.5,0.3,0.5,14920.326826749866,0.10695897221952921,150000.0,10.695108260705826,4092.0448492514897,8.970396245557767,13801.229980223628,0.0327607056322355,150000.0,3.2752816019764555,2972.948002725252,10.540420602084927,14920.326826749866,4092.0448492514897,0.0,-0.007460645643508251,True,0.6951082607058261,False,True,1.0
10.0,sembid,traffic_aware,B_reference_cal,0.5,0.3,0.5,14920.326826749866,0.10695897221952921,150000.0,10.695108260705826,4092.0448492514897,8.970396245557767,13801.229980223628,0.0327607056322355,150000.0,3.2752816019764555,2972.948002725252,10.540420602084927,14920.326826749866,4092.0448492514897,0.0,-0.007460645643508251,True,0.6951082607058261,False,True,1.0
5.0,sembid,traffic_aware,B_fixed_0,0.0,0.3,0.5,10828.281977498376,7.889612470947516e-06,150000.0,0.0,0.0,13.886721395311106,13801.229980223628,0.0327607056322355,150000.0,3.2752816019764555,2972.948002725252,10.540420602084927,14920.326826749866,4092.0448492514897,0.02728029899500993,0.01981965335150168,False,0.0,False,True,0.0
10.0,sembid,traffic_aware,B_fixed_0,0.0,0.3,0.5,10828.281977498376,7.889612470947516e-06,150000.0,0.0,0.0,13.886721395311106,13801.229980223628,0.0327607056322355,150000.0,3.2752816019764555,2972.948002725252,10.540420602084927,14920.326826749866,4092.0448492514897,0.02728029899500993,0.01981965335150168,False,0.0,False,True,0.0
5.0,sembid,traffic_aware,B_fixed_0.8,0.8,0.3,0.5,14413.150620566392,0.25439889816527295,150000.0,25.4391008552802,3584.8686430680154,7.766567497280731,13801.229980223628,0.0327607056322355,150000.0,3.2752816019764555,2972.948002725252,10.540420602084927,14920.326826749866,4092.0448492514897,0.0033811747078898286,-0.004079470935618422,True,20.4391008552802,False,False,0.8760580040377011
10.0,sembid,traffic_aware,B_global_cal,0.8,0.3,0.5,14413.150620566392,0.25439889816527295,150000.0,25.4391008552802,3584.8686430680154,7.766567497280731,13801.229980223628,0.0327607056322355,150000.0,3.2752816019764555,2972.948002725252,10.540420602084927,14920.326826749866,4092.0448492514897,0.0033811747078898286,-0.004079470935618422,True,15.439100855280198,False,False,0.8760580040377011
10.0,sembid,traffic_aware,B_fixed_0.8,0.8,0.3,0.5,14413.150620566392,0.25439889816527295,150000.0,25.4391008552802,3584.8686430680154,7.766567497280731,13801.229980223628,0.0327607056322355,150000.0,3.2752816019764555,2972.948002725252,10.540420602084927,14920.326826749866,4092.0448492514897,0.0033811747078898286,-0.004079470935618422,True,15.439100855280198,False,False,0.8760580040377011
5.0,sembid,traffic_aware,B_fixed_1,1.0,0.3,0.5,12668.5653315925,0.42370637404061134,150000.0,42.36984844281404,1840.2833540941228,6.8288070371116385,13801.229980223628,0.0327607056322355,150000.0,3.2752816019764555,2972.948002725252,10.540420602084927,14920.326826749866,4092.0448492514897,0.015011743301049112,0.007551097657540862,True,37.36984844281404,False,False,0.44972218582373175
10.0,sembid,traffic_aware,B_fixed_1,1.0,0.3,0.5,12668.5653315925,0.42370637404061134,150000.0,42.36984844281404,1840.2833540941228,6.8288070371116385,13801.229980223628,0.0327607056322355,150000.0,3.2752816019764555,2972.948002725252,10.540420602084927,14920.326826749866,4092.0448492514897,0.015011743301049112,0.007551097657540862,True,32.36984844281404,False,False,0.44972218582373175
20.0,sembid,traffic_aware,B_fixed_0.3,0.3,0.5,0.5,13801.229980223628,0.0327607056322355,150000.0,3.2752816019764555,2972.948002725252,10.540420602084927,14920.326826749866,0.10695897221952921,150000.0,10.695108260705826,4092.0448492514897,8.970396245557767,14920.326826749866,4092.0448492514897,0.007460645643508251,0.007460645643508251,False,0.0,False,True,0.7265189195736843
20.0,sembid,traffic_aware,R1_frontier,0.5,0.5,0.5,14920.326826749866,0.10695897221952921,150000.0,10.695108260705826,4092.0448492514897,8.970396245557767,14920.326826749866,0.10695897221952921,150000.0,10.695108260705826,4092.0448492514897,8.970396245557767,14920.326826749866,4092.0448492514897,0.0,0.0,False,0.0,True,True,1.0
20.0,sembid,traffic_aware,R2_near_best_95,0.5,0.5,0.5,14920.326826749866,0.10695897221952921,150000.0,10.695108260705826,4092.0448492514897,8.970396245557767,14920.326826749866,0.10695897221952921,150000.0,10.695108260705826,4092.0448492514897,8.970396245557767,14920.326826749866,4092.0448492514897,0.0,0.0,False,0.0,True,True,1.0
20.0,sembid,traffic_aware,R3_sequential,0.5,0.5,0.5,14920.326826749866,0.10695897221952921,150000.0,10.695108260705826,4092.0448492514897,8.970396245557767,14920.326826749866,0.10695897221952921,150000.0,10.695108260705826,4092.0448492514897,8.970396245557767,14920.326826749866,4092.0448492514897,0.0,0.0,False,0.0,True,True,1.0
20.0,sembid,traffic_aware,R4_kink_aware,0.5,0.5,0.5,14920.326826749866,0.10695897221952921,150000.0,10.695108260705826,4092.0448492514897,8.970396245557767,14920.326826749866,0.10695897221952921,150000.0,10.695108260705826,4092.0448492514897,8.970396245557767,14920.326826749866,4092.0448492514897,0.0,0.0,False,0.0,True,True,1.0
20.0,sembid,traffic_aware,B_fixed_0,0.0,0.5,0.5,10828.281977498376,7.889612470947516e-06,150000.0,0.0,0.0,13.886721395311106,14920.326826749866,0.10695897221952921,150000.0,10.695108260705826,4092.0448492514897,8.970396245557767,14920.326826749866,4092.0448492514897,0.02728029899500993,0.02728029899500993,False,0.0,False,False,0.0
20.0,sembid,traffic_aware,B_global_cal,0.8,0.5,0.5,14413.150620566392,0.25439889816527295,150000.0,25.4391008552802,3584.8686430680154,7.766567497280731,14920.326826749866,0.10695897221952921,150000.0,10.695108260705826,4092.0448492514897,8.970396245557767,14920.326826749866,4092.0448492514897,0.0033811747078898286,0.0033811747078898286,True,5.4391008552801985,False,True,0.8760580040377011
20.0,sembid,traffic_aware,B_reference_cal,0.8,0.5,0.5,14413.150620566392,0.25439889816527295,150000.0,25.4391008552802,3584.8686430680154,7.766567497280731,14920.326826749866,0.10695897221952921,150000.0,10.695108260705826,4092.0448492514897,8.970396245557767,14920.326826749866,4092.0448492514897,0.0033811747078898286,0.0033811747078898286,True,5.4391008552801985,False,True,0.8760580040377011
20.0,sembid,traffic_aware,B_fixed_0.8,0.8,0.5,0.5,14413.150620566392,0.25439889816527295,150000.0,25.4391008552802,3584.8686430680154,7.766567497280731,14920.326826749866,0.10695897221952921,150000.0,10.695108260705826,4092.0448492514897,8.970396245557767,14920.326826749866,4092.0448492514897,0.0033811747078898286,0.0033811747078898286,True,5.4391008552801985,False,True,0.8760580040377011
20.0,sembid,traffic_aware,B_fixed_1,1.0,0.5,0.5,12668.5653315925,0.42370637404061134,150000.0,42.36984844281404,1840.2833540941228,6.8288070371116385,14920.326826749866,0.10695897221952921,150000.0,10.695108260705826,4092.0448492514897,8.970396245557767,14920.326826749866,4092.0448492514897,0.015011743301049112,0.015011743301049112,True,22.36984844281404,False,False,0.44972218582373175
