pair,bidder,reference,phase,budget_multiplier,supply_cap,incremental_cap_pp,selected_kappa,selection_probability,bootstrap_modal_kappa,bootstrap_modal_probability,selected_gain,selected_extra_ud_pp,selected_absolute_ud_pp,no_service_feasible_20pct,no_service_feasible_10pct,p_select_0.0,p_select_0.3,p_select_0.5,p_select_0.8,p_select_1.0,p_select_1.2
cql_traffic_aware,cql,traffic_aware,development,0.5,500,5.0,0.0,0.9985,0.0,0.9985,0.0,0.0,26.00248865131799,True,True,0.9985,0.0015,0.0,0.0,0.0,0.0
cql_traffic_aware,cql,traffic_aware,development,0.5,500,10.0,0.3,0.9965,0.3,0.9965,10.502006278010413,5.1176535451692615,31.12014219648725,True,True,0.0035,0.9965,0.0,0.0,0.0,0.0
cql_traffic_aware,cql,traffic_aware,development,0.5,500,20.0,0.3,0.9965,0.3,0.9965,10.502006278010413,5.1176535451692615,31.12014219648725,True,True,0.0035,0.9965,0.0,0.0,0.0,0.0
cql_traffic_aware,cql,traffic_aware,development,0.5,1000,5.0,0.0,1.0,0.0,1.0,0.0,0.0,6.285206051291852,False,False,1.0,0.0,0.0,0.0,0.0,0.0
cql_traffic_aware,cql,traffic_aware,development,0.5,1000,10.0,0.3,1.0,0.3,1.0,148.3073341187919,5.962154768455204,12.247360819747056,False,False,0.0,1.0,0.0,0.0,0.0,0.0
cql_traffic_aware,cql,traffic_aware,development,0.5,1000,20.0,0.3,1.0,0.3,1.0,148.3073341187919,5.962154768455204,12.247360819747056,False,False,0.0,1.0,0.0,0.0,0.0,0.0
cql_traffic_aware,cql,traffic_aware,development,0.5,2000,5.0,0.3,1.0,0.3,1.0,713.6201646488262,3.911406139235501,4.100879255645304,False,False,0.0,1.0,0.0,0.0,0.0,0.0
cql_traffic_aware,cql,traffic_aware,development,0.5,2000,10.0,0.3,1.0,0.3,1.0,713.6201646488262,3.911406139235501,4.100879255645304,False,False,0.0,1.0,0.0,0.0,0.0,0.0
cql_traffic_aware,cql,traffic_aware,development,0.5,2000,20.0,0.3,0.91,0.3,0.91,713.6201646488262,3.911406139235501,4.100879255645304,False,False,0.0,0.91,0.09,0.0,0.0,0.0
cql_traffic_aware,cql,traffic_aware,development,0.5,4000,5.0,0.0,1.0,0.0,1.0,0.0,0.0,0.004224171692015564,False,False,1.0,0.0,0.0,0.0,0.0,0.0
cql_traffic_aware,cql,traffic_aware,development,0.5,4000,10.0,0.3,1.0,0.3,1.0,1402.1516551255472,5.186949315115403,5.191173486807419,False,False,0.0,1.0,0.0,0.0,0.0,0.0
cql_traffic_aware,cql,traffic_aware,development,0.5,4000,20.0,0.5,1.0,0.5,1.0,1781.7838337405683,12.981589703978004,12.98581387567002,False,False,0.0,0.0,1.0,0.0,0.0,0.0
cql_traffic_aware,cql,traffic_aware,development,0.5,8000,5.0,0.3,1.0,0.3,1.0,1545.4320899270751,4.194591113424643,4.195953279274625,False,False,0.0,1.0,0.0,0.0,0.0,0.0
cql_traffic_aware,cql,traffic_aware,development,0.5,8000,10.0,0.3,1.0,0.3,1.0,1545.4320899270751,4.194591113424643,4.195953279274625,False,False,0.0,1.0,0.0,0.0,0.0,0.0
cql_traffic_aware,cql,traffic_aware,development,0.5,8000,20.0,0.5,1.0,0.5,1.0,2272.4150136309545,15.646637818163503,15.647999984013486,False,False,0.0,0.0,1.0,0.0,0.0,0.0
cql_traffic_aware,cql,traffic_aware,development,0.5,16000,5.0,0.3,1.0,0.3,1.0,1628.3805800021992,3.5265569111382855,3.560035525157108,False,False,0.0,1.0,0.0,0.0,0.0,0.0
cql_traffic_aware,cql,traffic_aware,development,0.5,16000,10.0,0.3,1.0,0.3,1.0,1628.3805800021992,3.5265569111382855,3.560035525157108,False,False,0.0,1.0,0.0,0.0,0.0,0.0
cql_traffic_aware,cql,traffic_aware,development,0.5,16000,20.0,0.8,1.0,0.8,1.0,3911.7108975524843,19.26515692566739,19.298635539686213,False,False,0.0,0.0,0.0,1.0,0.0,0.0
cql_traffic_aware,cql,traffic_aware,development,0.5,Full,5.0,0.3,1.0,0.3,1.0,1698.6966537995986,2.94852072011188,2.96053227781614,False,False,0.0,1.0,0.0,0.0,0.0,0.0
cql_traffic_aware,cql,traffic_aware,development,0.5,Full,10.0,0.5,1.0,0.5,1.0,3157.579709891431,8.87831796894241,8.890329526646669,False,False,0.0,0.0,1.0,0.0,0.0,0.0
cql_traffic_aware,cql,traffic_aware,development,0.5,Full,20.0,0.8,1.0,0.8,1.0,4363.162064630899,14.104844153255481,14.11685571095974,False,False,0.0,0.0,0.0,1.0,0.0,0.0
cql_traffic_aware,cql,traffic_aware,development,0.625,500,5.0,0.3,0.772,0.3,0.772,2.922454514671699,4.339517673170896,39.03932122714102,True,True,0.228,0.772,0.0,0.0,0.0,0.0
cql_traffic_aware,cql,traffic_aware,development,0.625,500,10.0,0.3,0.772,0.3,0.772,2.922454514671699,4.339517673170896,39.03932122714102,True,True,0.228,0.772,0.0,0.0,0.0,0.0
cql_traffic_aware,cql,traffic_aware,development,0.625,500,20.0,0.3,0.772,0.3,0.772,2.922454514671699,4.339517673170896,39.03932122714102,True,True,0.228,0.772,0.0,0.0,0.0,0.0
cql_traffic_aware,cql,traffic_aware,development,0.625,1000,5.0,0.0,1.0,0.0,1.0,0.0,0.0,11.220989596036212,False,True,1.0,0.0,0.0,0.0,0.0,0.0
cql_traffic_aware,cql,traffic_aware,development,0.625,1000,10.0,0.3,1.0,0.3,1.0,112.33154300694241,6.268332579569918,17.48932217560613,False,True,0.0,1.0,0.0,0.0,0.0,0.0
cql_traffic_aware,cql,traffic_aware,development,0.625,1000,20.0,0.3,1.0,0.3,1.0,112.33154300694241,6.268332579569918,17.48932217560613,False,True,0.0,1.0,0.0,0.0,0.0,0.0
cql_traffic_aware,cql,traffic_aware,development,0.625,2000,5.0,0.3,1.0,0.3,1.0,641.305799951363,4.287258108565642,5.65395440388649,False,False,0.0,1.0,0.0,0.0,0.0,0.0
cql_traffic_aware,cql,traffic_aware,development,0.625,2000,10.0,0.3,1.0,0.3,1.0,641.305799951363,4.287258108565642,5.65395440388649,False,False,0.0,1.0,0.0,0.0,0.0,0.0
cql_traffic_aware,cql,traffic_aware,development,0.625,2000,20.0,0.3,1.0,0.3,1.0,641.305799951363,4.287258108565642,5.65395440388649,False,False,0.0,1.0,0.0,0.0,0.0,0.0
cql_traffic_aware,cql,traffic_aware,development,0.625,4000,5.0,0.0,0.9575,0.0,0.9575,0.0,0.0,0.012680741030133018,False,False,0.9575,0.0425,0.0,0.0,0.0,0.0
cql_traffic_aware,cql,traffic_aware,development,0.625,4000,10.0,0.3,1.0,0.3,1.0,1551.3504160792972,5.060928539145318,5.073609280175451,False,False,0.0,1.0,0.0,0.0,0.0,0.0
cql_traffic_aware,cql,traffic_aware,development,0.625,4000,20.0,0.5,1.0,0.5,1.0,1900.0957589284835,10.830000990505688,10.842681731535821,False,False,0.0,0.0,1.0,0.0,0.0,0.0
cql_traffic_aware,cql,traffic_aware,development,0.625,8000,5.0,0.3,1.0,0.3,1.0,1791.4999542935066,4.750247340629383,4.7537535609940225,False,False,0.0,1.0,0.0,0.0,0.0,0.0
cql_traffic_aware,cql,traffic_aware,development,0.625,8000,10.0,0.3,1.0,0.3,1.0,1791.4999542935066,4.750247340629383,4.7537535609940225,False,False,0.0,1.0,0.0,0.0,0.0,0.0
cql_traffic_aware,cql,traffic_aware,development,0.625,8000,20.0,0.5,1.0,0.5,1.0,2733.0466205396488,14.750085611119264,14.753591831483902,False,False,0.0,0.0,1.0,0.0,0.0,0.0
cql_traffic_aware,cql,traffic_aware,development,0.625,16000,5.0,0.3,1.0,0.3,1.0,1939.5104737914917,3.794888374940511,3.852861752938212,False,False,0.0,1.0,0.0,0.0,0.0,0.0
cql_traffic_aware,cql,traffic_aware,development,0.625,16000,10.0,0.3,1.0,0.3,1.0,1939.5104737914917,3.794888374940511,3.852861752938212,False,False,0.0,1.0,0.0,0.0,0.0,0.0
cql_traffic_aware,cql,traffic_aware,development,0.625,16000,20.0,0.8,1.0,0.8,1.0,4587.546376761933,19.28910542872157,19.34707880671927,False,False,0.0,0.0,0.0,1.0,0.0,0.0
cql_traffic_aware,cql,traffic_aware,development,0.625,Full,5.0,0.3,1.0,0.3,1.0,2013.414112947853,3.024209454737282,3.0554097166873557,False,False,0.0,1.0,0.0,0.0,0.0,0.0
cql_traffic_aware,cql,traffic_aware,development,0.625,Full,10.0,0.5,1.0,0.5,1.0,3812.894578497736,9.122237729553532,9.153437991503607,False,False,0.0,0.0,1.0,0.0,0.0,0.0
cql_traffic_aware,cql,traffic_aware,development,0.625,Full,20.0,0.8,1.0,0.8,1.0,5119.656579635895,14.616190804927575,14.647391066877649,False,False,0.0,0.0,0.0,1.0,0.0,0.0
cql_traffic_aware,cql,traffic_aware,development,0.75,500,5.0,0.0,1.0,0.0,1.0,0.0,0.0,41.622455994617766,True,True,1.0,0.0,0.0,0.0,0.0,0.0
cql_traffic_aware,cql,traffic_aware,development,0.75,500,10.0,0.0,1.0,0.0,1.0,0.0,0.0,41.622455994617766,True,True,1.0,0.0,0.0,0.0,0.0,0.0
cql_traffic_aware,cql,traffic_aware,development,0.75,500,20.0,0.0,1.0,0.0,1.0,0.0,0.0,41.622455994617766,True,True,1.0,0.0,0.0,0.0,0.0,0.0
cql_traffic_aware,cql,traffic_aware,development,0.75,1000,5.0,0.0,1.0,0.0,1.0,0.0,0.0,16.53902286215268,False,True,1.0,0.0,0.0,0.0,0.0,0.0
cql_traffic_aware,cql,traffic_aware,development,0.75,1000,10.0,0.3,1.0,0.3,1.0,70.55783404677823,5.734330278535875,22.273353140688556,False,True,0.0,1.0,0.0,0.0,0.0,0.0
cql_traffic_aware,cql,traffic_aware,development,0.75,1000,20.0,0.3,1.0,0.3,1.0,70.55783404677823,5.734330278535875,22.273353140688556,False,True,0.0,1.0,0.0,0.0,0.0,0.0
cql_traffic_aware,cql,traffic_aware,development,0.75,2000,5.0,0.3,1.0,0.3,1.0,528.638015831838,4.021018867500346,6.549908281214926,False,False,0.0,1.0,0.0,0.0,0.0,0.0
cql_traffic_aware,cql,traffic_aware,development,0.75,2000,10.0,0.3,1.0,0.3,1.0,528.638015831838,4.021018867500346,6.549908281214926,False,False,0.0,1.0,0.0,0.0,0.0,0.0
cql_traffic_aware,cql,traffic_aware,development,0.75,2000,20.0,0.3,1.0,0.3,1.0,528.638015831838,4.021018867500346,6.549908281214926,False,False,0.0,1.0,0.0,0.0,0.0,0.0
cql_traffic_aware,cql,traffic_aware,development,0.75,4000,5.0,0.3,1.0,0.3,1.0,1513.3114557716963,4.4770229394183145,4.57022676638046,False,False,0.0,1.0,0.0,0.0,0.0,0.0
cql_traffic_aware,cql,traffic_aware,development,0.75,4000,10.0,0.5,1.0,0.5,1.0,1833.2640308620157,9.718393327765057,9.811597154727203,False,False,0.0,0.0,1.0,0.0,0.0,0.0
cql_traffic_aware,cql,traffic_aware,development,0.75,4000,20.0,0.5,1.0,0.5,1.0,1833.2640308620157,9.718393327765057,9.811597154727203,False,False,0.0,0.0,1.0,0.0,0.0,0.0
cql_traffic_aware,cql,traffic_aware,development,0.75,8000,5.0,0.3,1.0,0.3,1.0,2187.040589328344,4.877202563004835,4.896855385824274,False,False,0.0,1.0,0.0,0.0,0.0,0.0
cql_traffic_aware,cql,traffic_aware,development,0.75,8000,10.0,0.3,1.0,0.3,1.0,2187.040589328344,4.877202563004835,4.896855385824274,False,False,0.0,1.0,0.0,0.0,0.0,0.0
cql_traffic_aware,cql,traffic_aware,development,0.75,8000,20.0,0.5,1.0,0.5,1.0,3126.9202072549815,14.441219908392874,14.460872731212314,False,False,0.0,0.0,1.0,0.0,0.0,0.0
cql_traffic_aware,cql,traffic_aware,development,0.75,16000,5.0,0.3,1.0,0.3,1.0,2310.5989771499644,3.759190191197795,3.8331370514406427,False,False,0.0,1.0,0.0,0.0,0.0,0.0
cql_traffic_aware,cql,traffic_aware,development,0.75,16000,10.0,0.3,1.0,0.3,1.0,2310.5989771499644,3.759190191197795,3.8331370514406427,False,False,0.0,1.0,0.0,0.0,0.0,0.0
cql_traffic_aware,cql,traffic_aware,development,0.75,16000,20.0,0.8,1.0,0.8,1.0,5327.525264202719,18.75044047927747,18.824387339520317,False,False,0.0,0.0,0.0,1.0,0.0,0.0
cql_traffic_aware,cql,traffic_aware,development,0.75,Full,5.0,0.3,1.0,0.3,1.0,2390.7119025491666,3.0440091095737265,3.1088317803050547,False,False,0.0,1.0,0.0,0.0,0.0,0.0
cql_traffic_aware,cql,traffic_aware,development,0.75,Full,10.0,0.5,1.0,0.5,1.0,4589.959421477113,9.041565503323646,9.106388174054974,False,False,0.0,0.0,1.0,0.0,0.0,0.0
cql_traffic_aware,cql,traffic_aware,development,0.75,Full,20.0,0.8,1.0,0.8,1.0,5958.221351473923,14.297774727608498,14.362597398339826,False,False,0.0,0.0,0.0,1.0,0.0,0.0
cql_traffic_aware,cql,traffic_aware,development,0.875,500,5.0,0.0,1.0,0.0,1.0,0.0,0.0,47.375476653965336,True,True,1.0,0.0,0.0,0.0,0.0,0.0
cql_traffic_aware,cql,traffic_aware,development,0.875,500,10.0,0.0,1.0,0.0,1.0,0.0,0.0,47.375476653965336,True,True,1.0,0.0,0.0,0.0,0.0,0.0
cql_traffic_aware,cql,traffic_aware,development,0.875,500,20.0,0.0,1.0,0.0,1.0,0.0,0.0,47.375476653965336,True,True,1.0,0.0,0.0,0.0,0.0,0.0
cql_traffic_aware,cql,traffic_aware,development,0.875,1000,5.0,0.0,1.0,0.0,1.0,0.0,0.0,21.78766024056975,True,True,1.0,0.0,0.0,0.0,0.0,0.0
cql_traffic_aware,cql,traffic_aware,development,0.875,1000,10.0,0.3,1.0,0.3,1.0,35.96828546203142,5.261879341290783,27.049539581860532,True,True,0.0,1.0,0.0,0.0,0.0,0.0
cql_traffic_aware,cql,traffic_aware,development,0.875,1000,20.0,0.3,1.0,0.3,1.0,35.96828546203142,5.261879341290783,27.049539581860532,True,True,0.0,1.0,0.0,0.0,0.0,0.0
cql_traffic_aware,cql,traffic_aware,development,0.875,2000,5.0,0.0,1.0,0.0,1.0,0.0,0.0,3.8210965055806674,False,False,1.0,0.0,0.0,0.0,0.0,0.0
cql_traffic_aware,cql,traffic_aware,development,0.875,2000,10.0,0.3,1.0,0.3,1.0,375.5460372029993,5.395272529222007,9.216369034802675,False,False,0.0,1.0,0.0,0.0,0.0,0.0
cql_traffic_aware,cql,traffic_aware,development,0.875,2000,20.0,0.3,1.0,0.3,1.0,375.5460372029993,5.395272529222007,9.216369034802675,False,False,0.0,1.0,0.0,0.0,0.0,0.0
cql_traffic_aware,cql,traffic_aware,development,0.875,4000,5.0,0.3,1.0,0.3,1.0,1477.1508322268965,4.229398407227224,4.3975540963456865,False,False,0.0,1.0,0.0,0.0,0.0,0.0
cql_traffic_aware,cql,traffic_aware,development,0.875,4000,10.0,0.5,1.0,0.5,1.0,1680.401182829417,9.915897623123785,10.084053312242247,False,False,0.0,0.0,1.0,0.0,0.0,0.0
cql_traffic_aware,cql,traffic_aware,development,0.875,4000,20.0,0.5,1.0,0.5,1.0,1680.401182829417,9.915897623123785,10.084053312242247,False,False,0.0,0.0,1.0,0.0,0.0,0.0
cql_traffic_aware,cql,traffic_aware,development,0.875,8000,5.0,0.0,1.0,0.0,1.0,0.0,0.0,0.03961690598394397,False,False,1.0,0.0,0.0,0.0,0.0,0.0
cql_traffic_aware,cql,traffic_aware,development,0.875,8000,10.0,0.3,1.0,0.3,1.0,2470.186731007536,5.086125983871672,5.1257428898556165,False,False,0.0,1.0,0.0,0.0,0.0,0.0
cql_traffic_aware,cql,traffic_aware,development,0.875,8000,20.0,0.5,1.0,0.5,1.0,3418.852055538224,14.073022407017492,14.112639313001436,False,False,0.0,0.0,1.0,0.0,0.0,0.0
cql_traffic_aware,cql,traffic_aware,development,0.875,16000,5.0,0.3,1.0,0.3,1.0,2694.9453673432454,3.7576201860919674,3.8280949797353547,False,False,0.0,1.0,0.0,0.0,0.0,0.0
cql_traffic_aware,cql,traffic_aware,development,0.875,16000,10.0,0.3,1.0,0.3,1.0,2694.9453673432454,3.7576201860919674,3.8280949797353547,False,False,0.0,1.0,0.0,0.0,0.0,0.0
cql_traffic_aware,cql,traffic_aware,development,0.875,16000,20.0,0.8,1.0,0.8,1.0,6013.724704887138,18.205422425169395,18.275897218812784,False,False,0.0,0.0,0.0,1.0,0.0,0.0
cql_traffic_aware,cql,traffic_aware,development,0.875,Full,5.0,0.3,1.0,0.3,1.0,2822.942477481216,2.97155141664458,3.0501458598287874,False,False,0.0,1.0,0.0,0.0,0.0,0.0
cql_traffic_aware,cql,traffic_aware,development,0.875,Full,10.0,0.5,1.0,0.5,1.0,5241.77732110328,8.806506258628582,8.885100701812789,False,False,0.0,0.0,1.0,0.0,0.0,0.0
cql_traffic_aware,cql,traffic_aware,development,0.875,Full,20.0,0.8,1.0,0.8,1.0,6779.980977363248,13.933204830614331,14.011799273798538,False,False,0.0,0.0,0.0,1.0,0.0,0.0
cql_traffic_aware,cql,traffic_aware,development,1.0,500,5.0,0.0,1.0,0.0,1.0,0.0,0.0,52.02607109796882,True,True,1.0,0.0,0.0,0.0,0.0,0.0
cql_traffic_aware,cql,traffic_aware,development,1.0,500,10.0,0.0,1.0,0.0,1.0,0.0,0.0,52.02607109796882,True,True,1.0,0.0,0.0,0.0,0.0,0.0
cql_traffic_aware,cql,traffic_aware,development,1.0,500,20.0,0.0,1.0,0.0,1.0,0.0,0.0,52.02607109796882,True,True,1.0,0.0,0.0,0.0,0.0,0.0
cql_traffic_aware,cql,traffic_aware,development,1.0,1000,5.0,0.0,1.0,0.0,1.0,0.0,0.0,25.96451763089868,True,True,1.0,0.0,0.0,0.0,0.0,0.0
cql_traffic_aware,cql,traffic_aware,development,1.0,1000,10.0,0.3,0.5815,0.3,0.5815,0.5657488290571564,5.333035621689266,31.297553252587946,True,True,0.4185,0.5815,0.0,0.0,0.0,0.0
cql_traffic_aware,cql,traffic_aware,development,1.0,1000,20.0,0.3,0.5815,0.3,0.5815,0.5657488290571564,5.333035621689266,31.297553252587946,True,True,0.4185,0.5815,0.0,0.0,0.0,0.0
cql_traffic_aware,cql,traffic_aware,development,1.0,2000,5.0,0.0,1.0,0.0,1.0,0.0,0.0,6.228369893918224,False,False,1.0,0.0,0.0,0.0,0.0,0.0
cql_traffic_aware,cql,traffic_aware,development,1.0,2000,10.0,0.3,1.0,0.3,1.0,295.0147345611149,5.975169699348564,12.203539593266788,False,False,0.0,1.0,0.0,0.0,0.0,0.0
cql_traffic_aware,cql,traffic_aware,development,1.0,2000,20.0,0.3,1.0,0.3,1.0,295.0147345611149,5.975169699348564,12.203539593266788,False,False,0.0,1.0,0.0,0.0,0.0,0.0
cql_traffic_aware,cql,traffic_aware,development,1.0,4000,5.0,0.3,1.0,0.3,1.0,1376.6687928262454,4.326376322750159,4.874923375419798,False,False,0.0,1.0,0.0,0.0,0.0,0.0
cql_traffic_aware,cql,traffic_aware,development,1.0,4000,10.0,0.3,1.0,0.3,1.0,1376.6687928262454,4.326376322750159,4.874923375419798,False,False,0.0,1.0,0.0,0.0,0.0,0.0
cql_traffic_aware,cql,traffic_aware,development,1.0,4000,20.0,0.5,1.0,0.5,1.0,1555.2227650099903,10.356409146606895,10.904956199276535,False,False,0.0,0.0,1.0,0.0,0.0,0.0
cql_traffic_aware,cql,traffic_aware,development,1.0,8000,5.0,0.0,1.0,0.0,1.0,0.0,0.0,0.052597420177787874,False,False,1.0,0.0,0.0,0.0,0.0,0.0
cql_traffic_aware,cql,traffic_aware,development,1.0,8000,10.0,0.3,1.0,0.3,1.0,2720.9800529003387,5.085633194121816,5.138230614299604,False,False,0.0,1.0,0.0,0.0,0.0,0.0
cql_traffic_aware,cql,traffic_aware,development,1.0,8000,20.0,0.5,1.0,0.5,1.0,3647.485588244839,13.612047262281799,13.664644682459587,False,False,0.0,0.0,1.0,0.0,0.0,0.0
cql_traffic_aware,cql,traffic_aware,development,1.0,16000,5.0,0.3,1.0,0.3,1.0,3088.2655287416383,3.86216811177678,3.941282213346202,False,False,0.0,1.0,0.0,0.0,0.0,0.0
cql_traffic_aware,cql,traffic_aware,development,1.0,16000,10.0,0.3,1.0,0.3,1.0,3088.2655287416383,3.86216811177678,3.941282213346202,False,False,0.0,1.0,0.0,0.0,0.0,0.0
cql_traffic_aware,cql,traffic_aware,development,1.0,16000,20.0,0.8,1.0,0.8,1.0,6561.445550322374,17.73364458758673,17.812758689156155,False,False,0.0,0.0,0.0,1.0,0.0,0.0
cql_traffic_aware,cql,traffic_aware,development,1.0,Full,5.0,0.3,1.0,0.3,1.0,3242.751836852878,2.9913395753526175,3.0786122572888366,False,False,0.0,1.0,0.0,0.0,0.0,0.0
cql_traffic_aware,cql,traffic_aware,development,1.0,Full,10.0,0.5,1.0,0.5,1.0,5861.442491336262,8.609053908780922,8.69632659071714,False,False,0.0,0.0,1.0,0.0,0.0,0.0
cql_traffic_aware,cql,traffic_aware,development,1.0,Full,20.0,0.8,1.0,0.8,1.0,7482.285758897464,13.747127949919811,13.834400631856031,False,False,0.0,0.0,0.0,1.0,0.0,0.0
cql_traffic_aware,cql,traffic_aware,development,1.125,500,5.0,0.0,1.0,0.0,1.0,0.0,0.0,55.954981800241406,True,True,1.0,0.0,0.0,0.0,0.0,0.0
cql_traffic_aware,cql,traffic_aware,development,1.125,500,10.0,0.0,1.0,0.0,1.0,0.0,0.0,55.954981800241406,True,True,1.0,0.0,0.0,0.0,0.0,0.0
cql_traffic_aware,cql,traffic_aware,development,1.125,500,20.0,0.0,1.0,0.0,1.0,0.0,0.0,55.954981800241406,True,True,1.0,0.0,0.0,0.0,0.0,0.0
cql_traffic_aware,cql,traffic_aware,development,1.125,1000,5.0,0.0,0.876,0.0,0.876,0.0,0.0,30.31372216797983,True,True,0.876,0.124,0.0,0.0,0.0,0.0
cql_traffic_aware,cql,traffic_aware,development,1.125,1000,10.0,0.0,0.876,0.0,0.876,0.0,0.0,30.31372216797983,True,True,0.876,0.124,0.0,0.0,0.0,0.0
cql_traffic_aware,cql,traffic_aware,development,1.125,1000,20.0,0.0,0.876,0.0,0.876,0.0,0.0,30.31372216797983,True,True,0.876,0.124,0.0,0.0,0.0,0.0
cql_traffic_aware,cql,traffic_aware,development,1.125,2000,5.0,0.0,1.0,0.0,1.0,0.0,0.0,8.801666145089039,False,False,1.0,0.0,0.0,0.0,0.0,0.0
cql_traffic_aware,cql,traffic_aware,development,1.125,2000,10.0,0.3,1.0,0.3,1.0,314.2056503109343,5.539426081848802,14.34109222693784,False,False,0.0,1.0,0.0,0.0,0.0,0.0
cql_traffic_aware,cql,traffic_aware,development,1.125,2000,20.0,0.3,1.0,0.3,1.0,314.2056503109343,5.539426081848802,14.34109222693784,False,False,0.0,1.0,0.0,0.0,0.0,0.0
cql_traffic_aware,cql,traffic_aware,development,1.125,4000,5.0,0.3,1.0,0.3,1.0,1337.191517132189,3.951217260535218,5.1697074705279045,False,False,0.0,1.0,0.0,0.0,0.0,0.0
cql_traffic_aware,cql,traffic_aware,development,1.125,4000,10.0,0.5,1.0,0.5,1.0,1519.6422915702315,9.500960789415053,10.719450999407739,False,False,0.0,0.0,1.0,0.0,0.0,0.0
cql_traffic_aware,cql,traffic_aware,development,1.125,4000,20.0,0.5,1.0,0.5,1.0,1519.6422915702315,9.500960789415053,10.719450999407739,False,False,0.0,0.0,1.0,0.0,0.0,0.0
cql_traffic_aware,cql,traffic_aware,development,1.125,8000,5.0,0.0,0.9405,0.0,0.9405,0.0,0.0,0.060280889905082284,False,False,0.9405,0.0595,0.0,0.0,0.0,0.0
cql_traffic_aware,cql,traffic_aware,development,1.125,8000,10.0,0.3,1.0,0.3,1.0,2860.589384859695,5.014645091786985,5.0749259816920675,False,False,0.0,1.0,0.0,0.0,0.0,0.0
cql_traffic_aware,cql,traffic_aware,development,1.125,8000,20.0,0.5,1.0,0.5,1.0,3818.6117451446607,12.634675933195032,12.694956823100114,False,False,0.0,0.0,1.0,0.0,0.0,0.0
cql_traffic_aware,cql,traffic_aware,development,1.125,16000,5.0,0.3,1.0,0.3,1.0,3420.3512783020287,3.8468019861524585,3.9375985592976743,False,False,0.0,1.0,0.0,0.0,0.0,0.0
cql_traffic_aware,cql,traffic_aware,development,1.125,16000,10.0,0.3,1.0,0.3,1.0,3420.3512783020287,3.8468019861524585,3.9375985592976743,False,False,0.0,1.0,0.0,0.0,0.0,0.0
cql_traffic_aware,cql,traffic_aware,development,1.125,16000,20.0,0.8,1.0,0.8,1.0,6967.203992763383,17.84182055353996,17.932617126685177,False,False,0.0,0.0,0.0,1.0,0.0,0.0
cql_traffic_aware,cql,traffic_aware,development,1.125,Full,5.0,0.3,1.0,0.3,1.0,3613.2562965668967,3.013730585256902,3.08727108448439,False,False,0.0,1.0,0.0,0.0,0.0,0.0
cql_traffic_aware,cql,traffic_aware,development,1.125,Full,10.0,0.5,1.0,0.5,1.0,6388.303790500935,8.520506135328215,8.594046634555703,False,False,0.0,0.0,1.0,0.0,0.0,0.0
cql_traffic_aware,cql,traffic_aware,development,1.125,Full,20.0,0.8,1.0,0.8,1.0,8043.693870075944,14.1146979326114,14.188238431838887,False,False,0.0,0.0,0.0,1.0,0.0,0.0
cql_traffic_aware,cql,traffic_aware,development,1.25,500,5.0,0.0,1.0,0.0,1.0,0.0,0.0,59.36318889432076,True,True,1.0,0.0,0.0,0.0,0.0,0.0
cql_traffic_aware,cql,traffic_aware,development,1.25,500,10.0,0.0,1.0,0.0,1.0,0.0,0.0,59.36318889432076,True,True,1.0,0.0,0.0,0.0,0.0,0.0
cql_traffic_aware,cql,traffic_aware,development,1.25,500,20.0,0.0,1.0,0.0,1.0,0.0,0.0,59.36318889432076,True,True,1.0,0.0,0.0,0.0,0.0,0.0
cql_traffic_aware,cql,traffic_aware,development,1.25,1000,5.0,0.0,1.0,0.0,1.0,0.0,0.0,34.662441197220666,True,True,1.0,0.0,0.0,0.0,0.0,0.0
cql_traffic_aware,cql,traffic_aware,development,1.25,1000,10.0,0.0,1.0,0.0,1.0,0.0,0.0,34.662441197220666,True,True,1.0,0.0,0.0,0.0,0.0,0.0
cql_traffic_aware,cql,traffic_aware,development,1.25,1000,20.0,0.0,1.0,0.0,1.0,0.0,0.0,34.662441197220666,True,True,1.0,0.0,0.0,0.0,0.0,0.0
cql_traffic_aware,cql,traffic_aware,development,1.25,2000,5.0,0.0,1.0,0.0,1.0,0.0,0.0,11.408588716682866,False,True,1.0,0.0,0.0,0.0,0.0,0.0
cql_traffic_aware,cql,traffic_aware,development,1.25,2000,10.0,0.3,1.0,0.3,1.0,265.0802306397418,5.785895770432065,17.19448448711493,False,True,0.0,1.0,0.0,0.0,0.0,0.0
cql_traffic_aware,cql,traffic_aware,development,1.25,2000,20.0,0.3,1.0,0.3,1.0,265.0802306397418,5.785895770432065,17.19448448711493,False,True,0.0,1.0,0.0,0.0,0.0,0.0
cql_traffic_aware,cql,traffic_aware,development,1.25,4000,5.0,0.3,1.0,0.3,1.0,1295.1458207785126,3.7187234066348953,5.394670387898784,False,False,0.0,1.0,0.0,0.0,0.0,0.0
cql_traffic_aware,cql,traffic_aware,development,1.25,4000,10.0,0.5,1.0,0.5,1.0,1427.2667347670867,9.516507031262623,11.192454012526513,False,False,0.0,0.0,1.0,0.0,0.0,0.0
cql_traffic_aware,cql,traffic_aware,development,1.25,4000,20.0,0.5,1.0,0.5,1.0,1427.2667347670867,9.516507031262623,11.192454012526513,False,False,0.0,0.0,1.0,0.0,0.0,0.0
cql_traffic_aware,cql,traffic_aware,development,1.25,8000,5.0,0.3,1.0,0.3,1.0,2950.281584313201,4.803826512760527,4.954997696372989,False,False,0.0,1.0,0.0,0.0,0.0,0.0
cql_traffic_aware,cql,traffic_aware,development,1.25,8000,10.0,0.3,1.0,0.3,1.0,2950.281584313201,4.803826512760527,4.954997696372989,False,False,0.0,1.0,0.0,0.0,0.0,0.0
cql_traffic_aware,cql,traffic_aware,development,1.25,8000,20.0,0.5,1.0,0.5,1.0,3980.4733466301623,11.347983561394239,11.4991547450067,False,False,0.0,0.0,1.0,0.0,0.0,0.0
cql_traffic_aware,cql,traffic_aware,development,1.25,16000,5.0,0.3,1.0,0.3,1.0,3639.0849298340236,3.796624504611352,3.893047521787537,False,False,0.0,1.0,0.0,0.0,0.0,0.0
cql_traffic_aware,cql,traffic_aware,development,1.25,16000,10.0,0.3,1.0,0.3,1.0,3639.0849298340236,3.796624504611352,3.893047521787537,False,False,0.0,1.0,0.0,0.0,0.0,0.0
cql_traffic_aware,cql,traffic_aware,development,1.25,16000,20.0,0.8,1.0,0.8,1.0,7401.404801811563,17.38712968798762,17.483552705163806,False,False,0.0,0.0,0.0,1.0,0.0,0.0
cql_traffic_aware,cql,traffic_aware,development,1.25,Full,5.0,0.3,1.0,0.3,1.0,3847.9631621093795,3.014379984387189,3.093135048016425,False,False,0.0,1.0,0.0,0.0,0.0,0.0
cql_traffic_aware,cql,traffic_aware,development,1.25,Full,10.0,0.5,1.0,0.5,1.0,6649.582550160641,8.207917867840283,8.28667293146952,False,False,0.0,0.0,1.0,0.0,0.0,0.0
cql_traffic_aware,cql,traffic_aware,development,1.25,Full,20.0,0.8,1.0,0.8,1.0,8469.694336679633,13.760488507467441,13.839243571096677,False,False,0.0,0.0,0.0,1.0,0.0,0.0
cql_traffic_aware,cql,traffic_aware,development,1.375,500,5.0,0.0,1.0,0.0,1.0,0.0,0.0,62.276045554638706,True,True,1.0,0.0,0.0,0.0,0.0,0.0
cql_traffic_aware,cql,traffic_aware,development,1.375,500,10.0,0.0,1.0,0.0,1.0,0.0,0.0,62.276045554638706,True,True,1.0,0.0,0.0,0.0,0.0,0.0
cql_traffic_aware,cql,traffic_aware,development,1.375,500,20.0,0.0,1.0,0.0,1.0,0.0,0.0,62.276045554638706,True,True,1.0,0.0,0.0,0.0,0.0,0.0
cql_traffic_aware,cql,traffic_aware,development,1.375,1000,5.0,0.0,1.0,0.0,1.0,0.0,0.0,38.28432551003936,True,True,1.0,0.0,0.0,0.0,0.0,0.0
cql_traffic_aware,cql,traffic_aware,development,1.375,1000,10.0,0.0,1.0,0.0,1.0,0.0,0.0,38.28432551003936,True,True,1.0,0.0,0.0,0.0,0.0,0.0
cql_traffic_aware,cql,traffic_aware,development,1.375,1000,20.0,0.0,1.0,0.0,1.0,0.0,0.0,38.28432551003936,True,True,1.0,0.0,0.0,0.0,0.0,0.0
cql_traffic_aware,cql,traffic_aware,development,1.375,2000,5.0,0.0,1.0,0.0,1.0,0.0,0.0,13.912314542026195,False,True,1.0,0.0,0.0,0.0,0.0,0.0
cql_traffic_aware,cql,traffic_aware,development,1.375,2000,10.0,0.3,1.0,0.3,1.0,232.713552894882,5.40059160880072,19.312906150826915,False,True,0.0,1.0,0.0,0.0,0.0,0.0
cql_traffic_aware,cql,traffic_aware,development,1.375,2000,20.0,0.3,1.0,0.3,1.0,232.713552894882,5.40059160880072,19.312906150826915,False,True,0.0,1.0,0.0,0.0,0.0,0.0
cql_traffic_aware,cql,traffic_aware,development,1.375,4000,5.0,0.3,1.0,0.3,1.0,1219.2716253113504,4.207241277643335,6.012404008948136,False,False,0.0,1.0,0.0,0.0,0.0,0.0
cql_traffic_aware,cql,traffic_aware,development,1.375,4000,10.0,0.5,1.0,0.5,1.0,1398.460021071438,9.376988351877328,11.182151083182129,False,False,0.0,0.0,1.0,0.0,0.0,0.0
cql_traffic_aware,cql,traffic_aware,development,1.375,4000,20.0,0.5,1.0,0.5,1.0,1398.460021071438,9.376988351877328,11.182151083182129,False,False,0.0,0.0,1.0,0.0,0.0,0.0
cql_traffic_aware,cql,traffic_aware,development,1.375,8000,5.0,0.3,1.0,0.3,1.0,2912.6796888648933,4.682382045850132,4.868712264684381,False,False,0.0,1.0,0.0,0.0,0.0,0.0
cql_traffic_aware,cql,traffic_aware,development,1.375,8000,10.0,0.3,1.0,0.3,1.0,2912.6796888648933,4.682382045850132,4.868712264684381,False,False,0.0,1.0,0.0,0.0,0.0,0.0
cql_traffic_aware,cql,traffic_aware,development,1.375,8000,20.0,0.5,1.0,0.5,1.0,4033.4822831476304,10.618943724863556,10.805273943697804,False,False,0.0,0.0,1.0,0.0,0.0,0.0
cql_traffic_aware,cql,traffic_aware,development,1.375,16000,5.0,0.3,1.0,0.3,1.0,3862.5461978042986,3.6716997048435793,3.765792634652233,False,False,0.0,1.0,0.0,0.0,0.0,0.0
cql_traffic_aware,cql,traffic_aware,development,1.375,16000,10.0,0.5,1.0,0.5,1.0,6293.617872012408,9.540240091277242,9.634333021085896,False,False,0.0,0.0,1.0,0.0,0.0,0.0
cql_traffic_aware,cql,traffic_aware,development,1.375,16000,20.0,0.8,1.0,0.8,1.0,7723.885769643086,17.495173043810652,17.589265973619305,False,False,0.0,0.0,0.0,1.0,0.0,0.0
cql_traffic_aware,cql,traffic_aware,development,1.375,Full,5.0,0.3,1.0,0.3,1.0,3984.7765775415864,3.0499367065902403,3.1286900380313094,False,False,0.0,1.0,0.0,0.0,0.0,0.0
cql_traffic_aware,cql,traffic_aware,development,1.375,Full,10.0,0.5,1.0,0.5,1.0,6962.8278841391,7.722871078151352,7.801624409592421,False,False,0.0,0.0,1.0,0.0,0.0,0.0
cql_traffic_aware,cql,traffic_aware,development,1.375,Full,20.0,0.8,1.0,0.8,1.0,8875.889059046262,13.842694886148395,13.921448217589464,False,False,0.0,0.0,0.0,1.0,0.0,0.0
cql_traffic_aware,cql,traffic_aware,development,1.5,500,5.0,0.0,1.0,0.0,1.0,0.0,0.0,64.76193444213321,True,True,1.0,0.0,0.0,0.0,0.0,0.0
cql_traffic_aware,cql,traffic_aware,development,1.5,500,10.0,0.0,1.0,0.0,1.0,0.0,0.0,64.76193444213321,True,True,1.0,0.0,0.0,0.0,0.0,0.0
cql_traffic_aware,cql,traffic_aware,development,1.5,500,20.0,0.0,1.0,0.0,1.0,0.0,0.0,64.76193444213321,True,True,1.0,0.0,0.0,0.0,0.0,0.0
cql_traffic_aware,cql,traffic_aware,development,1.5,1000,5.0,0.0,1.0,0.0,1.0,0.0,0.0,41.58472486785632,True,True,1.0,0.0,0.0,0.0,0.0,0.0
cql_traffic_aware,cql,traffic_aware,development,1.5,1000,10.0,0.0,1.0,0.0,1.0,0.0,0.0,41.58472486785632,True,True,1.0,0.0,0.0,0.0,0.0,0.0
cql_traffic_aware,cql,traffic_aware,development,1.5,1000,20.0,0.0,1.0,0.0,1.0,0.0,0.0,41.58472486785632,True,True,1.0,0.0,0.0,0.0,0.0,0.0
cql_traffic_aware,cql,traffic_aware,development,1.5,2000,5.0,0.0,0.6835,0.0,0.6835,0.0,0.0,16.53572288276,False,True,0.6835,0.3165,0.0,0.0,0.0,0.0
cql_traffic_aware,cql,traffic_aware,development,1.5,2000,10.0,0.3,1.0,0.3,1.0,222.2315744886837,5.00704946271323,21.542772345473228,False,True,0.0,1.0,0.0,0.0,0.0,0.0
cql_traffic_aware,cql,traffic_aware,development,1.5,2000,20.0,0.3,1.0,0.3,1.0,222.2315744886837,5.00704946271323,21.542772345473228,False,True,0.0,1.0,0.0,0.0,0.0,0.0
cql_traffic_aware,cql,traffic_aware,development,1.5,4000,5.0,0.3,1.0,0.3,1.0,1151.0292161791385,3.95433878097677,6.821930860378498,False,False,0.0,1.0,0.0,0.0,0.0,0.0
cql_traffic_aware,cql,traffic_aware,development,1.5,4000,10.0,0.5,1.0,0.5,1.0,1292.4914208004902,9.25103252370518,12.118624603106907,False,False,0.0,0.0,1.0,0.0,0.0,0.0
cql_traffic_aware,cql,traffic_aware,development,1.5,4000,20.0,0.5,1.0,0.5,1.0,1292.4914208004902,9.25103252370518,12.118624603106907,False,False,0.0,0.0,1.0,0.0,0.0,0.0
cql_traffic_aware,cql,traffic_aware,development,1.5,8000,5.0,0.3,1.0,0.3,1.0,2879.3326477602386,4.507731272146371,4.702160362124055,False,False,0.0,1.0,0.0,0.0,0.0,0.0
cql_traffic_aware,cql,traffic_aware,development,1.5,8000,10.0,0.3,1.0,0.3,1.0,2879.3326477602386,4.507731272146371,4.702160362124055,False,False,0.0,1.0,0.0,0.0,0.0,0.0
cql_traffic_aware,cql,traffic_aware,development,1.5,8000,20.0,0.5,1.0,0.5,1.0,3924.193994205696,10.339389055057175,10.533818145034859,False,False,0.0,0.0,1.0,0.0,0.0,0.0
cql_traffic_aware,cql,traffic_aware,development,1.5,16000,5.0,0.3,1.0,0.3,1.0,3973.166209065341,3.718453417140467,3.829562358845806,False,False,0.0,1.0,0.0,0.0,0.0,0.0
cql_traffic_aware,cql,traffic_aware,development,1.5,16000,10.0,0.5,1.0,0.5,1.0,6488.004163825881,9.314977889243158,9.426086830948497,False,False,0.0,0.0,1.0,0.0,0.0,0.0
cql_traffic_aware,cql,traffic_aware,development,1.5,16000,20.0,0.8,1.0,0.8,1.0,8055.129080090977,17.307269633884413,17.418378575589752,False,False,0.0,0.0,0.0,1.0,0.0,0.0
cql_traffic_aware,cql,traffic_aware,development,1.5,Full,5.0,0.3,1.0,0.3,1.0,4164.284039639795,3.069984811444683,3.1521367061701637,False,False,0.0,1.0,0.0,0.0,0.0,0.0
cql_traffic_aware,cql,traffic_aware,development,1.5,Full,10.0,0.5,1.0,0.5,1.0,7202.830104730223,7.632565710818094,7.714717605543575,False,False,0.0,0.0,1.0,0.0,0.0,0.0
cql_traffic_aware,cql,traffic_aware,development,1.5,Full,20.0,0.8,1.0,0.8,1.0,9270.774916180515,13.843709202469206,13.925861097194687,False,False,0.0,0.0,0.0,1.0,0.0,0.0
cql_pid,cql,pid,development,0.5,500,5.0,0.0,1.0,0.0,1.0,0.0,0.0,45.08143215207608,True,True,1.0,0.0,0.0,0.0,0.0,0.0
cql_pid,cql,pid,development,0.5,500,10.0,0.0,1.0,0.0,1.0,0.0,0.0,45.08143215207608,True,True,1.0,0.0,0.0,0.0,0.0,0.0
cql_pid,cql,pid,development,0.5,500,20.0,0.0,1.0,0.0,1.0,0.0,0.0,45.08143215207608,True,True,1.0,0.0,0.0,0.0,0.0,0.0
cql_pid,cql,pid,development,0.5,1000,5.0,0.0,1.0,0.0,1.0,0.0,0.0,23.36867710636655,True,True,1.0,0.0,0.0,0.0,0.0,0.0
cql_pid,cql,pid,development,0.5,1000,10.0,0.0,1.0,0.0,1.0,0.0,0.0,23.36867710636655,True,True,1.0,0.0,0.0,0.0,0.0,0.0
cql_pid,cql,pid,development,0.5,1000,20.0,0.0,1.0,0.0,1.0,0.0,0.0,23.36867710636655,True,True,1.0,0.0,0.0,0.0,0.0,0.0
cql_pid,cql,pid,development,0.5,2000,5.0,0.0,1.0,0.0,1.0,0.0,0.0,8.539442393604324,False,False,1.0,0.0,0.0,0.0,0.0,0.0
cql_pid,cql,pid,development,0.5,2000,10.0,0.3,1.0,0.3,1.0,127.88105098473989,5.190920517416567,13.73036291102089,False,False,0.0,1.0,0.0,0.0,0.0,0.0
cql_pid,cql,pid,development,0.5,2000,20.0,0.3,1.0,0.3,1.0,127.88105098473989,5.190920517416567,13.73036291102089,False,False,0.0,1.0,0.0,0.0,0.0,0.0
cql_pid,cql,pid,development,0.5,4000,5.0,0.3,1.0,0.3,1.0,170.61244698366954,4.084674167993748,7.497481409912898,False,False,0.0,1.0,0.0,0.0,0.0,0.0
cql_pid,cql,pid,development,0.5,4000,10.0,0.5,1.0,0.5,1.0,252.02023471820303,8.556166248259695,11.968973490178845,False,False,0.0,0.0,1.0,0.0,0.0,0.0
cql_pid,cql,pid,development,0.5,4000,20.0,0.5,1.0,0.5,1.0,252.02023471820303,8.556166248259695,11.968973490178845,False,False,0.0,0.0,1.0,0.0,0.0,0.0
cql_pid,cql,pid,development,0.5,8000,5.0,0.5,1.0,0.5,1.0,316.247082981512,3.4797317601772297,6.689749871044508,False,False,0.0,0.0,1.0,0.0,0.0,0.0
cql_pid,cql,pid,development,0.5,8000,10.0,0.5,1.0,0.5,1.0,316.247082981512,3.4797317601772297,6.689749871044508,False,False,0.0,0.0,1.0,0.0,0.0,0.0
cql_pid,cql,pid,development,0.5,8000,20.0,0.8,1.0,0.8,1.0,1174.3197615453973,16.071773671650657,19.281791782517935,False,False,0.0,0.0,0.0,1.0,0.0,0.0
cql_pid,cql,pid,development,0.5,16000,5.0,0.5,1.0,0.5,1.0,181.58971448707052,0.18840215797818427,3.045095462544453,False,False,0.0,0.0,1.0,0.0,0.0,0.0
cql_pid,cql,pid,development,0.5,16000,10.0,0.8,1.0,0.8,1.0,1881.3379665680668,9.241289993475235,12.097983298041504,False,False,0.0,0.0,0.0,1.0,0.0,0.0
cql_pid,cql,pid,development,0.5,16000,20.0,1.0,1.0,1.0,1.0,2624.1336086152014,16.53980790585703,19.3965012104233,False,False,0.0,0.0,0.0,0.0,1.0,0.0
cql_pid,cql,pid,development,0.5,Full,5.0,0.5,1.0,0.5,1.0,237.2366498500205,-0.37642964404785006,2.2639827875444802,False,False,0.0,0.0,1.0,0.0,0.0,0.0
cql_pid,cql,pid,development,0.5,Full,10.0,0.8,1.0,0.8,1.0,2111.3337367815693,6.480014198550411,9.120426630142742,False,False,0.0,0.0,0.0,1.0,0.0,0.0
cql_pid,cql,pid,development,0.5,Full,20.0,1.0,1.0,1.0,1.0,3051.297139193637,11.529575564067944,14.169987995660275,False,False,0.0,0.0,0.0,0.0,1.0,0.0
cql_pid,cql,pid,development,0.625,500,5.0,0.0,1.0,0.0,1.0,0.0,0.0,52.28843473881758,True,True,1.0,0.0,0.0,0.0,0.0,0.0
cql_pid,cql,pid,development,0.625,500,10.0,0.0,1.0,0.0,1.0,0.0,0.0,52.28843473881758,True,True,1.0,0.0,0.0,0.0,0.0,0.0
cql_pid,cql,pid,development,0.625,500,20.0,0.0,1.0,0.0,1.0,0.0,0.0,52.28843473881758,True,True,1.0,0.0,0.0,0.0,0.0,0.0
cql_pid,cql,pid,development,0.625,1000,5.0,0.0,1.0,0.0,1.0,0.0,0.0,29.883886932877953,True,True,1.0,0.0,0.0,0.0,0.0,0.0
cql_pid,cql,pid,development,0.625,1000,10.0,0.0,1.0,0.0,1.0,0.0,0.0,29.883886932877953,True,True,1.0,0.0,0.0,0.0,0.0,0.0
cql_pid,cql,pid,development,0.625,1000,20.0,0.0,1.0,0.0,1.0,0.0,0.0,29.883886932877953,True,True,1.0,0.0,0.0,0.0,0.0,0.0
cql_pid,cql,pid,development,0.625,2000,5.0,0.0,1.0,0.0,1.0,0.0,0.0,11.579369748775951,False,True,1.0,0.0,0.0,0.0,0.0,0.0
cql_pid,cql,pid,development,0.625,2000,10.0,0.0,1.0,0.0,1.0,0.0,0.0,11.579369748775951,False,True,1.0,0.0,0.0,0.0,0.0,0.0
cql_pid,cql,pid,development,0.625,2000,20.0,0.0,1.0,0.0,1.0,0.0,0.0,11.579369748775951,False,True,1.0,0.0,0.0,0.0,0.0,0.0
cql_pid,cql,pid,development,0.625,4000,5.0,0.3,1.0,0.3,1.0,173.20208935546543,4.571264128187294,9.412065560441768,False,False,0.0,1.0,0.0,0.0,0.0,0.0
cql_pid,cql,pid,development,0.625,4000,10.0,0.5,1.0,0.5,1.0,314.8955685740111,9.52757074077185,14.368372173026323,False,False,0.0,0.0,1.0,0.0,0.0,0.0
cql_pid,cql,pid,development,0.625,4000,20.0,0.5,1.0,0.5,1.0,314.8955685740111,9.52757074077185,14.368372173026323,False,False,0.0,0.0,1.0,0.0,0.0,0.0
cql_pid,cql,pid,development,0.625,8000,5.0,0.5,1.0,0.5,1.0,553.0451962267634,4.245165813819419,7.628961113127367,False,False,0.0,0.0,1.0,0.0,0.0,0.0
cql_pid,cql,pid,development,0.625,8000,10.0,0.5,1.0,0.5,1.0,553.0451962267634,4.245165813819419,7.628961113127367,False,False,0.0,0.0,1.0,0.0,0.0,0.0
cql_pid,cql,pid,development,0.625,8000,20.0,0.8,1.0,0.8,1.0,1437.2201787101658,16.581774393978062,19.96556969328601,False,False,0.0,0.0,0.0,1.0,0.0,0.0
cql_pid,cql,pid,development,0.625,16000,5.0,0.5,1.0,0.5,1.0,545.9336558367359,1.2588878912762964,4.302864899824613,False,False,0.0,0.0,1.0,0.0,0.0,0.0
cql_pid,cql,pid,development,0.625,16000,10.0,0.5,1.0,0.5,1.0,545.9336558367359,1.2588878912762964,4.302864899824613,False,False,0.0,0.0,1.0,0.0,0.0,0.0
cql_pid,cql,pid,development,0.625,16000,20.0,1.0,1.0,1.0,1.0,3414.7831251151674,16.442615072279416,19.486592080827734,False,False,0.0,0.0,0.0,0.0,1.0,0.0
cql_pid,cql,pid,development,0.625,Full,5.0,0.5,1.0,0.5,1.0,671.7821094303908,-0.6062325167952998,2.282224348331821,False,False,0.0,0.0,1.0,0.0,0.0,0.0
cql_pid,cql,pid,development,0.625,Full,10.0,0.8,1.0,0.8,1.0,2989.0781575959627,7.41733988453633,10.30579674966345,False,False,0.0,0.0,0.0,1.0,0.0,0.0
cql_pid,cql,pid,development,0.625,Full,20.0,1.0,1.0,1.0,1.0,3898.357137552701,11.779802182015995,14.668259047143115,False,False,0.0,0.0,0.0,0.0,1.0,0.0
cql_pid,cql,pid,development,0.75,500,5.0,0.0,1.0,0.0,1.0,0.0,0.0,57.78758740375219,True,True,1.0,0.0,0.0,0.0,0.0,0.0
cql_pid,cql,pid,development,0.75,500,10.0,0.0,1.0,0.0,1.0,0.0,0.0,57.78758740375219,True,True,1.0,0.0,0.0,0.0,0.0,0.0
cql_pid,cql,pid,development,0.75,500,20.0,0.0,1.0,0.0,1.0,0.0,0.0,57.78758740375219,True,True,1.0,0.0,0.0,0.0,0.0,0.0
cql_pid,cql,pid,development,0.75,1000,5.0,0.0,1.0,0.0,1.0,0.0,0.0,35.65570228204128,True,True,1.0,0.0,0.0,0.0,0.0,0.0
cql_pid,cql,pid,development,0.75,1000,10.0,0.0,1.0,0.0,1.0,0.0,0.0,35.65570228204128,True,True,1.0,0.0,0.0,0.0,0.0,0.0
cql_pid,cql,pid,development,0.75,1000,20.0,0.0,1.0,0.0,1.0,0.0,0.0,35.65570228204128,True,True,1.0,0.0,0.0,0.0,0.0,0.0
cql_pid,cql,pid,development,0.75,2000,5.0,0.0,1.0,0.0,1.0,0.0,0.0,15.637012718423655,False,True,1.0,0.0,0.0,0.0,0.0,0.0
cql_pid,cql,pid,development,0.75,2000,10.0,0.0,1.0,0.0,1.0,0.0,0.0,15.637012718423655,False,True,1.0,0.0,0.0,0.0,0.0,0.0
cql_pid,cql,pid,development,0.75,2000,20.0,0.0,1.0,0.0,1.0,0.0,0.0,15.637012718423655,False,True,1.0,0.0,0.0,0.0,0.0,0.0
cql_pid,cql,pid,development,0.75,4000,5.0,0.3,1.0,0.3,1.0,254.71415329219963,4.375451627524016,10.906101724847938,False,False,0.0,1.0,0.0,0.0,0.0,0.0
cql_pid,cql,pid,development,0.75,4000,10.0,0.5,1.0,0.5,1.0,326.9305853762471,9.561936974504324,16.092587071828245,False,False,0.0,0.0,1.0,0.0,0.0,0.0
cql_pid,cql,pid,development,0.75,4000,20.0,0.5,1.0,0.5,1.0,326.9305853762471,9.561936974504324,16.092587071828245,False,False,0.0,0.0,1.0,0.0,0.0,0.0
cql_pid,cql,pid,development,0.75,8000,5.0,0.3,1.0,0.3,1.0,286.6029166276294,2.698339439136952,6.207884573133215,False,False,0.0,1.0,0.0,0.0,0.0,0.0
cql_pid,cql,pid,development,0.75,8000,10.0,0.5,1.0,0.5,1.0,595.9086089194352,5.507734416337064,9.017279550333326,False,False,0.0,0.0,1.0,0.0,0.0,0.0
cql_pid,cql,pid,development,0.75,8000,20.0,0.8,1.0,0.8,1.0,1438.075228524216,17.69685400321845,21.206399137214714,False,False,0.0,0.0,0.0,1.0,0.0,0.0
cql_pid,cql,pid,development,0.75,16000,5.0,0.5,1.0,0.5,1.0,787.5810660792195,0.7415273241167384,4.882538526625698,False,False,0.0,0.0,1.0,0.0,0.0,0.0
cql_pid,cql,pid,development,0.75,16000,10.0,0.5,1.0,0.5,1.0,787.5810660792195,0.7415273241167384,4.882538526625698,False,False,0.0,0.0,1.0,0.0,0.0,0.0
cql_pid,cql,pid,development,0.75,16000,20.0,1.0,1.0,1.0,1.0,3862.142325733963,15.182253175753424,19.323264378262383,False,False,0.0,0.0,0.0,0.0,1.0,0.0
cql_pid,cql,pid,development,0.75,Full,5.0,0.5,1.0,0.5,1.0,744.7923906450596,-0.06734772844147585,3.3811673730512783,False,False,0.0,0.0,1.0,0.0,0.0,0.0
cql_pid,cql,pid,development,0.75,Full,10.0,0.8,1.0,0.8,1.0,3476.356490518534,7.828638969643665,11.277154071136419,False,False,0.0,0.0,0.0,1.0,0.0,0.0
cql_pid,cql,pid,development,0.75,Full,20.0,1.0,1.0,1.0,1.0,4384.866307214432,11.208790100019291,14.657305201512045,False,False,0.0,0.0,0.0,0.0,1.0,0.0
cql_pid,cql,pid,development,0.875,500,5.0,0.0,1.0,0.0,1.0,0.0,0.0,62.070838725139815,True,True,1.0,0.0,0.0,0.0,0.0,0.0
cql_pid,cql,pid,development,0.875,500,10.0,0.0,1.0,0.0,1.0,0.0,0.0,62.070838725139815,True,True,1.0,0.0,0.0,0.0,0.0,0.0
cql_pid,cql,pid,development,0.875,500,20.0,0.0,1.0,0.0,1.0,0.0,0.0,62.070838725139815,True,True,1.0,0.0,0.0,0.0,0.0,0.0
cql_pid,cql,pid,development,0.875,1000,5.0,0.0,1.0,0.0,1.0,0.0,0.0,40.64490418852911,True,True,1.0,0.0,0.0,0.0,0.0,0.0
cql_pid,cql,pid,development,0.875,1000,10.0,0.0,1.0,0.0,1.0,0.0,0.0,40.64490418852911,True,True,1.0,0.0,0.0,0.0,0.0,0.0
cql_pid,cql,pid,development,0.875,1000,20.0,0.0,1.0,0.0,1.0,0.0,0.0,40.64490418852911,True,True,1.0,0.0,0.0,0.0,0.0,0.0
cql_pid,cql,pid,development,0.875,2000,5.0,0.0,1.0,0.0,1.0,0.0,0.0,19.769242867302562,False,True,1.0,0.0,0.0,0.0,0.0,0.0
cql_pid,cql,pid,development,0.875,2000,10.0,0.0,1.0,0.0,1.0,0.0,0.0,19.769242867302562,False,True,1.0,0.0,0.0,0.0,0.0,0.0
cql_pid,cql,pid,development,0.875,2000,20.0,0.0,1.0,0.0,1.0,0.0,0.0,19.769242867302562,False,True,1.0,0.0,0.0,0.0,0.0,0.0
cql_pid,cql,pid,development,0.875,4000,5.0,0.3,0.973,0.3,0.973,219.9172251412965,4.9472381842378415,12.176737768203447,False,False,0.027,0.973,0.0,0.0,0.0,0.0
cql_pid,cql,pid,development,0.875,4000,10.0,0.3,1.0,0.3,1.0,219.9172251412965,4.9472381842378415,12.176737768203447,False,False,0.0,1.0,0.0,0.0,0.0,0.0
cql_pid,cql,pid,development,0.875,4000,20.0,0.3,1.0,0.3,1.0,219.9172251412965,4.9472381842378415,12.176737768203447,False,False,0.0,1.0,0.0,0.0,0.0,0.0
cql_pid,cql,pid,development,0.875,8000,5.0,0.3,1.0,0.3,1.0,201.74238438139218,3.1318119979467296,6.809223801136347,False,False,0.0,1.0,0.0,0.0,0.0,0.0
cql_pid,cql,pid,development,0.875,8000,10.0,0.5,1.0,0.5,1.0,551.3162580670542,6.861577870919961,10.538989674109578,False,False,0.0,0.0,1.0,0.0,0.0,0.0
cql_pid,cql,pid,development,0.875,8000,20.0,0.8,1.0,0.8,1.0,1365.9498426358932,17.92963857488949,21.60705037807911,False,False,0.0,0.0,0.0,1.0,0.0,0.0
cql_pid,cql,pid,development,0.875,16000,5.0,0.5,1.0,0.5,1.0,981.190810691176,1.5947872927448818,6.292876463420146,False,False,0.0,0.0,1.0,0.0,0.0,0.0
cql_pid,cql,pid,development,0.875,16000,10.0,0.5,1.0,0.5,1.0,981.190810691176,1.5947872927448818,6.292876463420146,False,False,0.0,0.0,1.0,0.0,0.0,0.0
cql_pid,cql,pid,development,0.875,16000,20.0,1.0,1.0,1.0,1.0,4280.393831242152,14.438302603894726,19.13639177456999,False,False,0.0,0.0,0.0,0.0,1.0,0.0
cql_pid,cql,pid,development,0.875,Full,5.0,0.5,1.0,0.5,1.0,1054.8297853640452,0.6995189271618454,4.495543736189313,False,False,0.0,0.0,1.0,0.0,0.0,0.0
cql_pid,cql,pid,development,0.875,Full,10.0,0.8,1.0,0.8,1.0,4211.3049871614785,7.806581183754999,11.602605992782467,False,False,0.0,0.0,0.0,1.0,0.0,0.0
cql_pid,cql,pid,development,0.875,Full,20.0,1.0,1.0,1.0,1.0,5036.3226285533,10.82185259537378,14.617877404401247,False,False,0.0,0.0,0.0,0.0,1.0,0.0
cql_pid,cql,pid,development,1.0,500,5.0,0.0,1.0,0.0,1.0,0.0,0.0,65.52893671226012,True,True,1.0,0.0,0.0,0.0,0.0,0.0
cql_pid,cql,pid,development,1.0,500,10.0,0.0,1.0,0.0,1.0,0.0,0.0,65.52893671226012,True,True,1.0,0.0,0.0,0.0,0.0,0.0
cql_pid,cql,pid,development,1.0,500,20.0,0.0,1.0,0.0,1.0,0.0,0.0,65.52893671226012,True,True,1.0,0.0,0.0,0.0,0.0,0.0
cql_pid,cql,pid,development,1.0,1000,5.0,0.0,1.0,0.0,1.0,0.0,0.0,45.061037435040326,True,True,1.0,0.0,0.0,0.0,0.0,0.0
cql_pid,cql,pid,development,1.0,1000,10.0,0.0,1.0,0.0,1.0,0.0,0.0,45.061037435040326,True,True,1.0,0.0,0.0,0.0,0.0,0.0
cql_pid,cql,pid,development,1.0,1000,20.0,0.0,1.0,0.0,1.0,0.0,0.0,45.061037435040326,True,True,1.0,0.0,0.0,0.0,0.0,0.0
cql_pid,cql,pid,development,1.0,2000,5.0,0.0,1.0,0.0,1.0,0.0,0.0,23.32305494980881,True,True,1.0,0.0,0.0,0.0,0.0,0.0
cql_pid,cql,pid,development,1.0,2000,10.0,0.0,1.0,0.0,1.0,0.0,0.0,23.32305494980881,True,True,1.0,0.0,0.0,0.0,0.0,0.0
cql_pid,cql,pid,development,1.0,2000,20.0,0.0,1.0,0.0,1.0,0.0,0.0,23.32305494980881,True,True,1.0,0.0,0.0,0.0,0.0,0.0
cql_pid,cql,pid,development,1.0,4000,5.0,0.0,1.0,0.0,1.0,0.0,0.0,8.42710097913161,False,False,1.0,0.0,0.0,0.0,0.0,0.0
cql_pid,cql,pid,development,1.0,4000,10.0,0.3,1.0,0.3,1.0,250.13418411617567,5.335425127515144,13.762526106646755,False,False,0.0,1.0,0.0,0.0,0.0,0.0
cql_pid,cql,pid,development,1.0,4000,20.0,0.3,1.0,0.3,1.0,250.13418411617567,5.335425127515144,13.762526106646755,False,False,0.0,1.0,0.0,0.0,0.0,0.0
cql_pid,cql,pid,development,1.0,8000,5.0,0.3,1.0,0.3,1.0,217.6971781312841,3.5037104112788278,7.738403554244996,False,False,0.0,1.0,0.0,0.0,0.0,0.0
cql_pid,cql,pid,development,1.0,8000,10.0,0.5,1.0,0.5,1.0,634.8342762602224,7.3899325054312515,11.62462564839742,False,False,0.0,0.0,1.0,0.0,0.0,0.0
cql_pid,cql,pid,development,1.0,8000,20.0,0.8,1.0,0.8,1.0,1268.1853727135258,18.47734823144219,22.712041374408358,False,False,0.0,0.0,0.0,1.0,0.0,0.0
cql_pid,cql,pid,development,1.0,16000,5.0,0.5,1.0,0.5,1.0,1300.190173465211,2.7083203316044075,6.699939317629016,False,False,0.0,0.0,1.0,0.0,0.0,0.0
cql_pid,cql,pid,development,1.0,16000,10.0,0.5,1.0,0.5,1.0,1300.190173465211,2.7083203316044075,6.699939317629016,False,False,0.0,0.0,1.0,0.0,0.0,0.0
cql_pid,cql,pid,development,1.0,16000,20.0,1.0,1.0,1.0,1.0,4560.041135506233,15.15222681432055,19.143845800345158,False,False,0.0,0.0,0.0,0.0,1.0,0.0
cql_pid,cql,pid,development,1.0,Full,5.0,0.5,1.0,0.5,1.0,1440.6859223723586,1.0904701291989811,5.152634715008699,False,False,0.0,0.0,1.0,0.0,0.0,0.0
cql_pid,cql,pid,development,1.0,Full,10.0,0.8,1.0,0.8,1.0,4770.611676955767,7.975944159272782,12.0381087450825,False,False,0.0,0.0,0.0,1.0,0.0,0.0
cql_pid,cql,pid,development,1.0,Full,20.0,1.0,1.0,1.0,1.0,5560.3112141855745,10.798174139682905,14.860338725492623,False,False,0.0,0.0,0.0,0.0,1.0,0.0
cql_pid,cql,pid,development,1.125,500,5.0,0.0,1.0,0.0,1.0,0.0,0.0,68.40863659783825,True,True,1.0,0.0,0.0,0.0,0.0,0.0
cql_pid,cql,pid,development,1.125,500,10.0,0.0,1.0,0.0,1.0,0.0,0.0,68.40863659783825,True,True,1.0,0.0,0.0,0.0,0.0,0.0
cql_pid,cql,pid,development,1.125,500,20.0,0.0,1.0,0.0,1.0,0.0,0.0,68.40863659783825,True,True,1.0,0.0,0.0,0.0,0.0,0.0
cql_pid,cql,pid,development,1.125,1000,5.0,0.0,1.0,0.0,1.0,0.0,0.0,48.929720895282266,True,True,1.0,0.0,0.0,0.0,0.0,0.0
cql_pid,cql,pid,development,1.125,1000,10.0,0.0,1.0,0.0,1.0,0.0,0.0,48.929720895282266,True,True,1.0,0.0,0.0,0.0,0.0,0.0
cql_pid,cql,pid,development,1.125,1000,20.0,0.0,1.0,0.0,1.0,0.0,0.0,48.929720895282266,True,True,1.0,0.0,0.0,0.0,0.0,0.0
cql_pid,cql,pid,development,1.125,2000,5.0,0.0,1.0,0.0,1.0,0.0,0.0,26.759713678371142,True,True,1.0,0.0,0.0,0.0,0.0,0.0
cql_pid,cql,pid,development,1.125,2000,10.0,0.0,1.0,0.0,1.0,0.0,0.0,26.759713678371142,True,True,1.0,0.0,0.0,0.0,0.0,0.0
cql_pid,cql,pid,development,1.125,2000,20.0,0.0,1.0,0.0,1.0,0.0,0.0,26.759713678371142,True,True,1.0,0.0,0.0,0.0,0.0,0.0
cql_pid,cql,pid,development,1.125,4000,5.0,0.0,1.0,0.0,1.0,0.0,0.0,10.094912437514386,False,True,1.0,0.0,0.0,0.0,0.0,0.0
cql_pid,cql,pid,development,1.125,4000,10.0,0.3,1.0,0.3,1.0,127.94084587636098,5.639265556784636,15.734177994299023,False,True,0.0,1.0,0.0,0.0,0.0,0.0
cql_pid,cql,pid,development,1.125,4000,20.0,0.3,1.0,0.3,1.0,127.94084587636098,5.639265556784636,15.734177994299023,False,True,0.0,1.0,0.0,0.0,0.0,0.0
cql_pid,cql,pid,development,1.125,8000,5.0,0.3,1.0,0.3,1.0,356.90122146256726,4.05821100811113,8.893770717321809,False,False,0.0,1.0,0.0,0.0,0.0,0.0
cql_pid,cql,pid,development,1.125,8000,10.0,0.5,1.0,0.5,1.0,792.5829320941994,8.137858615067717,12.973418324278397,False,False,0.0,0.0,1.0,0.0,0.0,0.0
cql_pid,cql,pid,development,1.125,8000,20.0,0.8,1.0,0.8,1.0,1205.2202316977855,18.78686605806743,23.622425767278113,False,False,0.0,0.0,0.0,1.0,0.0,0.0
cql_pid,cql,pid,development,1.125,16000,5.0,0.5,1.0,0.5,1.0,1647.1604948321929,2.7784217236426043,7.098837398509499,False,False,0.0,0.0,1.0,0.0,0.0,0.0
cql_pid,cql,pid,development,1.125,16000,10.0,0.5,1.0,0.5,1.0,1647.1604948321929,2.7784217236426043,7.098837398509499,False,False,0.0,0.0,1.0,0.0,0.0,0.0
cql_pid,cql,pid,development,1.125,16000,20.0,1.0,1.0,1.0,1.0,4793.5732692656675,14.958552755340211,19.278968430207104,False,False,0.0,0.0,0.0,0.0,1.0,0.0
cql_pid,cql,pid,development,1.125,Full,5.0,0.5,1.0,0.5,1.0,1931.5244871238774,1.2160012300103444,6.0644813358434515,False,False,0.0,0.0,1.0,0.0,0.0,0.0
cql_pid,cql,pid,development,1.125,Full,10.0,0.8,1.0,0.8,1.0,5317.804781278721,7.650201362965384,12.498681468798491,False,False,0.0,0.0,0.0,1.0,0.0,0.0
cql_pid,cql,pid,development,1.125,Full,20.0,1.0,1.0,1.0,1.0,6029.638762788118,10.50116293279854,15.349643038631648,False,False,0.0,0.0,0.0,0.0,1.0,0.0
cql_pid,cql,pid,development,1.25,500,5.0,0.0,1.0,0.0,1.0,0.0,0.0,70.93263480559754,True,True,1.0,0.0,0.0,0.0,0.0,0.0
cql_pid,cql,pid,development,1.25,500,10.0,0.0,1.0,0.0,1.0,0.0,0.0,70.93263480559754,True,True,1.0,0.0,0.0,0.0,0.0,0.0
cql_pid,cql,pid,development,1.25,500,20.0,0.0,1.0,0.0,1.0,0.0,0.0,70.93263480559754,True,True,1.0,0.0,0.0,0.0,0.0,0.0
cql_pid,cql,pid,development,1.25,1000,5.0,0.0,1.0,0.0,1.0,0.0,0.0,52.27499406988176,True,True,1.0,0.0,0.0,0.0,0.0,0.0
cql_pid,cql,pid,development,1.25,1000,10.0,0.0,1.0,0.0,1.0,0.0,0.0,52.27499406988176,True,True,1.0,0.0,0.0,0.0,0.0,0.0
cql_pid,cql,pid,development,1.25,1000,20.0,0.0,1.0,0.0,1.0,0.0,0.0,52.27499406988176,True,True,1.0,0.0,0.0,0.0,0.0,0.0
cql_pid,cql,pid,development,1.25,2000,5.0,0.0,1.0,0.0,1.0,0.0,0.0,29.92034111131979,True,True,1.0,0.0,0.0,0.0,0.0,0.0
cql_pid,cql,pid,development,1.25,2000,10.0,0.0,1.0,0.0,1.0,0.0,0.0,29.92034111131979,True,True,1.0,0.0,0.0,0.0,0.0,0.0
cql_pid,cql,pid,development,1.25,2000,20.0,0.0,1.0,0.0,1.0,0.0,0.0,29.92034111131979,True,True,1.0,0.0,0.0,0.0,0.0,0.0
cql_pid,cql,pid,development,1.25,4000,5.0,0.0,1.0,0.0,1.0,0.0,0.0,11.784054597924197,False,True,1.0,0.0,0.0,0.0,0.0,0.0
cql_pid,cql,pid,development,1.25,4000,10.0,0.3,0.994,0.3,0.994,15.957460161873314,6.041687944736051,17.825742542660247,False,True,0.006,0.994,0.0,0.0,0.0,0.0
cql_pid,cql,pid,development,1.25,4000,20.0,0.3,0.994,0.3,0.994,15.957460161873314,6.041687944736051,17.825742542660247,False,True,0.006,0.994,0.0,0.0,0.0,0.0
cql_pid,cql,pid,development,1.25,8000,5.0,0.3,1.0,0.3,1.0,389.6111337149123,4.521550526280666,9.95546996017074,False,False,0.0,1.0,0.0,0.0,0.0,0.0
cql_pid,cql,pid,development,1.25,8000,10.0,0.5,1.0,0.5,1.0,1013.8988659204842,8.316356555567484,13.750275989457558,False,False,0.0,0.0,1.0,0.0,0.0,0.0
cql_pid,cql,pid,development,1.25,8000,20.0,0.5,0.619,0.5,0.619,1013.8988659204842,8.316356555567484,13.750275989457558,False,False,0.0,0.0,0.619,0.381,0.0,0.0
cql_pid,cql,pid,development,1.25,16000,5.0,0.5,1.0,0.5,1.0,2027.6830346024199,3.065172598796556,7.420437733089329,False,False,0.0,0.0,1.0,0.0,0.0,0.0
cql_pid,cql,pid,development,1.25,16000,10.0,0.5,1.0,0.5,1.0,2027.6830346024199,3.065172598796556,7.420437733089329,False,False,0.0,0.0,1.0,0.0,0.0,0.0
cql_pid,cql,pid,development,1.25,16000,20.0,1.0,1.0,1.0,1.0,4993.59473457188,15.080094829745173,19.435359964037946,False,False,0.0,0.0,0.0,0.0,1.0,0.0
cql_pid,cql,pid,development,1.25,Full,5.0,0.5,1.0,0.5,1.0,2135.0123300104497,2.83739481995432,6.8884916147098565,False,False,0.0,0.0,1.0,0.0,0.0,0.0
cql_pid,cql,pid,development,1.25,Full,10.0,0.8,1.0,0.8,1.0,5566.163899692474,8.909697708378786,12.960794503134323,False,False,0.0,0.0,0.0,1.0,0.0,0.0
cql_pid,cql,pid,development,1.25,Full,20.0,1.0,1.0,1.0,1.0,6254.8479572353535,11.528126104259254,15.57922289901479,False,False,0.0,0.0,0.0,0.0,1.0,0.0
cql_pid,cql,pid,development,1.375,500,5.0,0.0,0.999,0.0,0.999,0.0,0.0,73.10106894401153,True,True,0.999,0.0,0.0,0.0,0.0,0.001
cql_pid,cql,pid,development,1.375,500,10.0,0.0,0.999,0.0,0.999,0.0,0.0,73.10106894401153,True,True,0.999,0.0,0.0,0.0,0.0,0.001
cql_pid,cql,pid,development,1.375,500,20.0,0.0,0.999,0.0,0.999,0.0,0.0,73.10106894401153,True,True,0.999,0.0,0.0,0.0,0.0,0.001
cql_pid,cql,pid,development,1.375,1000,5.0,0.0,1.0,0.0,1.0,0.0,0.0,55.20213374796925,True,True,1.0,0.0,0.0,0.0,0.0,0.0
cql_pid,cql,pid,development,1.375,1000,10.0,0.0,1.0,0.0,1.0,0.0,0.0,55.20213374796925,True,True,1.0,0.0,0.0,0.0,0.0,0.0
cql_pid,cql,pid,development,1.375,1000,20.0,0.0,1.0,0.0,1.0,0.0,0.0,55.20213374796925,True,True,1.0,0.0,0.0,0.0,0.0,0.0
cql_pid,cql,pid,development,1.375,2000,5.0,0.0,1.0,0.0,1.0,0.0,0.0,32.88262610489711,True,True,1.0,0.0,0.0,0.0,0.0,0.0
cql_pid,cql,pid,development,1.375,2000,10.0,0.0,1.0,0.0,1.0,0.0,0.0,32.88262610489711,True,True,1.0,0.0,0.0,0.0,0.0,0.0
cql_pid,cql,pid,development,1.375,2000,20.0,0.0,1.0,0.0,1.0,0.0,0.0,32.88262610489711,True,True,1.0,0.0,0.0,0.0,0.0,0.0
cql_pid,cql,pid,development,1.375,4000,5.0,0.0,1.0,0.0,1.0,0.0,0.0,13.701822706718927,False,True,1.0,0.0,0.0,0.0,0.0,0.0
cql_pid,cql,pid,development,1.375,4000,10.0,0.0,1.0,0.0,1.0,0.0,0.0,13.701822706718927,False,True,1.0,0.0,0.0,0.0,0.0,0.0
cql_pid,cql,pid,development,1.375,4000,20.0,0.0,1.0,0.0,1.0,0.0,0.0,13.701822706718927,False,True,1.0,0.0,0.0,0.0,0.0,0.0
cql_pid,cql,pid,development,1.375,8000,5.0,0.3,1.0,0.3,1.0,541.080195933253,4.785258610669946,10.699857103526268,False,False,0.0,1.0,0.0,0.0,0.0,0.0
cql_pid,cql,pid,development,1.375,8000,10.0,0.5,1.0,0.5,1.0,1114.4922227109637,8.590872603750903,14.505471096607225,False,False,0.0,0.0,1.0,0.0,0.0,0.0
cql_pid,cql,pid,development,1.375,8000,20.0,0.5,1.0,0.5,1.0,1114.4922227109637,8.590872603750903,14.505471096607225,False,False,0.0,0.0,1.0,0.0,0.0,0.0
cql_pid,cql,pid,development,1.375,16000,5.0,0.5,1.0,0.5,1.0,2279.9430468228857,3.652534160588271,8.107473037469157,False,False,0.0,0.0,1.0,0.0,0.0,0.0
cql_pid,cql,pid,development,1.375,16000,10.0,0.5,1.0,0.5,1.0,2279.9430468228857,3.652534160588271,8.107473037469157,False,False,0.0,0.0,1.0,0.0,0.0,0.0
cql_pid,cql,pid,development,1.375,16000,20.0,1.0,1.0,1.0,1.0,5060.305764291024,15.35875000697247,19.813688883853356,False,False,0.0,0.0,0.0,0.0,1.0,0.0
cql_pid,cql,pid,development,1.375,Full,5.0,0.5,1.0,0.5,1.0,2609.201382030231,2.9039239241758636,7.284858961591123,False,False,0.0,0.0,1.0,0.0,0.0,0.0
cql_pid,cql,pid,development,1.375,Full,10.0,0.8,1.0,0.8,1.0,5873.7925582322605,9.025136559943704,13.406071597358963,False,False,0.0,0.0,0.0,1.0,0.0,0.0
cql_pid,cql,pid,development,1.375,Full,20.0,1.0,1.0,1.0,1.0,6574.566310901078,11.496265223798403,15.877200261213662,False,False,0.0,0.0,0.0,0.0,1.0,0.0
cql_pid,cql,pid,development,1.5,500,5.0,1.2,0.8745,1.2,0.8745,5.0236553334361815,2.3783044832104707,77.35720640915213,True,True,0.1255,0.0,0.0,0.0,0.0,0.8745
cql_pid,cql,pid,development,1.5,500,10.0,1.2,0.8745,1.2,0.8745,5.0236553334361815,2.3783044832104707,77.35720640915213,True,True,0.1255,0.0,0.0,0.0,0.0,0.8745
cql_pid,cql,pid,development,1.5,500,20.0,1.2,0.8745,1.2,0.8745,5.0236553334361815,2.3783044832104707,77.35720640915213,True,True,0.1255,0.0,0.0,0.0,0.0,0.8745
cql_pid,cql,pid,development,1.5,1000,5.0,0.0,1.0,0.0,1.0,0.0,0.0,57.771153328541374,True,True,1.0,0.0,0.0,0.0,0.0,0.0
cql_pid,cql,pid,development,1.5,1000,10.0,0.0,1.0,0.0,1.0,0.0,0.0,57.771153328541374,True,True,1.0,0.0,0.0,0.0,0.0,0.0
cql_pid,cql,pid,development,1.5,1000,20.0,0.0,1.0,0.0,1.0,0.0,0.0,57.771153328541374,True,True,1.0,0.0,0.0,0.0,0.0,0.0
cql_pid,cql,pid,development,1.5,2000,5.0,0.0,1.0,0.0,1.0,0.0,0.0,35.696768321513595,True,True,1.0,0.0,0.0,0.0,0.0,0.0
cql_pid,cql,pid,development,1.5,2000,10.0,0.0,1.0,0.0,1.0,0.0,0.0,35.696768321513595,True,True,1.0,0.0,0.0,0.0,0.0,0.0
cql_pid,cql,pid,development,1.5,2000,20.0,0.0,1.0,0.0,1.0,0.0,0.0,35.696768321513595,True,True,1.0,0.0,0.0,0.0,0.0,0.0
cql_pid,cql,pid,development,1.5,4000,5.0,0.0,1.0,0.0,1.0,0.0,0.0,15.661854531563852,False,True,1.0,0.0,0.0,0.0,0.0,0.0
cql_pid,cql,pid,development,1.5,4000,10.0,0.0,1.0,0.0,1.0,0.0,0.0,15.661854531563852,False,True,1.0,0.0,0.0,0.0,0.0,0.0
cql_pid,cql,pid,development,1.5,4000,20.0,0.0,1.0,0.0,1.0,0.0,0.0,15.661854531563852,False,True,1.0,0.0,0.0,0.0,0.0,0.0
cql_pid,cql,pid,development,1.5,8000,5.0,0.0,0.808,0.0,0.808,0.0,0.0,6.498557754838987,False,False,0.808,0.192,0.0,0.0,0.0,0.0
cql_pid,cql,pid,development,1.5,8000,10.0,0.5,1.0,0.5,1.0,1024.146091033399,8.81335690128273,15.311914656121717,False,False,0.0,0.0,1.0,0.0,0.0,0.0
cql_pid,cql,pid,development,1.5,8000,20.0,0.5,1.0,0.5,1.0,1024.146091033399,8.81335690128273,15.311914656121717,False,False,0.0,0.0,1.0,0.0,0.0,0.0
cql_pid,cql,pid,development,1.5,16000,5.0,0.5,1.0,0.5,1.0,2269.775263314452,4.417050824623914,8.73603954779766,False,False,0.0,0.0,1.0,0.0,0.0,0.0
cql_pid,cql,pid,development,1.5,16000,10.0,0.5,1.0,0.5,1.0,2269.775263314452,4.417050824623914,8.73603954779766,False,False,0.0,0.0,1.0,0.0,0.0,0.0
cql_pid,cql,pid,development,1.5,16000,20.0,1.0,1.0,1.0,1.0,4900.03511524147,15.92308269867404,20.242071421847786,False,False,0.0,0.0,0.0,0.0,1.0,0.0
cql_pid,cql,pid,development,1.5,Full,5.0,0.5,1.0,0.5,1.0,2738.9829204744055,3.1498473046264293,7.679890027595451,False,False,0.0,0.0,1.0,0.0,0.0,0.0
cql_pid,cql,pid,development,1.5,Full,10.0,0.8,1.0,0.8,1.0,5946.886522512963,9.441686372525236,13.971729095494258,False,False,0.0,0.0,0.0,1.0,0.0,0.0
cql_pid,cql,pid,development,1.5,Full,20.0,1.0,1.0,1.0,1.0,6589.297388622119,11.795421214160495,16.325463937129516,False,False,0.0,0.0,0.0,0.0,1.0,0.0
cql_dual,cql,dual,development,0.5,500,5.0,0.0,1.0,0.0,1.0,0.0,0.0,36.153279443147454,True,True,1.0,0.0,0.0,0.0,0.0,0.0
cql_dual,cql,dual,development,0.5,500,10.0,0.0,1.0,0.0,1.0,0.0,0.0,36.153279443147454,True,True,1.0,0.0,0.0,0.0,0.0,0.0
cql_dual,cql,dual,development,0.5,500,20.0,0.0,1.0,0.0,1.0,0.0,0.0,36.153279443147454,True,True,1.0,0.0,0.0,0.0,0.0,0.0
cql_dual,cql,dual,development,0.5,1000,5.0,0.3,1.0,0.3,1.0,36.625735551383514,3.267365756447802,19.348793132073812,False,True,0.0,1.0,0.0,0.0,0.0,0.0
cql_dual,cql,dual,development,0.5,1000,10.0,0.3,1.0,0.3,1.0,36.625735551383514,3.267365756447802,19.348793132073812,False,True,0.0,1.0,0.0,0.0,0.0,0.0
cql_dual,cql,dual,development,0.5,1000,20.0,0.3,1.0,0.3,1.0,36.625735551383514,3.267365756447802,19.348793132073812,False,True,0.0,1.0,0.0,0.0,0.0,0.0
cql_dual,cql,dual,development,0.5,2000,5.0,0.3,1.0,0.3,1.0,112.00708975378802,2.2439213889565677,7.884524305516322,False,False,0.0,1.0,0.0,0.0,0.0,0.0
cql_dual,cql,dual,development,0.5,2000,10.0,0.5,1.0,0.5,1.0,185.2245884414151,5.623018415001767,11.263621331561522,False,False,0.0,0.0,1.0,0.0,0.0,0.0
cql_dual,cql,dual,development,0.5,2000,20.0,0.8,1.0,0.8,1.0,317.5376469898865,18.51309127447424,24.153694191033996,False,False,0.0,0.0,0.0,1.0,0.0,0.0
cql_dual,cql,dual,development,0.5,4000,5.0,0.5,1.0,0.5,1.0,588.0478282386694,3.887127299004578,6.600951863928091,False,False,0.0,0.0,1.0,0.0,0.0,0.0
cql_dual,cql,dual,development,0.5,4000,10.0,0.5,1.0,0.5,1.0,588.0478282386694,3.887127299004578,6.600951863928091,False,False,0.0,0.0,1.0,0.0,0.0,0.0
cql_dual,cql,dual,development,0.5,4000,20.0,0.8,1.0,0.8,1.0,1064.6065655867505,11.428451403669824,14.142275968593337,False,False,0.0,0.0,0.0,1.0,0.0,0.0
cql_dual,cql,dual,development,0.5,8000,5.0,0.5,1.0,0.5,1.0,644.0400938282,2.1030581562149475,2.83283633228071,False,False,0.0,0.0,1.0,0.0,0.0,0.0
cql_dual,cql,dual,development,0.5,8000,10.0,0.8,1.0,0.8,1.0,1497.0627377678748,6.360833964619067,7.090612140684829,False,False,0.0,0.0,0.0,1.0,0.0,0.0
cql_dual,cql,dual,development,0.5,8000,20.0,0.8,1.0,0.8,1.0,1497.0627377678748,6.360833964619067,7.090612140684829,False,False,0.0,0.0,0.0,1.0,0.0,0.0
cql_dual,cql,dual,development,0.5,16000,5.0,0.8,1.0,0.8,1.0,1574.8139760317945,3.54019596842979,3.79817348298663,False,False,0.0,0.0,0.0,1.0,0.0,0.0
cql_dual,cql,dual,development,0.5,16000,10.0,0.8,1.0,0.8,1.0,1574.8139760317945,3.54019596842979,3.79817348298663,False,False,0.0,0.0,0.0,1.0,0.0,0.0
cql_dual,cql,dual,development,0.5,16000,20.0,0.8,1.0,0.8,1.0,1574.8139760317945,3.54019596842979,3.79817348298663,False,False,0.0,0.0,0.0,1.0,0.0,0.0
cql_dual,cql,dual,development,0.5,Full,5.0,0.8,1.0,0.8,1.0,1778.5594904860782,1.5153420155300263,1.5201392851040678,False,False,0.0,0.0,0.0,1.0,0.0,0.0
cql_dual,cql,dual,development,0.5,Full,10.0,0.8,1.0,0.8,1.0,1778.5594904860782,1.5153420155300263,1.5201392851040678,False,False,0.0,0.0,0.0,1.0,0.0,0.0
cql_dual,cql,dual,development,0.5,Full,20.0,1.0,1.0,1.0,1.0,3808.9642935558677,16.171280326832175,16.176077596406216,False,False,0.0,0.0,0.0,0.0,1.0,0.0
cql_dual,cql,dual,development,0.625,500,5.0,0.0,1.0,0.0,1.0,0.0,0.0,43.84176162354905,True,True,1.0,0.0,0.0,0.0,0.0,0.0
cql_dual,cql,dual,development,0.625,500,10.0,0.0,1.0,0.0,1.0,0.0,0.0,43.84176162354905,True,True,1.0,0.0,0.0,0.0,0.0,0.0
cql_dual,cql,dual,development,0.625,500,20.0,0.0,1.0,0.0,1.0,0.0,0.0,43.84176162354905,True,True,1.0,0.0,0.0,0.0,0.0,0.0
cql_dual,cql,dual,development,0.625,1000,5.0,0.3,0.818,0.3,0.818,2.990160177654616,3.4264065810419737,24.933514763991226,True,True,0.182,0.818,0.0,0.0,0.0,0.0
cql_dual,cql,dual,development,0.625,1000,10.0,0.3,0.818,0.3,0.818,2.990160177654616,3.4264065810419737,24.933514763991226,True,True,0.182,0.818,0.0,0.0,0.0,0.0
cql_dual,cql,dual,development,0.625,1000,20.0,0.3,0.818,0.3,0.818,2.990160177654616,3.4264065810419737,24.933514763991226,True,True,0.182,0.818,0.0,0.0,0.0,0.0
cql_dual,cql,dual,development,0.625,2000,5.0,0.3,1.0,0.3,1.0,56.98405385321166,2.9064990031603193,10.456820763173257,False,False,0.0,1.0,0.0,0.0,0.0,0.0
cql_dual,cql,dual,development,0.625,2000,10.0,0.5,1.0,0.5,1.0,155.49901940296513,6.358075599541411,13.908397359554348,False,False,0.0,0.0,1.0,0.0,0.0,0.0
cql_dual,cql,dual,development,0.625,2000,20.0,0.5,1.0,0.5,1.0,155.49901940296513,6.358075599541411,13.908397359554348,False,False,0.0,0.0,1.0,0.0,0.0,0.0
cql_dual,cql,dual,development,0.625,4000,5.0,0.5,1.0,0.5,1.0,738.2332847598,4.483691663600039,7.434536405279065,False,False,0.0,0.0,1.0,0.0,0.0,0.0
cql_dual,cql,dual,development,0.625,4000,10.0,0.5,1.0,0.5,1.0,738.2332847598,4.483691663600039,7.434536405279065,False,False,0.0,0.0,1.0,0.0,0.0,0.0
cql_dual,cql,dual,development,0.625,4000,20.0,0.8,1.0,0.8,1.0,1184.0977213590731,12.819989600767295,15.77083434244632,False,False,0.0,0.0,0.0,1.0,0.0,0.0
cql_dual,cql,dual,development,0.625,8000,5.0,0.5,1.0,0.5,1.0,837.8423243451216,3.122610022714456,3.6509173707290308,False,False,0.0,0.0,1.0,0.0,0.0,0.0
cql_dual,cql,dual,development,0.625,8000,10.0,0.8,0.789,0.8,0.789,1593.2722347912759,9.890462209252343,10.418769557266918,False,False,0.0,0.0,0.211,0.789,0.0,0.0
cql_dual,cql,dual,development,0.625,8000,20.0,0.8,1.0,0.8,1.0,1593.2722347912759,9.890462209252343,10.418769557266918,False,False,0.0,0.0,0.0,1.0,0.0,0.0
cql_dual,cql,dual,development,0.625,16000,5.0,0.5,0.968,0.5,0.968,1243.6331532947488,2.5206869839363653,2.8225469771711063,False,False,0.0,0.0,0.968,0.032,0.0,0.0
cql_dual,cql,dual,development,0.625,16000,10.0,0.8,1.0,0.8,1.0,1975.079015683862,5.052252888019661,5.354112881254402,False,False,0.0,0.0,0.0,1.0,0.0,0.0
cql_dual,cql,dual,development,0.625,16000,20.0,0.8,1.0,0.8,1.0,1975.079015683862,5.052252888019661,5.354112881254402,False,False,0.0,0.0,0.0,1.0,0.0,0.0
cql_dual,cql,dual,development,0.625,Full,5.0,0.8,1.0,0.8,1.0,1905.290667454563,2.891948464631902,2.9752640362564122,False,False,0.0,0.0,0.0,1.0,0.0,0.0
cql_dual,cql,dual,development,0.625,Full,10.0,0.8,1.0,0.8,1.0,1905.290667454563,2.891948464631902,2.9752640362564122,False,False,0.0,0.0,0.0,1.0,0.0,0.0
cql_dual,cql,dual,development,0.625,Full,20.0,1.0,1.0,1.0,1.0,4459.892116784104,16.82415630574886,16.90747187737337,False,False,0.0,0.0,0.0,0.0,1.0,0.0
cql_dual,cql,dual,development,0.75,500,5.0,0.0,1.0,0.0,1.0,0.0,0.0,50.06861911914827,True,True,1.0,0.0,0.0,0.0,0.0,0.0
cql_dual,cql,dual,development,0.75,500,10.0,0.0,1.0,0.0,1.0,0.0,0.0,50.06861911914827,True,True,1.0,0.0,0.0,0.0,0.0,0.0
cql_dual,cql,dual,development,0.75,500,20.0,0.0,1.0,0.0,1.0,0.0,0.0,50.06861911914827,True,True,1.0,0.0,0.0,0.0,0.0,0.0
cql_dual,cql,dual,development,0.75,1000,5.0,0.0,1.0,0.0,1.0,0.0,0.0,26.757785497907772,True,True,1.0,0.0,0.0,0.0,0.0,0.0
cql_dual,cql,dual,development,0.75,1000,10.0,0.0,1.0,0.0,1.0,0.0,0.0,26.757785497907772,True,True,1.0,0.0,0.0,0.0,0.0,0.0
cql_dual,cql,dual,development,0.75,1000,20.0,0.0,1.0,0.0,1.0,0.0,0.0,26.757785497907772,True,True,1.0,0.0,0.0,0.0,0.0,0.0
cql_dual,cql,dual,development,0.75,2000,5.0,0.3,1.0,0.3,1.0,99.98669439238802,3.015632233207917,13.31474584099424,False,True,0.0,1.0,0.0,0.0,0.0,0.0
cql_dual,cql,dual,development,0.75,2000,10.0,0.5,0.9805,0.5,0.9805,127.96022857920343,6.496565165658216,16.79567877344454,False,True,0.0,0.0195,0.9805,0.0,0.0,0.0
cql_dual,cql,dual,development,0.75,2000,20.0,0.5,0.9805,0.5,0.9805,127.96022857920343,6.496565165658216,16.79567877344454,False,True,0.0,0.0195,0.9805,0.0,0.0,0.0
cql_dual,cql,dual,development,0.75,4000,5.0,0.3,1.0,0.3,1.0,361.50794075390513,2.2091336990932677,5.591668134116211,False,False,0.0,1.0,0.0,0.0,0.0,0.0
cql_dual,cql,dual,development,0.75,4000,10.0,0.5,1.0,0.5,1.0,588.7824255502674,5.416436938052289,8.798971373075233,False,False,0.0,0.0,1.0,0.0,0.0,0.0
cql_dual,cql,dual,development,0.75,4000,20.0,0.8,1.0,0.8,1.0,971.4419016415377,16.163315851835073,19.545850286858016,False,False,0.0,0.0,0.0,1.0,0.0,0.0
cql_dual,cql,dual,development,0.75,8000,5.0,0.5,1.0,0.5,1.0,1046.428139766842,3.894256182776195,4.615781219139235,False,False,0.0,0.0,1.0,0.0,0.0,0.0
cql_dual,cql,dual,development,0.75,8000,10.0,0.5,1.0,0.5,1.0,1046.428139766842,3.894256182776195,4.615781219139235,False,False,0.0,0.0,1.0,0.0,0.0,0.0
cql_dual,cql,dual,development,0.75,8000,20.0,0.8,1.0,0.8,1.0,1920.7491424428808,10.7707892055543,11.49231424191734,False,False,0.0,0.0,0.0,1.0,0.0,0.0
cql_dual,cql,dual,development,0.75,16000,5.0,0.5,1.0,0.5,1.0,1501.0005566307627,1.3718429314587892,1.8874918518421937,False,False,0.0,0.0,1.0,0.0,0.0,0.0
cql_dual,cql,dual,development,0.75,16000,10.0,0.8,1.0,0.8,1.0,2217.2045116422505,5.610091137050395,6.1257400574337995,False,False,0.0,0.0,0.0,1.0,0.0,0.0
cql_dual,cql,dual,development,0.75,16000,20.0,0.8,1.0,0.8,1.0,2217.2045116422505,5.610091137050395,6.1257400574337995,False,False,0.0,0.0,0.0,1.0,0.0,0.0
cql_dual,cql,dual,development,0.75,Full,5.0,0.8,1.0,0.8,1.0,2204.4669124037628,2.9558911741804463,4.236348498973271,False,False,0.0,0.0,0.0,1.0,0.0,0.0
cql_dual,cql,dual,development,0.75,Full,10.0,0.8,1.0,0.8,1.0,2204.4669124037628,2.9558911741804463,4.236348498973271,False,False,0.0,0.0,0.0,1.0,0.0,0.0
cql_dual,cql,dual,development,0.75,Full,20.0,1.0,1.0,1.0,1.0,5283.592677441402,14.893152049659001,16.173609374451825,False,False,0.0,0.0,0.0,0.0,1.0,0.0
cql_dual,cql,dual,development,0.875,500,5.0,0.0,1.0,0.0,1.0,0.0,0.0,54.99172415903164,True,True,1.0,0.0,0.0,0.0,0.0,0.0
cql_dual,cql,dual,development,0.875,500,10.0,0.0,1.0,0.0,1.0,0.0,0.0,54.99172415903164,True,True,1.0,0.0,0.0,0.0,0.0,0.0
cql_dual,cql,dual,development,0.875,500,20.0,0.0,1.0,0.0,1.0,0.0,0.0,54.99172415903164,True,True,1.0,0.0,0.0,0.0,0.0,0.0
cql_dual,cql,dual,development,0.875,1000,5.0,0.0,1.0,0.0,1.0,0.0,0.0,31.631856071747,True,True,1.0,0.0,0.0,0.0,0.0,0.0
cql_dual,cql,dual,development,0.875,1000,10.0,0.0,1.0,0.0,1.0,0.0,0.0,31.631856071747,True,True,1.0,0.0,0.0,0.0,0.0,0.0
cql_dual,cql,dual,development,0.875,1000,20.0,0.0,1.0,0.0,1.0,0.0,0.0,31.631856071747,True,True,1.0,0.0,0.0,0.0,0.0,0.0
cql_dual,cql,dual,development,0.875,2000,5.0,0.3,1.0,0.3,1.0,142.8618006590823,3.400461065688491,16.390452845153302,False,True,0.0,1.0,0.0,0.0,0.0,0.0
cql_dual,cql,dual,development,0.875,2000,10.0,0.3,1.0,0.3,1.0,142.8618006590823,3.400461065688491,16.390452845153302,False,True,0.0,1.0,0.0,0.0,0.0,0.0
cql_dual,cql,dual,development,0.875,2000,20.0,0.3,1.0,0.3,1.0,142.8618006590823,3.400461065688491,16.390452845153302,False,True,0.0,1.0,0.0,0.0,0.0,0.0
cql_dual,cql,dual,development,0.875,4000,5.0,0.3,1.0,0.3,1.0,252.23589688333232,2.413954856502576,7.05117106920748,False,False,0.0,1.0,0.0,0.0,0.0,0.0
cql_dual,cql,dual,development,0.875,4000,10.0,0.5,1.0,0.5,1.0,429.7759775568211,5.416411412159147,10.05362762486405,False,False,0.0,0.0,1.0,0.0,0.0,0.0
cql_dual,cql,dual,development,0.875,4000,20.0,0.8,1.0,0.8,1.0,925.2364412427687,16.97677609021246,21.613992302917364,False,False,0.0,0.0,0.0,1.0,0.0,0.0
cql_dual,cql,dual,development,0.875,8000,5.0,0.5,1.0,0.5,1.0,920.313566137329,3.5776277566149166,5.672215864837973,False,False,0.0,0.0,1.0,0.0,0.0,0.0
cql_dual,cql,dual,development,0.875,8000,10.0,0.5,1.0,0.5,1.0,920.313566137329,3.5776277566149166,5.672215864837973,False,False,0.0,0.0,1.0,0.0,0.0,0.0
cql_dual,cql,dual,development,0.875,8000,20.0,0.8,1.0,0.8,1.0,1989.555185866906,10.487036378595143,12.5816244868182,False,False,0.0,0.0,0.0,1.0,0.0,0.0
cql_dual,cql,dual,development,0.875,16000,5.0,0.5,1.0,0.5,1.0,1327.577302447984,3.0104992873949903,4.1094511038040045,False,False,0.0,0.0,1.0,0.0,0.0,0.0
cql_dual,cql,dual,development,0.875,16000,10.0,0.8,1.0,0.8,1.0,2066.0165164420378,5.978961131453252,7.077912947862266,False,False,0.0,0.0,0.0,1.0,0.0,0.0
cql_dual,cql,dual,development,0.875,16000,20.0,1.0,0.7285,1.0,0.7285,4599.061737966977,19.977986943564144,21.076938759973157,False,False,0.0,0.0,0.0,0.0,0.7285,0.2715
cql_dual,cql,dual,development,0.875,Full,5.0,0.8,1.0,0.8,1.0,1975.8983284921342,4.383018852355252,5.358027788706046,False,False,0.0,0.0,0.0,1.0,0.0,0.0
cql_dual,cql,dual,development,0.875,Full,10.0,0.8,1.0,0.8,1.0,1975.8983284921342,4.383018852355252,5.358027788706046,False,False,0.0,0.0,0.0,1.0,0.0,0.0
cql_dual,cql,dual,development,0.875,Full,20.0,1.0,1.0,1.0,1.0,5274.674367507398,15.250713568532806,16.2257225048836,False,False,0.0,0.0,0.0,0.0,1.0,0.0
cql_dual,cql,dual,development,1.0,500,5.0,0.0,1.0,0.0,1.0,0.0,0.0,59.02930624990486,True,True,1.0,0.0,0.0,0.0,0.0,0.0
cql_dual,cql,dual,development,1.0,500,10.0,0.0,1.0,0.0,1.0,0.0,0.0,59.02930624990486,True,True,1.0,0.0,0.0,0.0,0.0,0.0
cql_dual,cql,dual,development,1.0,500,20.0,0.0,1.0,0.0,1.0,0.0,0.0,59.02930624990486,True,True,1.0,0.0,0.0,0.0,0.0,0.0
cql_dual,cql,dual,development,1.0,1000,5.0,0.0,1.0,0.0,1.0,0.0,0.0,36.12439569941592,True,True,1.0,0.0,0.0,0.0,0.0,0.0
cql_dual,cql,dual,development,1.0,1000,10.0,0.0,1.0,0.0,1.0,0.0,0.0,36.12439569941592,True,True,1.0,0.0,0.0,0.0,0.0,0.0
cql_dual,cql,dual,development,1.0,1000,20.0,0.0,1.0,0.0,1.0,0.0,0.0,36.12439569941592,True,True,1.0,0.0,0.0,0.0,0.0,0.0
cql_dual,cql,dual,development,1.0,2000,5.0,0.3,1.0,0.3,1.0,134.88560083898665,3.3908686758330298,19.465796418561908,False,True,0.0,1.0,0.0,0.0,0.0,0.0
cql_dual,cql,dual,development,1.0,2000,10.0,0.3,1.0,0.3,1.0,134.88560083898665,3.3908686758330298,19.465796418561908,False,True,0.0,1.0,0.0,0.0,0.0,0.0
cql_dual,cql,dual,development,1.0,2000,20.0,0.3,1.0,0.3,1.0,134.88560083898665,3.3908686758330298,19.465796418561908,False,True,0.0,1.0,0.0,0.0,0.0,0.0
cql_dual,cql,dual,development,1.0,4000,5.0,0.3,1.0,0.3,1.0,245.8046277846497,3.051626241354735,8.292174502064492,False,False,0.0,1.0,0.0,0.0,0.0,0.0
cql_dual,cql,dual,development,1.0,4000,10.0,0.5,1.0,0.5,1.0,400.50420193154423,5.82132046483541,11.061868725545168,False,False,0.0,0.0,1.0,0.0,0.0,0.0
cql_dual,cql,dual,development,1.0,4000,20.0,0.8,1.0,0.8,1.0,741.0397186142345,18.646968355823304,23.887516616533063,False,False,0.0,0.0,0.0,1.0,0.0,0.0
cql_dual,cql,dual,development,1.0,8000,5.0,0.5,1.0,0.5,1.0,1071.3621436328194,3.2278649392489918,6.49210198821693,False,False,0.0,0.0,1.0,0.0,0.0,0.0
cql_dual,cql,dual,development,1.0,8000,10.0,0.5,1.0,0.5,1.0,1071.3621436328194,3.2278649392489918,6.49210198821693,False,False,0.0,0.0,1.0,0.0,0.0,0.0
cql_dual,cql,dual,development,1.0,8000,20.0,0.8,1.0,0.8,1.0,1987.3451441410525,10.623336832720408,13.887573881688347,False,False,0.0,0.0,0.0,1.0,0.0,0.0
cql_dual,cql,dual,development,1.0,16000,5.0,0.5,1.0,0.5,1.0,1628.706876725695,3.397528849158726,4.947830446024162,False,False,0.0,0.0,1.0,0.0,0.0,0.0
cql_dual,cql,dual,development,1.0,16000,10.0,0.8,1.0,0.8,1.0,2260.675617628549,6.625553489743089,8.175855086608525,False,False,0.0,0.0,0.0,1.0,0.0,0.0
cql_dual,cql,dual,development,1.0,16000,20.0,1.0,1.0,1.0,1.0,4972.536886397671,19.68552658842715,21.23582818529259,False,False,0.0,0.0,0.0,0.0,1.0,0.0
cql_dual,cql,dual,development,1.0,Full,5.0,0.5,1.0,0.5,1.0,1903.1835604086627,3.195650507338535,4.031305557510161,False,False,0.0,0.0,1.0,0.0,0.0,0.0
cql_dual,cql,dual,development,1.0,Full,10.0,0.8,1.0,0.8,1.0,2435.049360707704,5.719548280443817,6.555203330615443,False,False,0.0,0.0,0.0,1.0,0.0,0.0
cql_dual,cql,dual,development,1.0,Full,20.0,1.0,1.0,1.0,1.0,5823.971239206363,15.861537156119075,16.6971922062907,False,False,0.0,0.0,0.0,0.0,1.0,0.0
cql_dual,cql,dual,development,1.125,500,5.0,0.0,1.0,0.0,1.0,0.0,0.0,62.41185518939276,True,True,1.0,0.0,0.0,0.0,0.0,0.0
cql_dual,cql,dual,development,1.125,500,10.0,0.0,1.0,0.0,1.0,0.0,0.0,62.41185518939276,True,True,1.0,0.0,0.0,0.0,0.0,0.0
cql_dual,cql,dual,development,1.125,500,20.0,0.0,1.0,0.0,1.0,0.0,0.0,62.41185518939276,True,True,1.0,0.0,0.0,0.0,0.0,0.0
cql_dual,cql,dual,development,1.125,1000,5.0,0.0,1.0,0.0,1.0,0.0,0.0,40.159329922263055,True,True,1.0,0.0,0.0,0.0,0.0,0.0
cql_dual,cql,dual,development,1.125,1000,10.0,0.0,1.0,0.0,1.0,0.0,0.0,40.159329922263055,True,True,1.0,0.0,0.0,0.0,0.0,0.0
cql_dual,cql,dual,development,1.125,1000,20.0,0.0,1.0,0.0,1.0,0.0,0.0,40.159329922263055,True,True,1.0,0.0,0.0,0.0,0.0,0.0
cql_dual,cql,dual,development,1.125,2000,5.0,0.3,1.0,0.3,1.0,36.25470456971743,3.437865308085847,22.351690976011287,False,True,0.0,1.0,0.0,0.0,0.0,0.0
cql_dual,cql,dual,development,1.125,2000,10.0,0.3,1.0,0.3,1.0,36.25470456971743,3.437865308085847,22.351690976011287,False,True,0.0,1.0,0.0,0.0,0.0,0.0
cql_dual,cql,dual,development,1.125,2000,20.0,0.3,1.0,0.3,1.0,36.25470456971743,3.437865308085847,22.351690976011287,False,True,0.0,1.0,0.0,0.0,0.0,0.0
cql_dual,cql,dual,development,1.125,4000,5.0,0.3,1.0,0.3,1.0,255.30834611842147,3.3748025260557997,9.810642092975064,False,False,0.0,1.0,0.0,0.0,0.0,0.0
cql_dual,cql,dual,development,1.125,4000,10.0,0.5,1.0,0.5,1.0,370.516455314877,6.366636115549796,12.80247568246906,False,False,0.0,0.0,1.0,0.0,0.0,0.0
cql_dual,cql,dual,development,1.125,4000,20.0,0.8,1.0,0.8,1.0,582.1105373121227,19.764142960462063,26.199982527381326,False,False,0.0,0.0,0.0,1.0,0.0,0.0
cql_dual,cql,dual,development,1.125,8000,5.0,0.3,0.6905,0.3,0.6905,845.4430737350194,2.356659429407643,5.173784657289359,False,False,0.0,0.6905,0.3095,0.0,0.0,0.0
cql_dual,cql,dual,development,1.125,8000,10.0,0.5,1.0,0.5,1.0,1162.049781749838,5.016173897897081,7.833299125778797,False,False,0.0,0.0,1.0,0.0,0.0,0.0
cql_dual,cql,dual,development,1.125,8000,20.0,0.8,1.0,0.8,1.0,2087.6046224683814,12.242388958669775,15.05951418655149,False,False,0.0,0.0,0.0,1.0,0.0,0.0
cql_dual,cql,dual,development,1.125,16000,5.0,0.5,1.0,0.5,1.0,1628.7064663125748,4.435949398327042,5.823766461584299,False,False,0.0,0.0,1.0,0.0,0.0,0.0
cql_dual,cql,dual,development,1.125,16000,10.0,0.8,1.0,0.8,1.0,2544.1674868285154,7.87405571515654,9.261872778413796,False,False,0.0,0.0,0.0,1.0,0.0,0.0
cql_dual,cql,dual,development,1.125,16000,20.0,0.8,0.7855,0.8,0.7855,2544.1674868285154,7.87405571515654,9.261872778413796,False,False,0.0,0.0,0.0,0.7855,0.0,0.2145
cql_dual,cql,dual,development,1.125,Full,5.0,0.5,1.0,0.5,1.0,1664.8930627642458,4.510710286809834,5.438192340611239,False,False,0.0,0.0,1.0,0.0,0.0,0.0
cql_dual,cql,dual,development,1.125,Full,10.0,0.8,1.0,0.8,1.0,2647.797162636327,6.9482320885071145,7.875714142308519,False,False,0.0,0.0,0.0,1.0,0.0,0.0
cql_dual,cql,dual,development,1.125,Full,20.0,1.0,1.0,1.0,1.0,6055.126501617391,16.659548324462413,17.58703037826382,False,False,0.0,0.0,0.0,0.0,1.0,0.0
cql_dual,cql,dual,development,1.25,500,5.0,0.0,1.0,0.0,1.0,0.0,0.0,65.32261288410974,True,True,1.0,0.0,0.0,0.0,0.0,0.0
cql_dual,cql,dual,development,1.25,500,10.0,0.0,1.0,0.0,1.0,0.0,0.0,65.32261288410974,True,True,1.0,0.0,0.0,0.0,0.0,0.0
cql_dual,cql,dual,development,1.25,500,20.0,0.0,1.0,0.0,1.0,0.0,0.0,65.32261288410974,True,True,1.0,0.0,0.0,0.0,0.0,0.0
cql_dual,cql,dual,development,1.25,1000,5.0,0.0,1.0,0.0,1.0,0.0,0.0,43.81452823511243,True,True,1.0,0.0,0.0,0.0,0.0,0.0
cql_dual,cql,dual,development,1.25,1000,10.0,0.0,1.0,0.0,1.0,0.0,0.0,43.81452823511243,True,True,1.0,0.0,0.0,0.0,0.0,0.0
cql_dual,cql,dual,development,1.25,1000,20.0,0.0,1.0,0.0,1.0,0.0,0.0,43.81452823511243,True,True,1.0,0.0,0.0,0.0,0.0,0.0
cql_dual,cql,dual,development,1.25,2000,5.0,0.0,0.9935,0.0,0.9935,0.0,0.0,21.57155855124475,True,True,0.9935,0.0065,0.0,0.0,0.0,0.0
cql_dual,cql,dual,development,1.25,2000,10.0,0.0,0.9935,0.0,0.9935,0.0,0.0,21.57155855124475,True,True,0.9935,0.0065,0.0,0.0,0.0,0.0
cql_dual,cql,dual,development,1.25,2000,20.0,0.0,0.9935,0.0,0.9935,0.0,0.0,21.57155855124475,True,True,0.9935,0.0065,0.0,0.0,0.0,0.0
cql_dual,cql,dual,development,1.25,4000,5.0,0.3,1.0,0.3,1.0,387.5052792928909,3.1849152112324264,10.829904529280327,False,False,0.0,1.0,0.0,0.0,0.0,0.0
cql_dual,cql,dual,development,1.25,4000,10.0,0.5,0.763,0.5,0.763,416.50337683345424,6.530887966379772,14.175877284427672,False,False,0.0,0.237,0.763,0.0,0.0,0.0
cql_dual,cql,dual,development,1.25,4000,20.0,0.5,0.763,0.5,0.763,416.50337683345424,6.530887966379772,14.175877284427672,False,False,0.0,0.237,0.763,0.0,0.0,0.0
cql_dual,cql,dual,development,1.25,8000,5.0,0.3,0.997,0.3,0.997,1069.2404988995986,2.4469981578145545,5.703600174999909,False,False,0.0,0.997,0.003,0.0,0.0,0.0
cql_dual,cql,dual,development,1.25,8000,10.0,0.3,0.997,0.3,0.997,1069.2404988995986,2.4469981578145545,5.703600174999909,False,False,0.0,0.997,0.003,0.0,0.0,0.0
cql_dual,cql,dual,development,1.25,8000,20.0,0.8,1.0,0.8,1.0,2327.1080540766707,13.067577166009752,16.324179183195106,False,False,0.0,0.0,0.0,1.0,0.0,0.0
cql_dual,cql,dual,development,1.25,16000,5.0,0.3,0.796,0.3,0.796,1135.458693907387,2.7704538101307636,4.863668313686525,False,False,0.0,0.796,0.204,0.0,0.0,0.0
cql_dual,cql,dual,development,1.25,16000,10.0,0.8,1.0,0.8,1.0,2986.382890650684,7.671772625391796,9.764987128947558,False,False,0.0,0.0,0.0,1.0,0.0,0.0
cql_dual,cql,dual,development,1.25,16000,20.0,1.0,1.0,1.0,1.0,5411.590405027613,19.62133555655705,21.71455006011281,False,False,0.0,0.0,0.0,0.0,1.0,0.0
cql_dual,cql,dual,development,1.25,Full,5.0,0.5,1.0,0.5,1.0,1591.1695426655988,4.596122094095471,6.056577991359724,False,False,0.0,0.0,1.0,0.0,0.0,0.0
cql_dual,cql,dual,development,1.25,Full,10.0,0.8,1.0,0.8,1.0,3269.5846877970216,6.832545183088887,8.29300108035314,False,False,0.0,0.0,0.0,1.0,0.0,0.0
cql_dual,cql,dual,development,1.25,Full,20.0,1.0,1.0,1.0,1.0,6519.36432192034,16.50980352310473,17.970259420368983,False,False,0.0,0.0,0.0,0.0,1.0,0.0
cql_dual,cql,dual,development,1.375,500,5.0,0.0,1.0,0.0,1.0,0.0,0.0,67.82895992211867,True,True,1.0,0.0,0.0,0.0,0.0,0.0
cql_dual,cql,dual,development,1.375,500,10.0,0.0,1.0,0.0,1.0,0.0,0.0,67.82895992211867,True,True,1.0,0.0,0.0,0.0,0.0,0.0
cql_dual,cql,dual,development,1.375,500,20.0,0.0,1.0,0.0,1.0,0.0,0.0,67.82895992211867,True,True,1.0,0.0,0.0,0.0,0.0,0.0
cql_dual,cql,dual,development,1.375,1000,5.0,0.0,1.0,0.0,1.0,0.0,0.0,47.07561121642821,True,True,1.0,0.0,0.0,0.0,0.0,0.0
cql_dual,cql,dual,development,1.375,1000,10.0,0.0,1.0,0.0,1.0,0.0,0.0,47.07561121642821,True,True,1.0,0.0,0.0,0.0,0.0,0.0
cql_dual,cql,dual,development,1.375,1000,20.0,0.0,1.0,0.0,1.0,0.0,0.0,47.07561121642821,True,True,1.0,0.0,0.0,0.0,0.0,0.0
cql_dual,cql,dual,development,1.375,2000,5.0,0.0,1.0,0.0,1.0,0.0,0.0,24.272490159522803,True,True,1.0,0.0,0.0,0.0,0.0,0.0
cql_dual,cql,dual,development,1.375,2000,10.0,0.0,1.0,0.0,1.0,0.0,0.0,24.272490159522803,True,True,1.0,0.0,0.0,0.0,0.0,0.0
cql_dual,cql,dual,development,1.375,2000,20.0,0.0,1.0,0.0,1.0,0.0,0.0,24.272490159522803,True,True,1.0,0.0,0.0,0.0,0.0,0.0
cql_dual,cql,dual,development,1.375,4000,5.0,0.3,1.0,0.3,1.0,506.6257384382734,2.8141841651847095,12.027435974269368,False,False,0.0,1.0,0.0,0.0,0.0,0.0
cql_dual,cql,dual,development,1.375,4000,10.0,0.3,0.605,0.3,0.605,506.6257384382734,2.8141841651847095,12.027435974269368,False,False,0.0,0.605,0.395,0.0,0.0,0.0
cql_dual,cql,dual,development,1.375,4000,20.0,0.3,0.605,0.3,0.605,506.6257384382734,2.8141841651847095,12.027435974269368,False,False,0.0,0.605,0.395,0.0,0.0,0.0
cql_dual,cql,dual,development,1.375,8000,5.0,0.5,1.0,0.5,1.0,1264.2580863385538,4.21373242594675,8.017538491812136,False,False,0.0,0.0,1.0,0.0,0.0,0.0
cql_dual,cql,dual,development,1.375,8000,10.0,0.5,1.0,0.5,1.0,1264.2580863385538,4.21373242594675,8.017538491812136,False,False,0.0,0.0,1.0,0.0,0.0,0.0
cql_dual,cql,dual,development,1.375,8000,20.0,0.8,1.0,0.8,1.0,2596.1571444073033,13.242372468357194,17.04617853422258,False,False,0.0,0.0,0.0,1.0,0.0,0.0
cql_dual,cql,dual,development,1.375,16000,5.0,0.5,1.0,0.5,1.0,1764.4754718171353,3.2933408616160977,5.898584565550695,False,False,0.0,0.0,1.0,0.0,0.0,0.0
cql_dual,cql,dual,development,1.375,16000,10.0,0.8,1.0,0.8,1.0,3324.496438970873,8.299804673229064,10.905048377163661,False,False,0.0,0.0,0.0,1.0,0.0,0.0
cql_dual,cql,dual,development,1.375,16000,20.0,1.0,1.0,1.0,1.0,5565.132388650225,19.667686862779952,22.27293056671455,False,False,0.0,0.0,0.0,0.0,1.0,0.0
cql_dual,cql,dual,development,1.375,Full,5.0,0.5,1.0,0.5,1.0,1513.0258405787135,4.652455157286244,5.97031569816883,False,False,0.0,0.0,1.0,0.0,0.0,0.0
cql_dual,cql,dual,development,1.375,Full,10.0,0.8,1.0,0.8,1.0,3480.921989995506,8.10323931564035,9.421099856522936,False,False,0.0,0.0,0.0,1.0,0.0,0.0
cql_dual,cql,dual,development,1.375,Full,20.0,1.0,1.0,1.0,1.0,6558.091219894486,17.24143580991047,18.559296350793055,False,False,0.0,0.0,0.0,0.0,1.0,0.0
cql_dual,cql,dual,development,1.5,500,5.0,0.0,1.0,0.0,1.0,0.0,0.0,70.01372902599125,True,True,1.0,0.0,0.0,0.0,0.0,0.0
cql_dual,cql,dual,development,1.5,500,10.0,0.0,1.0,0.0,1.0,0.0,0.0,70.01372902599125,True,True,1.0,0.0,0.0,0.0,0.0,0.0
cql_dual,cql,dual,development,1.5,500,20.0,0.0,1.0,0.0,1.0,0.0,0.0,70.01372902599125,True,True,1.0,0.0,0.0,0.0,0.0,0.0
cql_dual,cql,dual,development,1.5,1000,5.0,0.0,1.0,0.0,1.0,0.0,0.0,50.041425820343896,True,True,1.0,0.0,0.0,0.0,0.0,0.0
cql_dual,cql,dual,development,1.5,1000,10.0,0.0,1.0,0.0,1.0,0.0,0.0,50.041425820343896,True,True,1.0,0.0,0.0,0.0,0.0,0.0
cql_dual,cql,dual,development,1.5,1000,20.0,0.0,1.0,0.0,1.0,0.0,0.0,50.041425820343896,True,True,1.0,0.0,0.0,0.0,0.0,0.0
cql_dual,cql,dual,development,1.5,2000,5.0,0.0,1.0,0.0,1.0,0.0,0.0,26.84755020065776,True,True,1.0,0.0,0.0,0.0,0.0,0.0
cql_dual,cql,dual,development,1.5,2000,10.0,0.0,1.0,0.0,1.0,0.0,0.0,26.84755020065776,True,True,1.0,0.0,0.0,0.0,0.0,0.0
cql_dual,cql,dual,development,1.5,2000,20.0,0.0,1.0,0.0,1.0,0.0,0.0,26.84755020065776,True,True,1.0,0.0,0.0,0.0,0.0,0.0
cql_dual,cql,dual,development,1.5,4000,5.0,0.3,1.0,0.3,1.0,536.1477953285448,2.764602189018742,13.269639579188238,False,True,0.0,1.0,0.0,0.0,0.0,0.0
cql_dual,cql,dual,development,1.5,4000,10.0,0.5,0.5915,0.5,0.5915,566.5423731569044,6.22172470986539,16.726762100034886,False,True,0.0,0.4085,0.5915,0.0,0.0,0.0
cql_dual,cql,dual,development,1.5,4000,20.0,0.5,0.5915,0.5,0.5915,566.5423731569044,6.22172470986539,16.726762100034886,False,True,0.0,0.4085,0.5915,0.0,0.0,0.0
cql_dual,cql,dual,development,1.5,8000,5.0,0.5,1.0,0.5,1.0,1341.4951671026647,4.031832176419327,8.563319998902045,False,False,0.0,0.0,1.0,0.0,0.0,0.0
cql_dual,cql,dual,development,1.5,8000,10.0,0.5,1.0,0.5,1.0,1341.4951671026647,4.031832176419327,8.563319998902045,False,False,0.0,0.0,1.0,0.0,0.0,0.0
cql_dual,cql,dual,development,1.5,8000,20.0,0.8,1.0,0.8,1.0,2417.1218813786545,14.155656895920496,18.687144718403214,False,False,0.0,0.0,0.0,1.0,0.0,0.0
cql_dual,cql,dual,development,1.5,16000,5.0,0.5,1.0,0.5,1.0,1698.9679789709735,3.4589984971817342,6.4310579009516085,False,False,0.0,0.0,1.0,0.0,0.0,0.0
cql_dual,cql,dual,development,1.5,16000,10.0,0.8,1.0,0.8,1.0,3407.9061450070803,8.641917887699908,11.613977291469782,False,False,0.0,0.0,0.0,1.0,0.0,0.0
cql_dual,cql,dual,development,1.5,16000,20.0,1.0,1.0,1.0,1.0,5526.411500644943,19.434949729481545,22.40700913325142,False,False,0.0,0.0,0.0,0.0,1.0,0.0
cql_dual,cql,dual,development,1.5,Full,5.0,0.5,1.0,0.5,1.0,1526.1311046359624,3.815663901685989,5.955750165625249,False,False,0.0,0.0,1.0,0.0,0.0,0.0
cql_dual,cql,dual,development,1.5,Full,10.0,0.8,1.0,0.8,1.0,3484.4745856035515,7.6239252577119405,9.7640115216512,False,False,0.0,0.0,0.0,1.0,0.0,0.0
cql_dual,cql,dual,development,1.5,Full,20.0,1.0,1.0,1.0,1.0,6498.973922452089,16.537819333348036,18.677905597287296,False,False,0.0,0.0,0.0,0.0,1.0,0.0
iql_traffic_aware,iql,traffic_aware,development,0.5,500,5.0,0.3,1.0,0.3,1.0,32.18025433179264,4.418348801923173,30.420837453241163,True,True,0.0,1.0,0.0,0.0,0.0,0.0
iql_traffic_aware,iql,traffic_aware,development,0.5,500,10.0,0.3,1.0,0.3,1.0,32.18025433179264,4.418348801923173,30.420837453241163,True,True,0.0,1.0,0.0,0.0,0.0,0.0
iql_traffic_aware,iql,traffic_aware,development,0.5,500,20.0,0.3,1.0,0.3,1.0,32.18025433179264,4.418348801923173,30.420837453241163,True,True,0.0,1.0,0.0,0.0,0.0,0.0
iql_traffic_aware,iql,traffic_aware,development,0.5,1000,5.0,0.3,1.0,0.3,1.0,182.51420848351881,4.750031110241282,11.035237161533134,False,False,0.0,1.0,0.0,0.0,0.0,0.0
iql_traffic_aware,iql,traffic_aware,development,0.5,1000,10.0,0.3,1.0,0.3,1.0,182.51420848351881,4.750031110241282,11.035237161533134,False,False,0.0,1.0,0.0,0.0,0.0,0.0
iql_traffic_aware,iql,traffic_aware,development,0.5,1000,20.0,0.3,1.0,0.3,1.0,182.51420848351881,4.750031110241282,11.035237161533134,False,False,0.0,1.0,0.0,0.0,0.0,0.0
iql_traffic_aware,iql,traffic_aware,development,0.5,2000,5.0,0.3,1.0,0.3,1.0,771.1674105254633,2.430836019036182,2.6203091354459853,False,False,0.0,1.0,0.0,0.0,0.0,0.0
iql_traffic_aware,iql,traffic_aware,development,0.5,2000,10.0,0.5,1.0,0.5,1.0,916.5020099927351,5.431570924833212,5.621044041243015,False,False,0.0,0.0,1.0,0.0,0.0,0.0
iql_traffic_aware,iql,traffic_aware,development,0.5,2000,20.0,0.5,1.0,0.5,1.0,916.5020099927351,5.431570924833212,5.621044041243015,False,False,0.0,0.0,1.0,0.0,0.0,0.0
iql_traffic_aware,iql,traffic_aware,development,0.5,4000,5.0,0.5,1.0,0.5,1.0,2086.9732586518585,3.801458147678664,3.8056823193706797,False,False,0.0,0.0,1.0,0.0,0.0,0.0
iql_traffic_aware,iql,traffic_aware,development,0.5,4000,10.0,0.8,0.7635,0.8,0.7635,2197.9890752323436,9.259117382171175,9.26334155386319,False,False,0.0,0.0,0.2365,0.7635,0.0,0.0
iql_traffic_aware,iql,traffic_aware,development,0.5,4000,20.0,0.8,0.7635,0.8,0.7635,2197.9890752323436,9.259117382171175,9.26334155386319,False,False,0.0,0.0,0.2365,0.7635,0.0,0.0
iql_traffic_aware,iql,traffic_aware,development,0.5,8000,5.0,0.8,1.0,0.8,1.0,3353.0848418934556,4.2123280145017645,4.213690180351747,False,False,0.0,0.0,0.0,1.0,0.0,0.0
iql_traffic_aware,iql,traffic_aware,development,0.5,8000,10.0,0.8,1.0,0.8,1.0,3353.0848418934556,4.2123280145017645,4.213690180351747,False,False,0.0,0.0,0.0,1.0,0.0,0.0
iql_traffic_aware,iql,traffic_aware,development,0.5,8000,20.0,0.8,1.0,0.8,1.0,3353.0848418934556,4.2123280145017645,4.213690180351747,False,False,0.0,0.0,0.0,1.0,0.0,0.0
iql_traffic_aware,iql,traffic_aware,development,0.5,16000,5.0,0.5,1.0,0.5,1.0,2560.483827116206,3.321520794262886,3.3549994082817087,False,False,0.0,0.0,1.0,0.0,0.0,0.0
iql_traffic_aware,iql,traffic_aware,development,0.5,16000,10.0,0.8,1.0,0.8,1.0,3781.1792010384615,8.452020650003808,8.48549926402263,False,False,0.0,0.0,0.0,1.0,0.0,0.0
iql_traffic_aware,iql,traffic_aware,development,0.5,16000,20.0,0.8,1.0,0.8,1.0,3781.1792010384615,8.452020650003808,8.48549926402263,False,False,0.0,0.0,0.0,1.0,0.0,0.0
iql_traffic_aware,iql,traffic_aware,development,0.5,Full,5.0,0.5,1.0,0.5,1.0,2521.153075106433,2.7973968320474762,2.809408389751736,False,False,0.0,0.0,1.0,0.0,0.0,0.0
iql_traffic_aware,iql,traffic_aware,development,0.5,Full,10.0,0.8,1.0,0.8,1.0,3982.9734291267623,5.692608965233307,5.704620522937567,False,False,0.0,0.0,0.0,1.0,0.0,0.0
iql_traffic_aware,iql,traffic_aware,development,0.5,Full,20.0,0.8,1.0,0.8,1.0,3982.9734291267623,5.692608965233307,5.704620522937567,False,False,0.0,0.0,0.0,1.0,0.0,0.0
iql_traffic_aware,iql,traffic_aware,development,0.625,500,5.0,0.3,1.0,0.3,1.0,17.94608918309541,3.8551490562686084,38.554952610238736,True,True,0.0,1.0,0.0,0.0,0.0,0.0
iql_traffic_aware,iql,traffic_aware,development,0.625,500,10.0,0.3,1.0,0.3,1.0,17.94608918309541,3.8551490562686084,38.554952610238736,True,True,0.0,1.0,0.0,0.0,0.0,0.0
iql_traffic_aware,iql,traffic_aware,development,0.625,500,20.0,0.3,1.0,0.3,1.0,17.94608918309541,3.8551490562686084,38.554952610238736,True,True,0.0,1.0,0.0,0.0,0.0,0.0
iql_traffic_aware,iql,traffic_aware,development,0.625,1000,5.0,0.0,1.0,0.0,1.0,0.0,0.0,11.220989596036212,False,True,1.0,0.0,0.0,0.0,0.0,0.0
iql_traffic_aware,iql,traffic_aware,development,0.625,1000,10.0,0.3,1.0,0.3,1.0,166.72622352837698,5.156125480119513,16.377115076155725,False,True,0.0,1.0,0.0,0.0,0.0,0.0
iql_traffic_aware,iql,traffic_aware,development,0.625,1000,20.0,0.3,1.0,0.3,1.0,166.72622352837698,5.156125480119513,16.377115076155725,False,True,0.0,1.0,0.0,0.0,0.0,0.0
iql_traffic_aware,iql,traffic_aware,development,0.625,2000,5.0,0.3,1.0,0.3,1.0,743.4200240364344,2.1996518363862005,3.5663481317070485,False,False,0.0,1.0,0.0,0.0,0.0,0.0
iql_traffic_aware,iql,traffic_aware,development,0.625,2000,10.0,0.3,1.0,0.3,1.0,743.4200240364344,2.1996518363862005,3.5663481317070485,False,False,0.0,1.0,0.0,0.0,0.0,0.0
iql_traffic_aware,iql,traffic_aware,development,0.625,2000,20.0,0.3,1.0,0.3,1.0,743.4200240364344,2.1996518363862005,3.5663481317070485,False,False,0.0,1.0,0.0,0.0,0.0,0.0
iql_traffic_aware,iql,traffic_aware,development,0.625,4000,5.0,0.5,1.0,0.5,1.0,2240.5040456637844,4.138504508894029,4.151185249924162,False,False,0.0,0.0,1.0,0.0,0.0,0.0
iql_traffic_aware,iql,traffic_aware,development,0.625,4000,10.0,0.5,1.0,0.5,1.0,2240.5040456637844,4.138504508894029,4.151185249924162,False,False,0.0,0.0,1.0,0.0,0.0,0.0
iql_traffic_aware,iql,traffic_aware,development,0.625,4000,20.0,0.5,1.0,0.5,1.0,2240.5040456637844,4.138504508894029,4.151185249924162,False,False,0.0,0.0,1.0,0.0,0.0,0.0
iql_traffic_aware,iql,traffic_aware,development,0.625,8000,5.0,0.5,1.0,0.5,1.0,3129.973782754224,1.3567776461916223,1.3602838665562615,False,False,0.0,0.0,1.0,0.0,0.0,0.0
iql_traffic_aware,iql,traffic_aware,development,0.625,8000,10.0,0.8,1.0,0.8,1.0,3818.853703751828,7.10039008615518,7.103896306519819,False,False,0.0,0.0,0.0,1.0,0.0,0.0
iql_traffic_aware,iql,traffic_aware,development,0.625,8000,20.0,0.8,1.0,0.8,1.0,3818.853703751828,7.10039008615518,7.103896306519819,False,False,0.0,0.0,0.0,1.0,0.0,0.0
iql_traffic_aware,iql,traffic_aware,development,0.625,16000,5.0,0.5,1.0,0.5,1.0,3170.1646668876674,3.5949693696077705,3.6529427476054717,False,False,0.0,0.0,1.0,0.0,0.0,0.0
iql_traffic_aware,iql,traffic_aware,development,0.625,16000,10.0,0.8,1.0,0.8,1.0,4657.914216039946,8.225950354297968,8.28392373229567,False,False,0.0,0.0,0.0,1.0,0.0,0.0
iql_traffic_aware,iql,traffic_aware,development,0.625,16000,20.0,0.8,1.0,0.8,1.0,4657.914216039946,8.225950354297968,8.28392373229567,False,False,0.0,0.0,0.0,1.0,0.0,0.0
iql_traffic_aware,iql,traffic_aware,development,0.625,Full,5.0,0.5,1.0,0.5,1.0,3100.6769818126604,2.991983603692454,3.023183865642528,False,False,0.0,0.0,1.0,0.0,0.0,0.0
iql_traffic_aware,iql,traffic_aware,development,0.625,Full,10.0,0.8,1.0,0.8,1.0,4862.269029310136,5.374380825244464,5.4055810871945384,False,False,0.0,0.0,0.0,1.0,0.0,0.0
iql_traffic_aware,iql,traffic_aware,development,0.625,Full,20.0,0.8,1.0,0.8,1.0,4862.269029310136,5.374380825244464,5.4055810871945384,False,False,0.0,0.0,0.0,1.0,0.0,0.0
iql_traffic_aware,iql,traffic_aware,development,0.75,500,5.0,0.3,1.0,0.3,1.0,5.498486410580881,3.32294929240674,44.945405287024506,True,True,0.0,1.0,0.0,0.0,0.0,0.0
iql_traffic_aware,iql,traffic_aware,development,0.75,500,10.0,0.3,1.0,0.3,1.0,5.498486410580881,3.32294929240674,44.945405287024506,True,True,0.0,1.0,0.0,0.0,0.0,0.0
iql_traffic_aware,iql,traffic_aware,development,0.75,500,20.0,0.3,1.0,0.3,1.0,5.498486410580881,3.32294929240674,44.945405287024506,True,True,0.0,1.0,0.0,0.0,0.0,0.0
iql_traffic_aware,iql,traffic_aware,development,0.75,1000,5.0,0.0,1.0,0.0,1.0,0.0,0.0,16.53902286215268,False,True,1.0,0.0,0.0,0.0,0.0,0.0
iql_traffic_aware,iql,traffic_aware,development,0.75,1000,10.0,0.3,1.0,0.3,1.0,117.95363629374333,5.063681182080085,21.602704044232766,False,True,0.0,1.0,0.0,0.0,0.0,0.0
iql_traffic_aware,iql,traffic_aware,development,0.75,1000,20.0,0.3,1.0,0.3,1.0,117.95363629374333,5.063681182080085,21.602704044232766,False,True,0.0,1.0,0.0,0.0,0.0,0.0
iql_traffic_aware,iql,traffic_aware,development,0.75,2000,5.0,0.3,1.0,0.3,1.0,619.5691337763974,2.781754425285274,5.310643838999854,False,False,0.0,1.0,0.0,0.0,0.0,0.0
iql_traffic_aware,iql,traffic_aware,development,0.75,2000,10.0,0.3,1.0,0.3,1.0,619.5691337763974,2.781754425285274,5.310643838999854,False,False,0.0,1.0,0.0,0.0,0.0,0.0
iql_traffic_aware,iql,traffic_aware,development,0.75,2000,20.0,0.3,1.0,0.3,1.0,619.5691337763974,2.781754425285274,5.310643838999854,False,False,0.0,1.0,0.0,0.0,0.0,0.0
iql_traffic_aware,iql,traffic_aware,development,0.75,4000,5.0,0.5,1.0,0.5,1.0,2220.7969716074695,3.729694625711844,3.8228984526739898,False,False,0.0,0.0,1.0,0.0,0.0,0.0
iql_traffic_aware,iql,traffic_aware,development,0.75,4000,10.0,0.5,1.0,0.5,1.0,2220.7969716074695,3.729694625711844,3.8228984526739898,False,False,0.0,0.0,1.0,0.0,0.0,0.0
iql_traffic_aware,iql,traffic_aware,development,0.75,4000,20.0,0.5,1.0,0.5,1.0,2220.7969716074695,3.729694625711844,3.8228984526739898,False,False,0.0,0.0,1.0,0.0,0.0,0.0
iql_traffic_aware,iql,traffic_aware,development,0.75,8000,5.0,0.5,1.0,0.5,1.0,3512.7792300060464,3.120664053795347,3.140316876614786,False,False,0.0,0.0,1.0,0.0,0.0,0.0
iql_traffic_aware,iql,traffic_aware,development,0.75,8000,10.0,0.8,0.9705,0.8,0.9705,4221.163192916316,9.748892407833784,9.768545230653224,False,False,0.0,0.0,0.0295,0.9705,0.0,0.0
iql_traffic_aware,iql,traffic_aware,development,0.75,8000,20.0,0.8,1.0,0.8,1.0,4221.163192916316,9.748892407833784,9.768545230653224,False,False,0.0,0.0,0.0,1.0,0.0,0.0
iql_traffic_aware,iql,traffic_aware,development,0.75,16000,5.0,0.5,1.0,0.5,1.0,3818.5323810361315,3.67155364522221,3.7455005054650576,False,False,0.0,0.0,1.0,0.0,0.0,0.0
iql_traffic_aware,iql,traffic_aware,development,0.75,16000,10.0,0.8,0.894,0.8,0.894,5357.951936272979,9.801526443113886,9.875473303356733,False,False,0.0,0.0,0.106,0.894,0.0,0.0
iql_traffic_aware,iql,traffic_aware,development,0.75,16000,20.0,0.8,1.0,0.8,1.0,5357.951936272979,9.801526443113886,9.875473303356733,False,False,0.0,0.0,0.0,1.0,0.0,0.0
iql_traffic_aware,iql,traffic_aware,development,0.75,Full,5.0,0.5,1.0,0.5,1.0,3748.9303660787136,3.167822146976693,3.2326448177080214,False,False,0.0,0.0,1.0,0.0,0.0,0.0
iql_traffic_aware,iql,traffic_aware,development,0.75,Full,10.0,0.8,1.0,0.8,1.0,5720.883776929828,6.252193089689356,6.317015760420683,False,False,0.0,0.0,0.0,1.0,0.0,0.0
iql_traffic_aware,iql,traffic_aware,development,0.75,Full,20.0,0.8,1.0,0.8,1.0,5720.883776929828,6.252193089689356,6.317015760420683,False,False,0.0,0.0,0.0,1.0,0.0,0.0
iql_traffic_aware,iql,traffic_aware,development,0.875,500,5.0,0.0,0.957,0.0,0.957,0.0,0.0,47.375476653965336,True,True,0.957,0.043,0.0,0.0,0.0,0.0
iql_traffic_aware,iql,traffic_aware,development,0.875,500,10.0,0.0,0.957,0.0,0.957,0.0,0.0,47.375476653965336,True,True,0.957,0.043,0.0,0.0,0.0,0.0
iql_traffic_aware,iql,traffic_aware,development,0.875,500,20.0,0.0,0.957,0.0,0.957,0.0,0.0,47.375476653965336,True,True,0.957,0.043,0.0,0.0,0.0,0.0
iql_traffic_aware,iql,traffic_aware,development,0.875,1000,5.0,0.3,1.0,0.3,1.0,102.35123833840771,4.429350062616326,26.217010303186076,True,True,0.0,1.0,0.0,0.0,0.0,0.0
iql_traffic_aware,iql,traffic_aware,development,0.875,1000,10.0,0.3,1.0,0.3,1.0,102.35123833840771,4.429350062616326,26.217010303186076,True,True,0.0,1.0,0.0,0.0,0.0,0.0
iql_traffic_aware,iql,traffic_aware,development,0.875,1000,20.0,0.3,1.0,0.3,1.0,102.35123833840771,4.429350062616326,26.217010303186076,True,True,0.0,1.0,0.0,0.0,0.0,0.0
iql_traffic_aware,iql,traffic_aware,development,0.875,2000,5.0,0.3,1.0,0.3,1.0,478.49910375704894,4.017361329534689,7.838457835115356,False,False,0.0,1.0,0.0,0.0,0.0,0.0
iql_traffic_aware,iql,traffic_aware,development,0.875,2000,10.0,0.3,1.0,0.3,1.0,478.49910375704894,4.017361329534689,7.838457835115356,False,False,0.0,1.0,0.0,0.0,0.0,0.0
iql_traffic_aware,iql,traffic_aware,development,0.875,2000,20.0,0.3,1.0,0.3,1.0,478.49910375704894,4.017361329534689,7.838457835115356,False,False,0.0,1.0,0.0,0.0,0.0,0.0
iql_traffic_aware,iql,traffic_aware,development,0.875,4000,5.0,0.5,1.0,0.5,1.0,2135.4617407147107,4.601020851686985,4.769176540805447,False,False,0.0,0.0,1.0,0.0,0.0,0.0
iql_traffic_aware,iql,traffic_aware,development,0.875,4000,10.0,0.5,1.0,0.5,1.0,2135.4617407147107,4.601020851686985,4.769176540805447,False,False,0.0,0.0,1.0,0.0,0.0,0.0
iql_traffic_aware,iql,traffic_aware,development,0.875,4000,20.0,0.5,1.0,0.5,1.0,2135.4617407147107,4.601020851686985,4.769176540805447,False,False,0.0,0.0,1.0,0.0,0.0,0.0
iql_traffic_aware,iql,traffic_aware,development,0.875,8000,5.0,0.5,1.0,0.5,1.0,3819.499139675974,3.9929170542884456,4.0325339602723895,False,False,0.0,0.0,1.0,0.0,0.0,0.0
iql_traffic_aware,iql,traffic_aware,development,0.875,8000,10.0,0.5,1.0,0.5,1.0,3819.499139675974,3.9929170542884456,4.0325339602723895,False,False,0.0,0.0,1.0,0.0,0.0,0.0
iql_traffic_aware,iql,traffic_aware,development,0.875,8000,20.0,0.8,1.0,0.8,1.0,4533.543283135676,11.818401132685787,11.858018038669732,False,False,0.0,0.0,0.0,1.0,0.0,0.0
iql_traffic_aware,iql,traffic_aware,development,0.875,16000,5.0,0.5,1.0,0.5,1.0,4291.591313987492,4.045370533596165,4.115845327239552,False,False,0.0,0.0,1.0,0.0,0.0,0.0
iql_traffic_aware,iql,traffic_aware,development,0.875,16000,10.0,0.5,1.0,0.5,1.0,4291.591313987492,4.045370533596165,4.115845327239552,False,False,0.0,0.0,1.0,0.0,0.0,0.0
iql_traffic_aware,iql,traffic_aware,development,0.875,16000,20.0,0.8,1.0,0.8,1.0,6033.644734670583,10.761866388580689,10.832341182224077,False,False,0.0,0.0,0.0,1.0,0.0,0.0
iql_traffic_aware,iql,traffic_aware,development,0.875,Full,5.0,0.5,1.0,0.5,1.0,4308.683675024571,3.1858618214476406,3.264456264631848,False,False,0.0,0.0,1.0,0.0,0.0,0.0
iql_traffic_aware,iql,traffic_aware,development,0.875,Full,10.0,0.8,1.0,0.8,1.0,6570.927579713469,6.8580274021410705,6.936621845325278,False,False,0.0,0.0,0.0,1.0,0.0,0.0
iql_traffic_aware,iql,traffic_aware,development,0.875,Full,20.0,0.8,1.0,0.8,1.0,6570.927579713469,6.8580274021410705,6.936621845325278,False,False,0.0,0.0,0.0,1.0,0.0,0.0
iql_traffic_aware,iql,traffic_aware,development,1.0,500,5.0,0.0,0.9985,0.0,0.9985,0.0,0.0,52.02607109796882,True,True,0.9985,0.0015,0.0,0.0,0.0,0.0
iql_traffic_aware,iql,traffic_aware,development,1.0,500,10.0,0.0,0.9985,0.0,0.9985,0.0,0.0,52.02607109796882,True,True,0.9985,0.0015,0.0,0.0,0.0,0.0
iql_traffic_aware,iql,traffic_aware,development,1.0,500,20.0,0.0,0.9985,0.0,0.9985,0.0,0.0,52.02607109796882,True,True,0.9985,0.0015,0.0,0.0,0.0,0.0
iql_traffic_aware,iql,traffic_aware,development,1.0,1000,5.0,0.3,1.0,0.3,1.0,69.74905544164358,4.4926818482894575,30.457199479188137,True,True,0.0,1.0,0.0,0.0,0.0,0.0
iql_traffic_aware,iql,traffic_aware,development,1.0,1000,10.0,0.3,1.0,0.3,1.0,69.74905544164358,4.4926818482894575,30.457199479188137,True,True,0.0,1.0,0.0,0.0,0.0,0.0
iql_traffic_aware,iql,traffic_aware,development,1.0,1000,20.0,0.3,1.0,0.3,1.0,69.74905544164358,4.4926818482894575,30.457199479188137,True,True,0.0,1.0,0.0,0.0,0.0,0.0
iql_traffic_aware,iql,traffic_aware,development,1.0,2000,5.0,0.3,1.0,0.3,1.0,417.41531079371816,4.467693497794224,10.696063391712448,False,False,0.0,1.0,0.0,0.0,0.0,0.0
iql_traffic_aware,iql,traffic_aware,development,1.0,2000,10.0,0.3,1.0,0.3,1.0,417.41531079371816,4.467693497794224,10.696063391712448,False,False,0.0,1.0,0.0,0.0,0.0,0.0
iql_traffic_aware,iql,traffic_aware,development,1.0,2000,20.0,0.3,1.0,0.3,1.0,417.41531079371816,4.467693497794224,10.696063391712448,False,False,0.0,1.0,0.0,0.0,0.0,0.0
iql_traffic_aware,iql,traffic_aware,development,1.0,4000,5.0,0.5,0.644,0.5,0.644,2067.836322417459,4.970235895457753,5.5187829481273925,False,False,0.0,0.356,0.644,0.0,0.0,0.0
iql_traffic_aware,iql,traffic_aware,development,1.0,4000,10.0,0.5,1.0,0.5,1.0,2067.836322417459,4.970235895457753,5.5187829481273925,False,False,0.0,0.0,1.0,0.0,0.0,0.0
iql_traffic_aware,iql,traffic_aware,development,1.0,4000,20.0,0.5,1.0,0.5,1.0,2067.836322417459,4.970235895457753,5.5187829481273925,False,False,0.0,0.0,1.0,0.0,0.0,0.0
iql_traffic_aware,iql,traffic_aware,development,1.0,8000,5.0,0.5,1.0,0.5,1.0,4031.479162679292,4.901979247101477,4.954576667279265,False,False,0.0,0.0,1.0,0.0,0.0,0.0
iql_traffic_aware,iql,traffic_aware,development,1.0,8000,10.0,0.5,1.0,0.5,1.0,4031.479162679292,4.901979247101477,4.954576667279265,False,False,0.0,0.0,1.0,0.0,0.0,0.0
iql_traffic_aware,iql,traffic_aware,development,1.0,8000,20.0,0.8,1.0,0.8,1.0,4683.302388236078,13.336410021522775,13.389007441700564,False,False,0.0,0.0,0.0,1.0,0.0,0.0
iql_traffic_aware,iql,traffic_aware,development,1.0,16000,5.0,0.5,1.0,0.5,1.0,4623.806093470012,4.1275131015398285,4.20662720310925,False,False,0.0,0.0,1.0,0.0,0.0,0.0
iql_traffic_aware,iql,traffic_aware,development,1.0,16000,10.0,0.5,1.0,0.5,1.0,4623.806093470012,4.1275131015398285,4.20662720310925,False,False,0.0,0.0,1.0,0.0,0.0,0.0
iql_traffic_aware,iql,traffic_aware,development,1.0,16000,20.0,0.8,1.0,0.8,1.0,6601.804401590785,11.585642177747598,11.66475627931702,False,False,0.0,0.0,0.0,1.0,0.0,0.0
iql_traffic_aware,iql,traffic_aware,development,1.0,Full,5.0,0.5,1.0,0.5,1.0,4699.990867856617,3.4736888436381563,3.5609615255743754,False,False,0.0,0.0,1.0,0.0,0.0,0.0
iql_traffic_aware,iql,traffic_aware,development,1.0,Full,10.0,0.8,1.0,0.8,1.0,7324.203711642544,6.919037330223596,7.006310012159815,False,False,0.0,0.0,0.0,1.0,0.0,0.0
iql_traffic_aware,iql,traffic_aware,development,1.0,Full,20.0,0.8,1.0,0.8,1.0,7324.203711642544,6.919037330223596,7.006310012159815,False,False,0.0,0.0,0.0,1.0,0.0,0.0
iql_traffic_aware,iql,traffic_aware,development,1.125,500,5.0,0.3,0.7505,0.3,0.7505,0.6539709952112389,2.295862991967425,58.25084479220883,True,True,0.2495,0.7505,0.0,0.0,0.0,0.0
iql_traffic_aware,iql,traffic_aware,development,1.125,500,10.0,0.3,0.7505,0.3,0.7505,0.6539709952112389,2.295862991967425,58.25084479220883,True,True,0.2495,0.7505,0.0,0.0,0.0,0.0
iql_traffic_aware,iql,traffic_aware,development,1.125,500,20.0,0.3,0.7505,0.3,0.7505,0.6539709952112389,2.295862991967425,58.25084479220883,True,True,0.2495,0.7505,0.0,0.0,0.0,0.0
iql_traffic_aware,iql,traffic_aware,development,1.125,1000,5.0,0.3,1.0,0.3,1.0,62.546535140951164,4.128640725789463,34.44236289376929,True,True,0.0,1.0,0.0,0.0,0.0,0.0
iql_traffic_aware,iql,traffic_aware,development,1.125,1000,10.0,0.3,1.0,0.3,1.0,62.546535140951164,4.128640725789463,34.44236289376929,True,True,0.0,1.0,0.0,0.0,0.0,0.0
iql_traffic_aware,iql,traffic_aware,development,1.125,1000,20.0,0.3,1.0,0.3,1.0,62.546535140951164,4.128640725789463,34.44236289376929,True,True,0.0,1.0,0.0,0.0,0.0,0.0
iql_traffic_aware,iql,traffic_aware,development,1.125,2000,5.0,0.3,1.0,0.3,1.0,449.8641284851183,4.212473002774097,13.014139147863135,False,False,0.0,1.0,0.0,0.0,0.0,0.0
iql_traffic_aware,iql,traffic_aware,development,1.125,2000,10.0,0.3,1.0,0.3,1.0,449.8641284851183,4.212473002774097,13.014139147863135,False,False,0.0,1.0,0.0,0.0,0.0,0.0
iql_traffic_aware,iql,traffic_aware,development,1.125,2000,20.0,0.3,1.0,0.3,1.0,449.8641284851183,4.212473002774097,13.014139147863135,False,False,0.0,1.0,0.0,0.0,0.0,0.0
iql_traffic_aware,iql,traffic_aware,development,1.125,4000,5.0,0.5,1.0,0.5,1.0,2104.7709040392037,4.321361305503825,5.539851515496512,False,False,0.0,0.0,1.0,0.0,0.0,0.0
iql_traffic_aware,iql,traffic_aware,development,1.125,4000,10.0,0.5,1.0,0.5,1.0,2104.7709040392037,4.321361305503825,5.539851515496512,False,False,0.0,0.0,1.0,0.0,0.0,0.0
iql_traffic_aware,iql,traffic_aware,development,1.125,4000,20.0,0.5,1.0,0.5,1.0,2104.7709040392037,4.321361305503825,5.539851515496512,False,False,0.0,0.0,1.0,0.0,0.0,0.0
iql_traffic_aware,iql,traffic_aware,development,1.125,8000,5.0,0.5,1.0,0.5,1.0,4267.492411343117,4.623920652728549,4.684201542633631,False,False,0.0,0.0,1.0,0.0,0.0,0.0
iql_traffic_aware,iql,traffic_aware,development,1.125,8000,10.0,0.5,1.0,0.5,1.0,4267.492411343117,4.623920652728549,4.684201542633631,False,False,0.0,0.0,1.0,0.0,0.0,0.0
iql_traffic_aware,iql,traffic_aware,development,1.125,8000,20.0,0.8,1.0,0.8,1.0,4603.341397568753,15.434524055571764,15.494804945476846,False,False,0.0,0.0,0.0,1.0,0.0,0.0
iql_traffic_aware,iql,traffic_aware,development,1.125,16000,5.0,0.5,1.0,0.5,1.0,5003.256656680072,4.028663587139705,4.119460160284921,False,False,0.0,0.0,1.0,0.0,0.0,0.0
iql_traffic_aware,iql,traffic_aware,development,1.125,16000,10.0,0.5,1.0,0.5,1.0,5003.256656680072,4.028663587139705,4.119460160284921,False,False,0.0,0.0,1.0,0.0,0.0,0.0
iql_traffic_aware,iql,traffic_aware,development,1.125,16000,20.0,0.8,1.0,0.8,1.0,7183.250796321308,11.899046906280079,11.989843479425295,False,False,0.0,0.0,0.0,1.0,0.0,0.0
iql_traffic_aware,iql,traffic_aware,development,1.125,Full,5.0,0.5,1.0,0.5,1.0,5118.849629465216,3.278091625634218,3.3516321248617063,False,False,0.0,0.0,1.0,0.0,0.0,0.0
iql_traffic_aware,iql,traffic_aware,development,1.125,Full,10.0,0.8,1.0,0.8,1.0,8064.099835230985,7.462168991079398,7.535709490306886,False,False,0.0,0.0,0.0,1.0,0.0,0.0
iql_traffic_aware,iql,traffic_aware,development,1.125,Full,20.0,0.8,1.0,0.8,1.0,8064.099835230985,7.462168991079398,7.535709490306886,False,False,0.0,0.0,0.0,1.0,0.0,0.0
iql_traffic_aware,iql,traffic_aware,development,1.25,500,5.0,0.0,1.0,0.0,1.0,0.0,0.0,59.36318889432076,True,True,1.0,0.0,0.0,0.0,0.0,0.0
iql_traffic_aware,iql,traffic_aware,development,1.25,500,10.0,0.0,1.0,0.0,1.0,0.0,0.0,59.36318889432076,True,True,1.0,0.0,0.0,0.0,0.0,0.0
iql_traffic_aware,iql,traffic_aware,development,1.25,500,20.0,0.0,1.0,0.0,1.0,0.0,0.0,59.36318889432076,True,True,1.0,0.0,0.0,0.0,0.0,0.0
iql_traffic_aware,iql,traffic_aware,development,1.25,1000,5.0,0.3,1.0,0.3,1.0,36.76262724656772,3.9520962255922996,38.614537422812965,True,True,0.0,1.0,0.0,0.0,0.0,0.0
iql_traffic_aware,iql,traffic_aware,development,1.25,1000,10.0,0.3,1.0,0.3,1.0,36.76262724656772,3.9520962255922996,38.614537422812965,True,True,0.0,1.0,0.0,0.0,0.0,0.0
iql_traffic_aware,iql,traffic_aware,development,1.25,1000,20.0,0.3,1.0,0.3,1.0,36.76262724656772,3.9520962255922996,38.614537422812965,True,True,0.0,1.0,0.0,0.0,0.0,0.0
iql_traffic_aware,iql,traffic_aware,development,1.25,2000,5.0,0.3,1.0,0.3,1.0,424.4177345527387,4.414777859274075,15.82336657595694,False,True,0.0,1.0,0.0,0.0,0.0,0.0
iql_traffic_aware,iql,traffic_aware,development,1.25,2000,10.0,0.3,1.0,0.3,1.0,424.4177345527387,4.414777859274075,15.82336657595694,False,True,0.0,1.0,0.0,0.0,0.0,0.0
iql_traffic_aware,iql,traffic_aware,development,1.25,2000,20.0,0.3,1.0,0.3,1.0,424.4177345527387,4.414777859274075,15.82336657595694,False,True,0.0,1.0,0.0,0.0,0.0,0.0
iql_traffic_aware,iql,traffic_aware,development,1.25,4000,5.0,0.5,0.916,0.5,0.916,1957.2556478492806,4.956436636399839,6.632383617663727,False,False,0.0,0.084,0.916,0.0,0.0,0.0
iql_traffic_aware,iql,traffic_aware,development,1.25,4000,10.0,0.5,1.0,0.5,1.0,1957.2556478492806,4.956436636399839,6.632383617663727,False,False,0.0,0.0,1.0,0.0,0.0,0.0
iql_traffic_aware,iql,traffic_aware,development,1.25,4000,20.0,0.5,1.0,0.5,1.0,1957.2556478492806,4.956436636399839,6.632383617663727,False,False,0.0,0.0,1.0,0.0,0.0,0.0
iql_traffic_aware,iql,traffic_aware,development,1.25,8000,5.0,0.5,1.0,0.5,1.0,4365.378780986186,3.8644788075284233,4.015649991140885,False,False,0.0,0.0,1.0,0.0,0.0,0.0
iql_traffic_aware,iql,traffic_aware,development,1.25,8000,10.0,0.5,1.0,0.5,1.0,4365.378780986186,3.8644788075284233,4.015649991140885,False,False,0.0,0.0,1.0,0.0,0.0,0.0
iql_traffic_aware,iql,traffic_aware,development,1.25,8000,20.0,0.8,1.0,0.8,1.0,4756.697478910941,15.670608461401258,15.82177964501372,False,False,0.0,0.0,0.0,1.0,0.0,0.0
iql_traffic_aware,iql,traffic_aware,development,1.25,16000,5.0,0.5,1.0,0.5,1.0,5093.106275018437,3.98050229256353,4.076925309739715,False,False,0.0,0.0,1.0,0.0,0.0,0.0
iql_traffic_aware,iql,traffic_aware,development,1.25,16000,10.0,0.5,1.0,0.5,1.0,5093.106275018437,3.98050229256353,4.076925309739715,False,False,0.0,0.0,1.0,0.0,0.0,0.0
iql_traffic_aware,iql,traffic_aware,development,1.25,16000,20.0,0.8,1.0,0.8,1.0,7869.379074663882,10.678135312187072,10.774558329363257,False,False,0.0,0.0,0.0,1.0,0.0,0.0
iql_traffic_aware,iql,traffic_aware,development,1.25,Full,5.0,0.5,1.0,0.5,1.0,5147.8308536064105,3.0731183473585717,3.1518734109878075,False,False,0.0,0.0,1.0,0.0,0.0,0.0
iql_traffic_aware,iql,traffic_aware,development,1.25,Full,10.0,0.8,1.0,0.8,1.0,8570.067476029224,6.529774213263284,6.6085292768925195,False,False,0.0,0.0,0.0,1.0,0.0,0.0
iql_traffic_aware,iql,traffic_aware,development,1.25,Full,20.0,0.8,1.0,0.8,1.0,8570.067476029224,6.529774213263284,6.6085292768925195,False,False,0.0,0.0,0.0,1.0,0.0,0.0
iql_traffic_aware,iql,traffic_aware,development,1.375,500,5.0,0.0,1.0,0.0,1.0,0.0,0.0,62.276045554638706,True,True,1.0,0.0,0.0,0.0,0.0,0.0
iql_traffic_aware,iql,traffic_aware,development,1.375,500,10.0,0.0,1.0,0.0,1.0,0.0,0.0,62.276045554638706,True,True,1.0,0.0,0.0,0.0,0.0,0.0
iql_traffic_aware,iql,traffic_aware,development,1.375,500,20.0,0.0,1.0,0.0,1.0,0.0,0.0,62.276045554638706,True,True,1.0,0.0,0.0,0.0,0.0,0.0
iql_traffic_aware,iql,traffic_aware,development,1.375,1000,5.0,0.3,1.0,0.3,1.0,16.366346421156777,3.5985870067618606,41.88291251680122,True,True,0.0,1.0,0.0,0.0,0.0,0.0
iql_traffic_aware,iql,traffic_aware,development,1.375,1000,10.0,0.3,1.0,0.3,1.0,16.366346421156777,3.5985870067618606,41.88291251680122,True,True,0.0,1.0,0.0,0.0,0.0,0.0
iql_traffic_aware,iql,traffic_aware,development,1.375,1000,20.0,0.3,1.0,0.3,1.0,16.366346421156777,3.5985870067618606,41.88291251680122,True,True,0.0,1.0,0.0,0.0,0.0,0.0
iql_traffic_aware,iql,traffic_aware,development,1.375,2000,5.0,0.3,1.0,0.3,1.0,395.8125067419387,4.226819069957148,18.139133611983343,False,True,0.0,1.0,0.0,0.0,0.0,0.0
iql_traffic_aware,iql,traffic_aware,development,1.375,2000,10.0,0.3,1.0,0.3,1.0,395.8125067419387,4.226819069957148,18.139133611983343,False,True,0.0,1.0,0.0,0.0,0.0,0.0
iql_traffic_aware,iql,traffic_aware,development,1.375,2000,20.0,0.3,1.0,0.3,1.0,395.8125067419387,4.226819069957148,18.139133611983343,False,True,0.0,1.0,0.0,0.0,0.0,0.0
iql_traffic_aware,iql,traffic_aware,development,1.375,4000,5.0,0.3,1.0,0.3,1.0,1460.5545963173408,2.120527899672199,3.925690630977,False,False,0.0,1.0,0.0,0.0,0.0,0.0
iql_traffic_aware,iql,traffic_aware,development,1.375,4000,10.0,0.5,1.0,0.5,1.0,1790.3640767032794,6.140686885059723,7.945849616364524,False,False,0.0,0.0,1.0,0.0,0.0,0.0
iql_traffic_aware,iql,traffic_aware,development,1.375,4000,20.0,0.5,1.0,0.5,1.0,1790.3640767032794,6.140686885059723,7.945849616364524,False,False,0.0,0.0,1.0,0.0,0.0,0.0
iql_traffic_aware,iql,traffic_aware,development,1.375,8000,5.0,0.5,1.0,0.5,1.0,4342.283298272203,4.186898062712918,4.373228281547166,False,False,0.0,0.0,1.0,0.0,0.0,0.0
iql_traffic_aware,iql,traffic_aware,development,1.375,8000,10.0,0.5,1.0,0.5,1.0,4342.283298272203,4.186898062712918,4.373228281547166,False,False,0.0,0.0,1.0,0.0,0.0,0.0
iql_traffic_aware,iql,traffic_aware,development,1.375,8000,20.0,0.8,1.0,0.8,1.0,4722.211075636027,16.25280103996131,16.43913125879556,False,False,0.0,0.0,0.0,1.0,0.0,0.0
iql_traffic_aware,iql,traffic_aware,development,1.375,16000,5.0,0.5,1.0,0.5,1.0,5246.496964571565,4.048374705676554,4.1424676354852075,False,False,0.0,0.0,1.0,0.0,0.0,0.0
iql_traffic_aware,iql,traffic_aware,development,1.375,16000,10.0,0.5,0.945,0.5,0.945,5246.496964571565,4.048374705676554,4.1424676354852075,False,False,0.0,0.0,0.945,0.055,0.0,0.0
iql_traffic_aware,iql,traffic_aware,development,1.375,16000,20.0,0.8,1.0,0.8,1.0,8371.276674462173,10.201349501624113,10.295442431432766,False,False,0.0,0.0,0.0,1.0,0.0,0.0
iql_traffic_aware,iql,traffic_aware,development,1.375,Full,5.0,0.5,1.0,0.5,1.0,5257.4781493716655,3.2644596943838353,3.343213025824904,False,False,0.0,0.0,1.0,0.0,0.0,0.0
iql_traffic_aware,iql,traffic_aware,development,1.375,Full,10.0,0.8,1.0,0.8,1.0,8943.597822909662,6.76771932061,6.8464726520510695,False,False,0.0,0.0,0.0,1.0,0.0,0.0
iql_traffic_aware,iql,traffic_aware,development,1.375,Full,20.0,0.8,1.0,0.8,1.0,8943.597822909662,6.76771932061,6.8464726520510695,False,False,0.0,0.0,0.0,1.0,0.0,0.0
iql_traffic_aware,iql,traffic_aware,development,1.5,500,5.0,0.0,1.0,0.0,1.0,0.0,0.0,64.76193444213321,True,True,1.0,0.0,0.0,0.0,0.0,0.0
iql_traffic_aware,iql,traffic_aware,development,1.5,500,10.0,0.0,1.0,0.0,1.0,0.0,0.0,64.76193444213321,True,True,1.0,0.0,0.0,0.0,0.0,0.0
iql_traffic_aware,iql,traffic_aware,development,1.5,500,20.0,0.0,1.0,0.0,1.0,0.0,0.0,64.76193444213321,True,True,1.0,0.0,0.0,0.0,0.0,0.0
iql_traffic_aware,iql,traffic_aware,development,1.5,1000,5.0,0.3,1.0,0.3,1.0,10.023763518572196,3.392646164723267,44.97737103257959,True,True,0.0,1.0,0.0,0.0,0.0,0.0
iql_traffic_aware,iql,traffic_aware,development,1.5,1000,10.0,0.3,1.0,0.3,1.0,10.023763518572196,3.392646164723267,44.97737103257959,True,True,0.0,1.0,0.0,0.0,0.0,0.0
iql_traffic_aware,iql,traffic_aware,development,1.5,1000,20.0,0.3,1.0,0.3,1.0,10.023763518572196,3.392646164723267,44.97737103257959,True,True,0.0,1.0,0.0,0.0,0.0,0.0
iql_traffic_aware,iql,traffic_aware,development,1.5,2000,5.0,0.3,1.0,0.3,1.0,376.36453450196495,3.990692227608175,20.526415110368173,False,True,0.0,1.0,0.0,0.0,0.0,0.0
iql_traffic_aware,iql,traffic_aware,development,1.5,2000,10.0,0.3,1.0,0.3,1.0,376.36453450196495,3.990692227608175,20.526415110368173,False,True,0.0,1.0,0.0,0.0,0.0,0.0
iql_traffic_aware,iql,traffic_aware,development,1.5,2000,20.0,0.3,1.0,0.3,1.0,376.36453450196495,3.990692227608175,20.526415110368173,False,True,0.0,1.0,0.0,0.0,0.0,0.0
iql_traffic_aware,iql,traffic_aware,development,1.5,4000,5.0,0.3,1.0,0.3,1.0,1371.7905771580827,2.0829791457977502,4.950571225199479,False,False,0.0,1.0,0.0,0.0,0.0,0.0
iql_traffic_aware,iql,traffic_aware,development,1.5,4000,10.0,0.5,1.0,0.5,1.0,1680.4052264761467,6.356246836364479,9.223838915766207,False,False,0.0,0.0,1.0,0.0,0.0,0.0
iql_traffic_aware,iql,traffic_aware,development,1.5,4000,20.0,0.5,1.0,0.5,1.0,1680.4052264761467,6.356246836364479,9.223838915766207,False,False,0.0,0.0,1.0,0.0,0.0,0.0
iql_traffic_aware,iql,traffic_aware,development,1.5,8000,5.0,0.5,1.0,0.5,1.0,4106.537779971513,4.5070746552391725,4.701503745216857,False,False,0.0,0.0,1.0,0.0,0.0,0.0
iql_traffic_aware,iql,traffic_aware,development,1.5,8000,10.0,0.5,1.0,0.5,1.0,4106.537779971513,4.5070746552391725,4.701503745216857,False,False,0.0,0.0,1.0,0.0,0.0,0.0
iql_traffic_aware,iql,traffic_aware,development,1.5,8000,20.0,0.8,1.0,0.8,1.0,4402.695340706108,18.45728995450114,18.651719044478824,False,False,0.0,0.0,0.0,1.0,0.0,0.0
iql_traffic_aware,iql,traffic_aware,development,1.5,16000,5.0,0.5,1.0,0.5,1.0,5230.542164363185,3.6395573904118206,3.75066633211716,False,False,0.0,0.0,1.0,0.0,0.0,0.0
iql_traffic_aware,iql,traffic_aware,development,1.5,16000,10.0,0.5,1.0,0.5,1.0,5230.542164363185,3.6395573904118206,3.75066633211716,False,False,0.0,0.0,1.0,0.0,0.0,0.0
iql_traffic_aware,iql,traffic_aware,development,1.5,16000,20.0,0.8,1.0,0.8,1.0,8621.062544833469,10.80649518875122,10.91760413045656,False,False,0.0,0.0,0.0,1.0,0.0,0.0
iql_traffic_aware,iql,traffic_aware,development,1.5,Full,5.0,0.5,1.0,0.5,1.0,5158.308557333257,2.9565206709110647,3.0386725656365456,False,False,0.0,0.0,1.0,0.0,0.0,0.0
iql_traffic_aware,iql,traffic_aware,development,1.5,Full,10.0,0.8,1.0,0.8,1.0,9301.291180252774,6.679017686593932,6.761169581319413,False,False,0.0,0.0,0.0,1.0,0.0,0.0
iql_traffic_aware,iql,traffic_aware,development,1.5,Full,20.0,0.8,1.0,0.8,1.0,9301.291180252774,6.679017686593932,6.761169581319413,False,False,0.0,0.0,0.0,1.0,0.0,0.0
iql_pid,iql,pid,development,0.5,500,5.0,0.0,1.0,0.0,1.0,0.0,0.0,45.08143215207608,True,True,1.0,0.0,0.0,0.0,0.0,0.0
iql_pid,iql,pid,development,0.5,500,10.0,0.0,1.0,0.0,1.0,0.0,0.0,45.08143215207608,True,True,1.0,0.0,0.0,0.0,0.0,0.0
iql_pid,iql,pid,development,0.5,500,20.0,0.0,1.0,0.0,1.0,0.0,0.0,45.08143215207608,True,True,1.0,0.0,0.0,0.0,0.0,0.0
iql_pid,iql,pid,development,0.5,1000,5.0,0.0,1.0,0.0,1.0,0.0,0.0,23.36867710636655,True,True,1.0,0.0,0.0,0.0,0.0,0.0
iql_pid,iql,pid,development,0.5,1000,10.0,0.0,1.0,0.0,1.0,0.0,0.0,23.36867710636655,True,True,1.0,0.0,0.0,0.0,0.0,0.0
iql_pid,iql,pid,development,0.5,1000,20.0,0.0,1.0,0.0,1.0,0.0,0.0,23.36867710636655,True,True,1.0,0.0,0.0,0.0,0.0,0.0
iql_pid,iql,pid,development,0.5,2000,5.0,0.3,1.0,0.3,1.0,242.16753576467727,2.558503303668177,11.0979456972725,False,False,0.0,1.0,0.0,0.0,0.0,0.0
iql_pid,iql,pid,development,0.5,2000,10.0,0.3,1.0,0.3,1.0,242.16753576467727,2.558503303668177,11.0979456972725,False,False,0.0,1.0,0.0,0.0,0.0,0.0
iql_pid,iql,pid,development,0.5,2000,20.0,0.3,1.0,0.3,1.0,242.16753576467727,2.558503303668177,11.0979456972725,False,False,0.0,1.0,0.0,0.0,0.0,0.0
iql_pid,iql,pid,development,0.5,4000,5.0,0.5,1.0,0.5,1.0,521.2167548839507,2.4231095874990536,5.8359168294182036,False,False,0.0,0.0,1.0,0.0,0.0,0.0
iql_pid,iql,pid,development,0.5,4000,10.0,0.8,1.0,0.8,1.0,797.2957878404604,9.370632317105885,12.783439559025036,False,False,0.0,0.0,0.0,1.0,0.0,0.0
iql_pid,iql,pid,development,0.5,4000,20.0,0.8,1.0,0.8,1.0,797.2957878404604,9.370632317105885,12.783439559025036,False,False,0.0,0.0,0.0,1.0,0.0,0.0
iql_pid,iql,pid,development,0.5,8000,5.0,1.0,1.0,1.0,1.0,2092.2691629461597,3.409532749510096,6.619550860377374,False,False,0.0,0.0,0.0,0.0,1.0,0.0
iql_pid,iql,pid,development,0.5,8000,10.0,1.0,1.0,1.0,1.0,2092.2691629461597,3.409532749510096,6.619550860377374,False,False,0.0,0.0,0.0,0.0,1.0,0.0
iql_pid,iql,pid,development,0.5,8000,20.0,1.0,1.0,1.0,1.0,2092.2691629461597,3.409532749510096,6.619550860377374,False,False,0.0,0.0,0.0,0.0,1.0,0.0
iql_pid,iql,pid,development,0.5,16000,5.0,0.8,1.0,0.8,1.0,2140.7001940844266,3.825984361127753,6.682677665694022,False,False,0.0,0.0,0.0,1.0,0.0,0.0
iql_pid,iql,pid,development,0.5,16000,10.0,0.8,0.5335,0.8,0.5335,2140.7001940844266,3.825984361127753,6.682677665694022,False,False,0.0,0.0,0.0,0.5335,0.0,0.4665
iql_pid,iql,pid,development,0.5,16000,20.0,1.0,1.0,1.0,1.0,2282.384541843129,10.467121334206631,13.3238146387729,False,False,0.0,0.0,0.0,0.0,1.0,0.0
iql_pid,iql,pid,development,0.5,Full,5.0,0.8,1.0,0.8,1.0,2145.5605655835006,3.0052620308842206,5.645674462476551,False,False,0.0,0.0,0.0,1.0,0.0,0.0
iql_pid,iql,pid,development,0.5,Full,10.0,1.0,1.0,1.0,1.0,2572.769849179678,7.394119590323904,10.034532021916235,False,False,0.0,0.0,0.0,0.0,1.0,0.0
iql_pid,iql,pid,development,0.5,Full,20.0,1.0,1.0,1.0,1.0,2572.769849179678,7.394119590323904,10.034532021916235,False,False,0.0,0.0,0.0,0.0,1.0,0.0
iql_pid,iql,pid,development,0.625,500,5.0,0.0,1.0,0.0,1.0,0.0,0.0,52.28843473881758,True,True,1.0,0.0,0.0,0.0,0.0,0.0
iql_pid,iql,pid,development,0.625,500,10.0,0.0,1.0,0.0,1.0,0.0,0.0,52.28843473881758,True,True,1.0,0.0,0.0,0.0,0.0,0.0
iql_pid,iql,pid,development,0.625,500,20.0,0.0,1.0,0.0,1.0,0.0,0.0,52.28843473881758,True,True,1.0,0.0,0.0,0.0,0.0,0.0
iql_pid,iql,pid,development,0.625,1000,5.0,0.0,1.0,0.0,1.0,0.0,0.0,29.883886932877953,True,True,1.0,0.0,0.0,0.0,0.0,0.0
iql_pid,iql,pid,development,0.625,1000,10.0,0.0,1.0,0.0,1.0,0.0,0.0,29.883886932877953,True,True,1.0,0.0,0.0,0.0,0.0,0.0
iql_pid,iql,pid,development,0.625,1000,20.0,0.0,1.0,0.0,1.0,0.0,0.0,29.883886932877953,True,True,1.0,0.0,0.0,0.0,0.0,0.0
iql_pid,iql,pid,development,0.625,2000,5.0,0.3,1.0,0.3,1.0,17.603979243996037,4.4629132946376995,16.04228304341365,False,True,0.0,1.0,0.0,0.0,0.0,0.0
iql_pid,iql,pid,development,0.625,2000,10.0,0.3,1.0,0.3,1.0,17.603979243996037,4.4629132946376995,16.04228304341365,False,True,0.0,1.0,0.0,0.0,0.0,0.0
iql_pid,iql,pid,development,0.625,2000,20.0,0.3,1.0,0.3,1.0,17.603979243996037,4.4629132946376995,16.04228304341365,False,True,0.0,1.0,0.0,0.0,0.0,0.0
iql_pid,iql,pid,development,0.625,4000,5.0,0.5,1.0,0.5,1.0,571.4922245724501,3.7365558808653185,8.577357313119792,False,False,0.0,0.0,1.0,0.0,0.0,0.0
iql_pid,iql,pid,development,0.625,4000,10.0,0.5,1.0,0.5,1.0,571.4922245724501,3.7365558808653185,8.577357313119792,False,False,0.0,0.0,1.0,0.0,0.0,0.0
iql_pid,iql,pid,development,0.625,4000,20.0,0.5,1.0,0.5,1.0,571.4922245724501,3.7365558808653185,8.577357313119792,False,False,0.0,0.0,1.0,0.0,0.0,0.0
iql_pid,iql,pid,development,0.625,8000,5.0,0.8,0.609,0.8,0.609,2052.077800260675,4.965225249173626,8.349020548481574,False,False,0.0,0.0,0.391,0.609,0.0,0.0
iql_pid,iql,pid,development,0.625,8000,10.0,1.0,1.0,1.0,1.0,2147.862664231039,8.548920717117403,11.932716016425351,False,False,0.0,0.0,0.0,0.0,1.0,0.0
iql_pid,iql,pid,development,0.625,8000,20.0,1.0,1.0,1.0,1.0,2147.862664231039,8.548920717117403,11.932716016425351,False,False,0.0,0.0,0.0,0.0,1.0,0.0
iql_pid,iql,pid,development,0.625,16000,5.0,0.8,1.0,0.8,1.0,3015.615242056114,3.6715054470006385,6.715482455548955,False,False,0.0,0.0,0.0,1.0,0.0,0.0
iql_pid,iql,pid,development,0.625,16000,10.0,0.8,1.0,0.8,1.0,3015.615242056114,3.6715054470006385,6.715482455548955,False,False,0.0,0.0,0.0,1.0,0.0,0.0
iql_pid,iql,pid,development,0.625,16000,20.0,0.8,1.0,0.8,1.0,3015.615242056114,3.6715054470006385,6.715482455548955,False,False,0.0,0.0,0.0,1.0,0.0,0.0
iql_pid,iql,pid,development,0.625,Full,5.0,0.8,1.0,0.8,1.0,3096.461557180488,2.318811298720089,5.20726816384721,False,False,0.0,0.0,0.0,1.0,0.0,0.0
iql_pid,iql,pid,development,0.625,Full,10.0,1.0,0.976,1.0,0.976,3247.403565585555,9.649576584540434,12.538033449667555,False,False,0.0,0.0,0.0,0.024,0.976,0.0
iql_pid,iql,pid,development,0.625,Full,20.0,1.0,0.976,1.0,0.976,3247.403565585555,9.649576584540434,12.538033449667555,False,False,0.0,0.0,0.0,0.024,0.976,0.0
iql_pid,iql,pid,development,0.75,500,5.0,0.0,1.0,0.0,1.0,0.0,0.0,57.78758740375219,True,True,1.0,0.0,0.0,0.0,0.0,0.0
iql_pid,iql,pid,development,0.75,500,10.0,0.0,1.0,0.0,1.0,0.0,0.0,57.78758740375219,True,True,1.0,0.0,0.0,0.0,0.0,0.0
iql_pid,iql,pid,development,0.75,500,20.0,0.0,1.0,0.0,1.0,0.0,0.0,57.78758740375219,True,True,1.0,0.0,0.0,0.0,0.0,0.0
iql_pid,iql,pid,development,0.75,1000,5.0,0.0,1.0,0.0,1.0,0.0,0.0,35.65570228204128,True,True,1.0,0.0,0.0,0.0,0.0,0.0
iql_pid,iql,pid,development,0.75,1000,10.0,0.0,1.0,0.0,1.0,0.0,0.0,35.65570228204128,True,True,1.0,0.0,0.0,0.0,0.0,0.0
iql_pid,iql,pid,development,0.75,1000,20.0,0.0,1.0,0.0,1.0,0.0,0.0,35.65570228204128,True,True,1.0,0.0,0.0,0.0,0.0,0.0
iql_pid,iql,pid,development,0.75,2000,5.0,0.0,1.0,0.0,1.0,0.0,0.0,15.637012718423655,False,True,1.0,0.0,0.0,0.0,0.0,0.0
iql_pid,iql,pid,development,0.75,2000,10.0,0.0,1.0,0.0,1.0,0.0,0.0,15.637012718423655,False,True,1.0,0.0,0.0,0.0,0.0,0.0
iql_pid,iql,pid,development,0.75,2000,20.0,0.0,1.0,0.0,1.0,0.0,0.0,15.637012718423655,False,True,1.0,0.0,0.0,0.0,0.0,0.0
iql_pid,iql,pid,development,0.75,4000,5.0,0.5,1.0,0.5,1.0,615.3271497264777,4.393383974119998,10.92403407144392,False,False,0.0,0.0,1.0,0.0,0.0,0.0
iql_pid,iql,pid,development,0.75,4000,10.0,0.5,1.0,0.5,1.0,615.3271497264777,4.393383974119998,10.92403407144392,False,False,0.0,0.0,1.0,0.0,0.0,0.0
iql_pid,iql,pid,development,0.75,4000,20.0,0.5,1.0,0.5,1.0,615.3271497264777,4.393383974119998,10.92403407144392,False,False,0.0,0.0,1.0,0.0,0.0,0.0
iql_pid,iql,pid,development,0.75,8000,5.0,0.5,1.0,0.5,1.0,1036.830134233789,0.8081083735531043,4.317653507549367,False,False,0.0,0.0,1.0,0.0,0.0,0.0
iql_pid,iql,pid,development,0.75,8000,10.0,0.8,1.0,0.8,1.0,2014.7401948284241,8.138262001067751,11.647807135064014,False,False,0.0,0.0,0.0,1.0,0.0,0.0
iql_pid,iql,pid,development,0.75,8000,20.0,0.8,1.0,0.8,1.0,2014.7401948284241,8.138262001067751,11.647807135064014,False,False,0.0,0.0,0.0,1.0,0.0,0.0
iql_pid,iql,pid,development,0.75,16000,5.0,0.8,1.0,0.8,1.0,3411.2174244057533,4.192525668145938,8.333536870654898,False,False,0.0,0.0,0.0,1.0,0.0,0.0
iql_pid,iql,pid,development,0.75,16000,10.0,0.8,1.0,0.8,1.0,3411.2174244057533,4.192525668145938,8.333536870654898,False,False,0.0,0.0,0.0,1.0,0.0,0.0
iql_pid,iql,pid,development,0.75,16000,20.0,0.8,1.0,0.8,1.0,3411.2174244057533,4.192525668145938,8.333536870654898,False,False,0.0,0.0,0.0,1.0,0.0,0.0
iql_pid,iql,pid,development,0.75,Full,5.0,0.8,1.0,0.8,1.0,3492.3172057964766,2.8485755306188105,6.297090632111565,False,False,0.0,0.0,0.0,1.0,0.0,0.0
iql_pid,iql,pid,development,0.75,Full,10.0,0.8,1.0,0.8,1.0,3492.3172057964766,2.8485755306188105,6.297090632111565,False,False,0.0,0.0,0.0,1.0,0.0,0.0
iql_pid,iql,pid,development,0.75,Full,20.0,0.8,1.0,0.8,1.0,3492.3172057964766,2.8485755306188105,6.297090632111565,False,False,0.0,0.0,0.0,1.0,0.0,0.0
iql_pid,iql,pid,development,0.875,500,5.0,0.0,1.0,0.0,1.0,0.0,0.0,62.070838725139815,True,True,1.0,0.0,0.0,0.0,0.0,0.0
iql_pid,iql,pid,development,0.875,500,10.0,0.0,1.0,0.0,1.0,0.0,0.0,62.070838725139815,True,True,1.0,0.0,0.0,0.0,0.0,0.0
iql_pid,iql,pid,development,0.875,500,20.0,0.0,1.0,0.0,1.0,0.0,0.0,62.070838725139815,True,True,1.0,0.0,0.0,0.0,0.0,0.0
iql_pid,iql,pid,development,0.875,1000,5.0,0.0,1.0,0.0,1.0,0.0,0.0,40.64490418852911,True,True,1.0,0.0,0.0,0.0,0.0,0.0
iql_pid,iql,pid,development,0.875,1000,10.0,0.0,1.0,0.0,1.0,0.0,0.0,40.64490418852911,True,True,1.0,0.0,0.0,0.0,0.0,0.0
iql_pid,iql,pid,development,0.875,1000,20.0,0.0,1.0,0.0,1.0,0.0,0.0,40.64490418852911,True,True,1.0,0.0,0.0,0.0,0.0,0.0
iql_pid,iql,pid,development,0.875,2000,5.0,0.0,1.0,0.0,1.0,0.0,0.0,19.769242867302562,False,True,1.0,0.0,0.0,0.0,0.0,0.0
iql_pid,iql,pid,development,0.875,2000,10.0,0.0,1.0,0.0,1.0,0.0,0.0,19.769242867302562,False,True,1.0,0.0,0.0,0.0,0.0,0.0
iql_pid,iql,pid,development,0.875,2000,20.0,0.0,1.0,0.0,1.0,0.0,0.0,19.769242867302562,False,True,1.0,0.0,0.0,0.0,0.0,0.0
iql_pid,iql,pid,development,0.875,4000,5.0,0.3,1.0,0.3,1.0,476.6026658072806,2.2262332131634874,9.455732797129093,False,False,0.0,1.0,0.0,0.0,0.0,0.0
iql_pid,iql,pid,development,0.875,4000,10.0,0.5,1.0,0.5,1.0,554.1679763588781,5.838784030398891,13.068283614364496,False,False,0.0,0.0,1.0,0.0,0.0,0.0
iql_pid,iql,pid,development,0.875,4000,20.0,0.5,1.0,0.5,1.0,554.1679763588781,5.838784030398891,13.068283614364496,False,False,0.0,0.0,1.0,0.0,0.0,0.0
iql_pid,iql,pid,development,0.875,8000,5.0,0.5,1.0,0.5,1.0,1000.1726018919653,1.8870756348644804,5.564487438054098,False,False,0.0,0.0,1.0,0.0,0.0,0.0
iql_pid,iql,pid,development,0.875,8000,10.0,0.5,1.0,0.5,1.0,1000.1726018919653,1.8870756348644804,5.564487438054098,False,False,0.0,0.0,1.0,0.0,0.0,0.0
iql_pid,iql,pid,development,0.875,8000,20.0,0.8,1.0,0.8,1.0,1883.0151993894488,10.69842988744787,14.375841690637488,False,False,0.0,0.0,0.0,1.0,0.0,0.0
iql_pid,iql,pid,development,0.875,16000,5.0,0.5,0.984,0.5,0.984,1195.283050299433,0.11115425907957466,4.809243429754839,False,False,0.0,0.0,0.984,0.016,0.0,0.0
iql_pid,iql,pid,development,0.875,16000,10.0,0.8,1.0,0.8,1.0,3785.93578802716,5.348107342711997,10.046196513387262,False,False,0.0,0.0,0.0,1.0,0.0,0.0
iql_pid,iql,pid,development,0.875,16000,20.0,0.8,1.0,0.8,1.0,3785.93578802716,5.348107342711997,10.046196513387262,False,False,0.0,0.0,0.0,1.0,0.0,0.0
iql_pid,iql,pid,development,0.875,Full,5.0,0.8,1.0,0.8,1.0,4060.350308583016,3.361285122545774,7.157309931573241,False,False,0.0,0.0,0.0,1.0,0.0,0.0
iql_pid,iql,pid,development,0.875,Full,10.0,0.8,1.0,0.8,1.0,4060.350308583016,3.361285122545774,7.157309931573241,False,False,0.0,0.0,0.0,1.0,0.0,0.0
iql_pid,iql,pid,development,0.875,Full,20.0,0.8,1.0,0.8,1.0,4060.350308583016,3.361285122545774,7.157309931573241,False,False,0.0,0.0,0.0,1.0,0.0,0.0
iql_pid,iql,pid,development,1.0,500,5.0,0.0,1.0,0.0,1.0,0.0,0.0,65.52893671226012,True,True,1.0,0.0,0.0,0.0,0.0,0.0
iql_pid,iql,pid,development,1.0,500,10.0,0.0,1.0,0.0,1.0,0.0,0.0,65.52893671226012,True,True,1.0,0.0,0.0,0.0,0.0,0.0
iql_pid,iql,pid,development,1.0,500,20.0,0.0,1.0,0.0,1.0,0.0,0.0,65.52893671226012,True,True,1.0,0.0,0.0,0.0,0.0,0.0
iql_pid,iql,pid,development,1.0,1000,5.0,0.0,1.0,0.0,1.0,0.0,0.0,45.061037435040326,True,True,1.0,0.0,0.0,0.0,0.0,0.0
iql_pid,iql,pid,development,1.0,1000,10.0,0.0,1.0,0.0,1.0,0.0,0.0,45.061037435040326,True,True,1.0,0.0,0.0,0.0,0.0,0.0
iql_pid,iql,pid,development,1.0,1000,20.0,0.0,1.0,0.0,1.0,0.0,0.0,45.061037435040326,True,True,1.0,0.0,0.0,0.0,0.0,0.0
iql_pid,iql,pid,development,1.0,2000,5.0,0.0,1.0,0.0,1.0,0.0,0.0,23.32305494980881,True,True,1.0,0.0,0.0,0.0,0.0,0.0
iql_pid,iql,pid,development,1.0,2000,10.0,0.0,1.0,0.0,1.0,0.0,0.0,23.32305494980881,True,True,1.0,0.0,0.0,0.0,0.0,0.0
iql_pid,iql,pid,development,1.0,2000,20.0,0.0,1.0,0.0,1.0,0.0,0.0,23.32305494980881,True,True,1.0,0.0,0.0,0.0,0.0,0.0
iql_pid,iql,pid,development,1.0,4000,5.0,0.3,1.0,0.3,1.0,486.3239085655641,2.9929849781265556,11.420085957258166,False,False,0.0,1.0,0.0,0.0,0.0,0.0
iql_pid,iql,pid,development,1.0,4000,10.0,0.3,1.0,0.3,1.0,486.3239085655641,2.9929849781265556,11.420085957258166,False,False,0.0,1.0,0.0,0.0,0.0,0.0
iql_pid,iql,pid,development,1.0,4000,20.0,0.3,1.0,0.3,1.0,486.3239085655641,2.9929849781265556,11.420085957258166,False,False,0.0,1.0,0.0,0.0,0.0,0.0
iql_pid,iql,pid,development,1.0,8000,5.0,0.5,1.0,0.5,1.0,1140.3295586181212,2.1045435417831957,6.3392366847493635,False,False,0.0,0.0,1.0,0.0,0.0,0.0
iql_pid,iql,pid,development,1.0,8000,10.0,0.5,1.0,0.5,1.0,1140.3295586181212,2.1045435417831957,6.3392366847493635,False,False,0.0,0.0,1.0,0.0,0.0,0.0
iql_pid,iql,pid,development,1.0,8000,20.0,0.8,1.0,0.8,1.0,1760.2121169509555,12.424445317007706,16.659138459973875,False,False,0.0,0.0,0.0,1.0,0.0,0.0
iql_pid,iql,pid,development,1.0,16000,5.0,0.5,1.0,0.5,1.0,1535.5241027202537,0.9461654918851963,4.937784477909805,False,False,0.0,0.0,1.0,0.0,0.0,0.0
iql_pid,iql,pid,development,1.0,16000,10.0,0.8,1.0,0.8,1.0,4059.5553559550553,7.612976126130755,11.604595112155364,False,False,0.0,0.0,0.0,1.0,0.0,0.0
iql_pid,iql,pid,development,1.0,16000,20.0,0.8,1.0,0.8,1.0,4059.5553559550553,7.612976126130755,11.604595112155364,False,False,0.0,0.0,0.0,1.0,0.0,0.0
iql_pid,iql,pid,development,1.0,Full,5.0,0.8,1.0,0.8,1.0,4705.047804332065,3.0829389254595156,7.145103511269234,False,False,0.0,0.0,0.0,1.0,0.0,0.0
iql_pid,iql,pid,development,1.0,Full,10.0,0.8,1.0,0.8,1.0,4705.047804332065,3.0829389254595156,7.145103511269234,False,False,0.0,0.0,0.0,1.0,0.0,0.0
iql_pid,iql,pid,development,1.0,Full,20.0,0.8,1.0,0.8,1.0,4705.047804332065,3.0829389254595156,7.145103511269234,False,False,0.0,0.0,0.0,1.0,0.0,0.0
iql_pid,iql,pid,development,1.125,500,5.0,0.0,1.0,0.0,1.0,0.0,0.0,68.40863659783825,True,True,1.0,0.0,0.0,0.0,0.0,0.0
iql_pid,iql,pid,development,1.125,500,10.0,0.0,1.0,0.0,1.0,0.0,0.0,68.40863659783825,True,True,1.0,0.0,0.0,0.0,0.0,0.0
iql_pid,iql,pid,development,1.125,500,20.0,0.0,1.0,0.0,1.0,0.0,0.0,68.40863659783825,True,True,1.0,0.0,0.0,0.0,0.0,0.0
iql_pid,iql,pid,development,1.125,1000,5.0,0.0,1.0,0.0,1.0,0.0,0.0,48.929720895282266,True,True,1.0,0.0,0.0,0.0,0.0,0.0
iql_pid,iql,pid,development,1.125,1000,10.0,0.0,1.0,0.0,1.0,0.0,0.0,48.929720895282266,True,True,1.0,0.0,0.0,0.0,0.0,0.0
iql_pid,iql,pid,development,1.125,1000,20.0,0.0,1.0,0.0,1.0,0.0,0.0,48.929720895282266,True,True,1.0,0.0,0.0,0.0,0.0,0.0
iql_pid,iql,pid,development,1.125,2000,5.0,0.0,1.0,0.0,1.0,0.0,0.0,26.759713678371142,True,True,1.0,0.0,0.0,0.0,0.0,0.0
iql_pid,iql,pid,development,1.125,2000,10.0,0.0,1.0,0.0,1.0,0.0,0.0,26.759713678371142,True,True,1.0,0.0,0.0,0.0,0.0,0.0
iql_pid,iql,pid,development,1.125,2000,20.0,0.0,1.0,0.0,1.0,0.0,0.0,26.759713678371142,True,True,1.0,0.0,0.0,0.0,0.0,0.0
iql_pid,iql,pid,development,1.125,4000,5.0,0.3,1.0,0.3,1.0,321.6742358184292,3.568909403574626,13.663821841089012,False,True,0.0,1.0,0.0,0.0,0.0,0.0
iql_pid,iql,pid,development,1.125,4000,10.0,0.3,1.0,0.3,1.0,321.6742358184292,3.568909403574626,13.663821841089012,False,True,0.0,1.0,0.0,0.0,0.0,0.0
iql_pid,iql,pid,development,1.125,4000,20.0,0.3,1.0,0.3,1.0,321.6742358184292,3.568909403574626,13.663821841089012,False,True,0.0,1.0,0.0,0.0,0.0,0.0
iql_pid,iql,pid,development,1.125,8000,5.0,0.5,1.0,0.5,1.0,1314.9721265019252,2.907040170254879,7.742599879465558,False,False,0.0,0.0,1.0,0.0,0.0,0.0
iql_pid,iql,pid,development,1.125,8000,10.0,0.5,1.0,0.5,1.0,1314.9721265019252,2.907040170254879,7.742599879465558,False,False,0.0,0.0,1.0,0.0,0.0,0.0
iql_pid,iql,pid,development,1.125,8000,20.0,0.8,1.0,0.8,1.0,1674.0554720049658,13.936267983842585,18.771827693053265,False,False,0.0,0.0,0.0,1.0,0.0,0.0
iql_pid,iql,pid,development,1.125,16000,5.0,0.5,1.0,0.5,1.0,1886.528980466337,0.803356173329755,5.123771848196649,False,False,0.0,0.0,1.0,0.0,0.0,0.0
iql_pid,iql,pid,development,1.125,16000,10.0,0.8,1.0,0.8,1.0,4309.4715921602365,8.318328047887455,12.63874372275435,False,False,0.0,0.0,0.0,1.0,0.0,0.0
iql_pid,iql,pid,development,1.125,16000,20.0,0.8,1.0,0.8,1.0,4309.4715921602365,8.318328047887455,12.63874372275435,False,False,0.0,0.0,0.0,1.0,0.0,0.0
iql_pid,iql,pid,development,1.125,Full,5.0,0.8,1.0,0.8,1.0,5447.71884106035,2.634888269236601,7.483368375069708,False,False,0.0,0.0,0.0,1.0,0.0,0.0
iql_pid,iql,pid,development,1.125,Full,10.0,0.8,1.0,0.8,1.0,5447.71884106035,2.634888269236601,7.483368375069708,False,False,0.0,0.0,0.0,1.0,0.0,0.0
iql_pid,iql,pid,development,1.125,Full,20.0,0.8,1.0,0.8,1.0,5447.71884106035,2.634888269236601,7.483368375069708,False,False,0.0,0.0,0.0,1.0,0.0,0.0
iql_pid,iql,pid,development,1.25,500,5.0,0.0,1.0,0.0,1.0,0.0,0.0,70.93263480559754,True,True,1.0,0.0,0.0,0.0,0.0,0.0
iql_pid,iql,pid,development,1.25,500,10.0,0.0,1.0,0.0,1.0,0.0,0.0,70.93263480559754,True,True,1.0,0.0,0.0,0.0,0.0,0.0
iql_pid,iql,pid,development,1.25,500,20.0,0.0,1.0,0.0,1.0,0.0,0.0,70.93263480559754,True,True,1.0,0.0,0.0,0.0,0.0,0.0
iql_pid,iql,pid,development,1.25,1000,5.0,0.0,1.0,0.0,1.0,0.0,0.0,52.27499406988176,True,True,1.0,0.0,0.0,0.0,0.0,0.0
iql_pid,iql,pid,development,1.25,1000,10.0,0.0,1.0,0.0,1.0,0.0,0.0,52.27499406988176,True,True,1.0,0.0,0.0,0.0,0.0,0.0
iql_pid,iql,pid,development,1.25,1000,20.0,0.0,1.0,0.0,1.0,0.0,0.0,52.27499406988176,True,True,1.0,0.0,0.0,0.0,0.0,0.0
iql_pid,iql,pid,development,1.25,2000,5.0,0.0,1.0,0.0,1.0,0.0,0.0,29.92034111131979,True,True,1.0,0.0,0.0,0.0,0.0,0.0
iql_pid,iql,pid,development,1.25,2000,10.0,0.0,1.0,0.0,1.0,0.0,0.0,29.92034111131979,True,True,1.0,0.0,0.0,0.0,0.0,0.0
iql_pid,iql,pid,development,1.25,2000,20.0,0.0,1.0,0.0,1.0,0.0,0.0,29.92034111131979,True,True,1.0,0.0,0.0,0.0,0.0,0.0
iql_pid,iql,pid,development,1.25,4000,5.0,0.3,1.0,0.3,1.0,123.03052878682502,4.469073162227897,16.253127760152093,False,True,0.0,1.0,0.0,0.0,0.0,0.0
iql_pid,iql,pid,development,1.25,4000,10.0,0.3,1.0,0.3,1.0,123.03052878682502,4.469073162227897,16.253127760152093,False,True,0.0,1.0,0.0,0.0,0.0,0.0
iql_pid,iql,pid,development,1.25,4000,20.0,0.3,1.0,0.3,1.0,123.03052878682502,4.469073162227897,16.253127760152093,False,True,0.0,1.0,0.0,0.0,0.0,0.0
iql_pid,iql,pid,development,1.25,8000,5.0,0.5,1.0,0.5,1.0,1460.4238363004333,3.4005509536052694,8.834470387495344,False,False,0.0,0.0,1.0,0.0,0.0,0.0
iql_pid,iql,pid,development,1.25,8000,10.0,0.5,1.0,0.5,1.0,1460.4238363004333,3.4005509536052694,8.834470387495344,False,False,0.0,0.0,1.0,0.0,0.0,0.0
iql_pid,iql,pid,development,1.25,8000,20.0,0.5,1.0,0.5,1.0,1460.4238363004333,3.4005509536052694,8.834470387495344,False,False,0.0,0.0,1.0,0.0,0.0,0.0
iql_pid,iql,pid,development,1.25,16000,5.0,0.5,1.0,0.5,1.0,2201.8856777193996,0.7962154477931964,5.15148058208597,False,False,0.0,0.0,1.0,0.0,0.0,0.0
iql_pid,iql,pid,development,1.25,16000,10.0,0.8,0.9995,0.8,0.9995,4294.714861338502,9.657030251786892,14.012295386079666,False,False,0.0,0.0,0.0005,0.9995,0.0,0.0
iql_pid,iql,pid,development,1.25,16000,20.0,0.8,1.0,0.8,1.0,4294.714861338502,9.657030251786892,14.012295386079666,False,False,0.0,0.0,0.0,1.0,0.0,0.0
iql_pid,iql,pid,development,1.25,Full,5.0,0.8,1.0,0.8,1.0,5773.973028077387,4.03154342927082,8.082640224026356,False,False,0.0,0.0,0.0,1.0,0.0,0.0
iql_pid,iql,pid,development,1.25,Full,10.0,0.8,1.0,0.8,1.0,5773.973028077387,4.03154342927082,8.082640224026356,False,False,0.0,0.0,0.0,1.0,0.0,0.0
iql_pid,iql,pid,development,1.25,Full,20.0,0.8,1.0,0.8,1.0,5773.973028077387,4.03154342927082,8.082640224026356,False,False,0.0,0.0,0.0,1.0,0.0,0.0
iql_pid,iql,pid,development,1.375,500,5.0,0.0,1.0,0.0,1.0,0.0,0.0,73.10106894401153,True,True,1.0,0.0,0.0,0.0,0.0,0.0
iql_pid,iql,pid,development,1.375,500,10.0,0.0,1.0,0.0,1.0,0.0,0.0,73.10106894401153,True,True,1.0,0.0,0.0,0.0,0.0,0.0
iql_pid,iql,pid,development,1.375,500,20.0,0.0,1.0,0.0,1.0,0.0,0.0,73.10106894401153,True,True,1.0,0.0,0.0,0.0,0.0,0.0
iql_pid,iql,pid,development,1.375,1000,5.0,0.0,1.0,0.0,1.0,0.0,0.0,55.20213374796925,True,True,1.0,0.0,0.0,0.0,0.0,0.0
iql_pid,iql,pid,development,1.375,1000,10.0,0.0,1.0,0.0,1.0,0.0,0.0,55.20213374796925,True,True,1.0,0.0,0.0,0.0,0.0,0.0
iql_pid,iql,pid,development,1.375,1000,20.0,0.0,1.0,0.0,1.0,0.0,0.0,55.20213374796925,True,True,1.0,0.0,0.0,0.0,0.0,0.0
iql_pid,iql,pid,development,1.375,2000,5.0,0.0,1.0,0.0,1.0,0.0,0.0,32.88262610489711,True,True,1.0,0.0,0.0,0.0,0.0,0.0
iql_pid,iql,pid,development,1.375,2000,10.0,0.0,1.0,0.0,1.0,0.0,0.0,32.88262610489711,True,True,1.0,0.0,0.0,0.0,0.0,0.0
iql_pid,iql,pid,development,1.375,2000,20.0,0.0,1.0,0.0,1.0,0.0,0.0,32.88262610489711,True,True,1.0,0.0,0.0,0.0,0.0,0.0
iql_pid,iql,pid,development,1.375,4000,5.0,0.0,1.0,0.0,1.0,0.0,0.0,13.701822706718927,False,True,1.0,0.0,0.0,0.0,0.0,0.0
iql_pid,iql,pid,development,1.375,4000,10.0,0.0,1.0,0.0,1.0,0.0,0.0,13.701822706718927,False,True,1.0,0.0,0.0,0.0,0.0,0.0
iql_pid,iql,pid,development,1.375,4000,20.0,0.0,1.0,0.0,1.0,0.0,0.0,13.701822706718927,False,True,1.0,0.0,0.0,0.0,0.0,0.0
iql_pid,iql,pid,development,1.375,8000,5.0,0.5,1.0,0.5,1.0,1562.1308143522037,4.042694984832672,9.957293477688994,False,False,0.0,0.0,1.0,0.0,0.0,0.0
iql_pid,iql,pid,development,1.375,8000,10.0,0.5,1.0,0.5,1.0,1562.1308143522037,4.042694984832672,9.957293477688994,False,False,0.0,0.0,1.0,0.0,0.0,0.0
iql_pid,iql,pid,development,1.375,8000,20.0,0.5,1.0,0.5,1.0,1562.1308143522037,4.042694984832672,9.957293477688994,False,False,0.0,0.0,1.0,0.0,0.0,0.0
iql_pid,iql,pid,development,1.375,16000,5.0,0.5,1.0,0.5,1.0,2493.7092104167205,1.149285521561727,5.604224398442613,False,False,0.0,0.0,1.0,0.0,0.0,0.0
iql_pid,iql,pid,development,1.375,16000,10.0,0.5,1.0,0.5,1.0,2493.7092104167205,1.149285521561727,5.604224398442613,False,False,0.0,0.0,1.0,0.0,0.0,0.0
iql_pid,iql,pid,development,1.375,16000,20.0,0.8,1.0,0.8,1.0,4358.004558894805,10.712520760428745,15.167459637309632,False,False,0.0,0.0,0.0,1.0,0.0,0.0
iql_pid,iql,pid,development,1.375,Full,5.0,0.8,0.8065,0.8,0.8065,6050.025557232559,4.878903442497137,9.259838479912396,False,False,0.0,0.0,0.1935,0.8065,0.0,0.0
iql_pid,iql,pid,development,1.375,Full,10.0,0.8,1.0,0.8,1.0,6050.025557232559,4.878903442497137,9.259838479912396,False,False,0.0,0.0,0.0,1.0,0.0,0.0
iql_pid,iql,pid,development,1.375,Full,20.0,0.8,1.0,0.8,1.0,6050.025557232559,4.878903442497137,9.259838479912396,False,False,0.0,0.0,0.0,1.0,0.0,0.0
iql_pid,iql,pid,development,1.5,500,5.0,0.0,1.0,0.0,1.0,0.0,0.0,74.97890192594166,True,True,1.0,0.0,0.0,0.0,0.0,0.0
iql_pid,iql,pid,development,1.5,500,10.0,0.0,1.0,0.0,1.0,0.0,0.0,74.97890192594166,True,True,1.0,0.0,0.0,0.0,0.0,0.0
iql_pid,iql,pid,development,1.5,500,20.0,0.0,1.0,0.0,1.0,0.0,0.0,74.97890192594166,True,True,1.0,0.0,0.0,0.0,0.0,0.0
iql_pid,iql,pid,development,1.5,1000,5.0,0.0,1.0,0.0,1.0,0.0,0.0,57.771153328541374,True,True,1.0,0.0,0.0,0.0,0.0,0.0
iql_pid,iql,pid,development,1.5,1000,10.0,0.0,1.0,0.0,1.0,0.0,0.0,57.771153328541374,True,True,1.0,0.0,0.0,0.0,0.0,0.0
iql_pid,iql,pid,development,1.5,1000,20.0,0.0,1.0,0.0,1.0,0.0,0.0,57.771153328541374,True,True,1.0,0.0,0.0,0.0,0.0,0.0
iql_pid,iql,pid,development,1.5,2000,5.0,0.0,1.0,0.0,1.0,0.0,0.0,35.696768321513595,True,True,1.0,0.0,0.0,0.0,0.0,0.0
iql_pid,iql,pid,development,1.5,2000,10.0,0.0,1.0,0.0,1.0,0.0,0.0,35.696768321513595,True,True,1.0,0.0,0.0,0.0,0.0,0.0
iql_pid,iql,pid,development,1.5,2000,20.0,0.0,1.0,0.0,1.0,0.0,0.0,35.696768321513595,True,True,1.0,0.0,0.0,0.0,0.0,0.0
iql_pid,iql,pid,development,1.5,4000,5.0,0.0,1.0,0.0,1.0,0.0,0.0,15.661854531563852,False,True,1.0,0.0,0.0,0.0,0.0,0.0
iql_pid,iql,pid,development,1.5,4000,10.0,0.0,1.0,0.0,1.0,0.0,0.0,15.661854531563852,False,True,1.0,0.0,0.0,0.0,0.0,0.0
iql_pid,iql,pid,development,1.5,4000,20.0,0.0,1.0,0.0,1.0,0.0,0.0,15.661854531563852,False,True,1.0,0.0,0.0,0.0,0.0,0.0
iql_pid,iql,pid,development,1.5,8000,5.0,0.5,1.0,0.5,1.0,1493.459995943609,4.736031948475509,11.234589703314496,False,False,0.0,0.0,1.0,0.0,0.0,0.0
iql_pid,iql,pid,development,1.5,8000,10.0,0.5,1.0,0.5,1.0,1493.459995943609,4.736031948475509,11.234589703314496,False,False,0.0,0.0,1.0,0.0,0.0,0.0
iql_pid,iql,pid,development,1.5,8000,20.0,0.5,1.0,0.5,1.0,1493.459995943609,4.736031948475509,11.234589703314496,False,False,0.0,0.0,1.0,0.0,0.0,0.0
iql_pid,iql,pid,development,1.5,16000,5.0,0.5,1.0,0.5,1.0,2492.291896716044,1.9469254433951306,6.2659141665688765,False,False,0.0,0.0,1.0,0.0,0.0,0.0
iql_pid,iql,pid,development,1.5,16000,10.0,0.5,1.0,0.5,1.0,2492.291896716044,1.9469254433951306,6.2659141665688765,False,False,0.0,0.0,1.0,0.0,0.0,0.0
iql_pid,iql,pid,development,1.5,16000,20.0,0.8,1.0,0.8,1.0,4323.540354986126,11.621959152068213,15.940947875241958,False,False,0.0,0.0,0.0,1.0,0.0,0.0
iql_pid,iql,pid,development,1.5,Full,5.0,0.5,1.0,0.5,1.0,2836.493027505345,0.5490744105734313,5.079117133542453,False,False,0.0,0.0,1.0,0.0,0.0,0.0
iql_pid,iql,pid,development,1.5,Full,10.0,0.8,1.0,0.8,1.0,6057.440693889439,5.749619398895108,10.27966212186413,False,False,0.0,0.0,0.0,1.0,0.0,0.0
iql_pid,iql,pid,development,1.5,Full,20.0,0.8,1.0,0.8,1.0,6057.440693889439,5.749619398895108,10.27966212186413,False,False,0.0,0.0,0.0,1.0,0.0,0.0
iql_dual,iql,dual,development,0.5,500,5.0,0.0,1.0,0.0,1.0,0.0,0.0,36.153279443147454,True,True,1.0,0.0,0.0,0.0,0.0,0.0
iql_dual,iql,dual,development,0.5,500,10.0,0.0,1.0,0.0,1.0,0.0,0.0,36.153279443147454,True,True,1.0,0.0,0.0,0.0,0.0,0.0
iql_dual,iql,dual,development,0.5,500,20.0,0.0,1.0,0.0,1.0,0.0,0.0,36.153279443147454,True,True,1.0,0.0,0.0,0.0,0.0,0.0
iql_dual,iql,dual,development,0.5,1000,5.0,0.3,0.9825,0.3,0.9825,18.26037747355531,2.678763071405889,18.7601904470319,False,True,0.0175,0.9825,0.0,0.0,0.0,0.0
iql_dual,iql,dual,development,0.5,1000,10.0,0.5,0.9075,0.5,0.9075,24.21921923404807,6.10936621233682,22.19079358796283,False,True,0.0,0.0925,0.9075,0.0,0.0,0.0
iql_dual,iql,dual,development,0.5,1000,20.0,0.5,0.9075,0.5,0.9075,24.21921923404807,6.10936621233682,22.19079358796283,False,True,0.0,0.0925,0.9075,0.0,0.0,0.0
iql_dual,iql,dual,development,0.5,2000,5.0,0.5,1.0,0.5,1.0,285.0800342976354,3.109754124581978,8.750357041141733,False,False,0.0,0.0,1.0,0.0,0.0,0.0
iql_dual,iql,dual,development,0.5,2000,10.0,0.5,1.0,0.5,1.0,285.0800342976354,3.109754124581978,8.750357041141733,False,False,0.0,0.0,1.0,0.0,0.0,0.0
iql_dual,iql,dual,development,0.5,2000,20.0,0.8,1.0,0.8,1.0,370.9502736460363,15.208863034725276,20.84946595128503,False,False,0.0,0.0,0.0,1.0,0.0,0.0
iql_dual,iql,dual,development,0.5,4000,5.0,0.8,1.0,0.8,1.0,1552.2301365443327,4.809561865719046,7.523386430642559,False,False,0.0,0.0,0.0,1.0,0.0,0.0
iql_dual,iql,dual,development,0.5,4000,10.0,0.8,1.0,0.8,1.0,1552.2301365443327,4.809561865719046,7.523386430642559,False,False,0.0,0.0,0.0,1.0,0.0,0.0
iql_dual,iql,dual,development,0.5,4000,20.0,0.8,1.0,0.8,1.0,1552.2301365443327,4.809561865719046,7.523386430642559,False,False,0.0,0.0,0.0,1.0,0.0,0.0
iql_dual,iql,dual,development,0.5,8000,5.0,0.8,1.0,0.8,1.0,1763.8871394630842,0.8908856403508204,1.6206638164165827,False,False,0.0,0.0,0.0,1.0,0.0,0.0
iql_dual,iql,dual,development,0.5,8000,10.0,1.0,1.0,1.0,1.0,2703.2083626085414,9.170468504452,9.900246680517762,False,False,0.0,0.0,0.0,0.0,1.0,0.0
iql_dual,iql,dual,development,0.5,8000,20.0,1.0,1.0,1.0,1.0,2703.2083626085414,9.170468504452,9.900246680517762,False,False,0.0,0.0,0.0,0.0,1.0,0.0
iql_dual,iql,dual,development,0.5,16000,5.0,0.8,1.0,0.8,1.0,1236.003690074711,2.3003494443217436,2.5583269588785837,False,False,0.0,0.0,0.0,1.0,0.0,0.0
iql_dual,iql,dual,development,0.5,16000,10.0,0.8,1.0,0.8,1.0,1236.003690074711,2.3003494443217436,2.5583269588785837,False,False,0.0,0.0,0.0,1.0,0.0,0.0
iql_dual,iql,dual,development,0.5,16000,20.0,1.0,0.9995,1.0,0.9995,2654.890023460226,19.64301505627757,19.90099257083441,False,False,0.0,0.0,0.0,0.0,0.9995,0.0005
iql_dual,iql,dual,development,0.5,Full,5.0,0.8,1.0,0.8,1.0,1246.0962440531557,1.08553180263304,1.0903290722070815,False,False,0.0,0.0,0.0,1.0,0.0,0.0
iql_dual,iql,dual,development,0.5,Full,10.0,0.8,1.0,0.8,1.0,1246.0962440531557,1.08553180263304,1.0903290722070815,False,False,0.0,0.0,0.0,1.0,0.0,0.0
iql_dual,iql,dual,development,0.5,Full,20.0,1.0,1.0,1.0,1.0,2924.9651744667462,17.22179044738654,17.22658771696058,False,False,0.0,0.0,0.0,0.0,1.0,0.0
iql_dual,iql,dual,development,0.625,500,5.0,0.0,1.0,0.0,1.0,0.0,0.0,43.84176162354905,True,True,1.0,0.0,0.0,0.0,0.0,0.0
iql_dual,iql,dual,development,0.625,500,10.0,0.0,1.0,0.0,1.0,0.0,0.0,43.84176162354905,True,True,1.0,0.0,0.0,0.0,0.0,0.0
iql_dual,iql,dual,development,0.625,500,20.0,0.0,1.0,0.0,1.0,0.0,0.0,43.84176162354905,True,True,1.0,0.0,0.0,0.0,0.0,0.0
iql_dual,iql,dual,development,0.625,1000,5.0,0.0,1.0,0.0,1.0,0.0,0.0,21.507108182949253,True,True,1.0,0.0,0.0,0.0,0.0,0.0
iql_dual,iql,dual,development,0.625,1000,10.0,0.0,1.0,0.0,1.0,0.0,0.0,21.507108182949253,True,True,1.0,0.0,0.0,0.0,0.0,0.0
iql_dual,iql,dual,development,0.625,1000,20.0,0.0,1.0,0.0,1.0,0.0,0.0,21.507108182949253,True,True,1.0,0.0,0.0,0.0,0.0,0.0
iql_dual,iql,dual,development,0.625,2000,5.0,0.5,1.0,0.5,1.0,150.57471070507017,4.669645220019034,12.219966980031971,False,False,0.0,0.0,1.0,0.0,0.0,0.0
iql_dual,iql,dual,development,0.625,2000,10.0,0.5,1.0,0.5,1.0,150.57471070507017,4.669645220019034,12.219966980031971,False,False,0.0,0.0,1.0,0.0,0.0,0.0
iql_dual,iql,dual,development,0.625,2000,20.0,0.5,1.0,0.5,1.0,150.57471070507017,4.669645220019034,12.219966980031971,False,False,0.0,0.0,1.0,0.0,0.0,0.0
iql_dual,iql,dual,development,0.625,4000,5.0,0.5,1.0,0.5,1.0,721.2037740869982,1.8483987871524281,4.799243528831454,False,False,0.0,0.0,1.0,0.0,0.0,0.0
iql_dual,iql,dual,development,0.625,4000,10.0,0.8,1.0,0.8,1.0,1536.1380128114115,7.894789764501079,10.845634506180104,False,False,0.0,0.0,0.0,1.0,0.0,0.0
iql_dual,iql,dual,development,0.625,4000,20.0,0.8,1.0,0.8,1.0,1536.1380128114115,7.894789764501079,10.845634506180104,False,False,0.0,0.0,0.0,1.0,0.0,0.0
iql_dual,iql,dual,development,0.625,8000,5.0,0.8,1.0,0.8,1.0,2102.5720274983387,2.8585177705553257,3.3868251185699005,False,False,0.0,0.0,0.0,1.0,0.0,0.0
iql_dual,iql,dual,development,0.625,8000,10.0,0.8,1.0,0.8,1.0,2102.5720274983387,2.8585177705553257,3.3868251185699005,False,False,0.0,0.0,0.0,1.0,0.0,0.0
iql_dual,iql,dual,development,0.625,8000,20.0,1.0,1.0,1.0,1.0,2549.6751924478785,15.167506592234046,15.695813940248621,False,False,0.0,0.0,0.0,0.0,1.0,0.0
iql_dual,iql,dual,development,0.625,16000,5.0,0.8,1.0,0.8,1.0,1779.2229612134388,4.364657936984662,4.666517930219403,False,False,0.0,0.0,0.0,1.0,0.0,0.0
iql_dual,iql,dual,development,0.625,16000,10.0,0.8,1.0,0.8,1.0,1779.2229612134388,4.364657936984662,4.666517930219403,False,False,0.0,0.0,0.0,1.0,0.0,0.0
iql_dual,iql,dual,development,0.625,16000,20.0,0.8,1.0,0.8,1.0,1779.2229612134388,4.364657936984662,4.666517930219403,False,False,0.0,0.0,0.0,1.0,0.0,0.0
iql_dual,iql,dual,development,0.625,Full,5.0,0.8,1.0,0.8,1.0,1635.713852752764,2.6838847386619467,2.767200310286457,False,False,0.0,0.0,0.0,1.0,0.0,0.0
iql_dual,iql,dual,development,0.625,Full,10.0,0.8,1.0,0.8,1.0,1635.713852752764,2.6838847386619467,2.767200310286457,False,False,0.0,0.0,0.0,1.0,0.0,0.0
iql_dual,iql,dual,development,0.625,Full,20.0,0.8,0.64,0.8,0.64,1635.713852752764,2.6838847386619467,2.767200310286457,False,False,0.0,0.0,0.0,0.64,0.0,0.36
iql_dual,iql,dual,development,0.75,500,5.0,0.0,1.0,0.0,1.0,0.0,0.0,50.06861911914827,True,True,1.0,0.0,0.0,0.0,0.0,0.0
iql_dual,iql,dual,development,0.75,500,10.0,0.0,1.0,0.0,1.0,0.0,0.0,50.06861911914827,True,True,1.0,0.0,0.0,0.0,0.0,0.0
iql_dual,iql,dual,development,0.75,500,20.0,0.0,1.0,0.0,1.0,0.0,0.0,50.06861911914827,True,True,1.0,0.0,0.0,0.0,0.0,0.0
iql_dual,iql,dual,development,0.75,1000,5.0,0.0,1.0,0.0,1.0,0.0,0.0,26.757785497907772,True,True,1.0,0.0,0.0,0.0,0.0,0.0
iql_dual,iql,dual,development,0.75,1000,10.0,0.0,1.0,0.0,1.0,0.0,0.0,26.757785497907772,True,True,1.0,0.0,0.0,0.0,0.0,0.0
iql_dual,iql,dual,development,0.75,1000,20.0,0.0,1.0,0.0,1.0,0.0,0.0,26.757785497907772,True,True,1.0,0.0,0.0,0.0,0.0,0.0
iql_dual,iql,dual,development,0.75,2000,5.0,0.3,0.9995,0.3,0.9995,28.861089729200103,2.4759112486536115,12.775024856439934,False,True,0.0005,0.9995,0.0,0.0,0.0,0.0
iql_dual,iql,dual,development,0.75,2000,10.0,0.5,1.0,0.5,1.0,142.84072370825015,5.363179546825105,15.662293154611428,False,True,0.0,0.0,1.0,0.0,0.0,0.0
iql_dual,iql,dual,development,0.75,2000,20.0,0.5,1.0,0.5,1.0,142.84072370825015,5.363179546825105,15.662293154611428,False,True,0.0,0.0,1.0,0.0,0.0,0.0
iql_dual,iql,dual,development,0.75,4000,5.0,0.5,1.0,0.5,1.0,737.9709560261199,2.612993775893106,5.995528210916049,False,False,0.0,0.0,1.0,0.0,0.0,0.0
iql_dual,iql,dual,development,0.75,4000,10.0,0.5,1.0,0.5,1.0,737.9709560261199,2.612993775893106,5.995528210916049,False,False,0.0,0.0,1.0,0.0,0.0,0.0
iql_dual,iql,dual,development,0.75,4000,20.0,0.8,1.0,0.8,1.0,1282.1733464998524,10.325204986011567,13.70773942103451,False,False,0.0,0.0,0.0,1.0,0.0,0.0
iql_dual,iql,dual,development,0.75,8000,5.0,0.5,0.998,0.5,0.998,929.3613921563501,2.2379307995993334,2.9594558359623733,False,False,0.0,0.0,0.998,0.002,0.0,0.0
iql_dual,iql,dual,development,0.75,8000,10.0,0.8,1.0,0.8,1.0,2404.0042079295054,5.157082150286194,5.878607186649234,False,False,0.0,0.0,0.0,1.0,0.0,0.0
iql_dual,iql,dual,development,0.75,8000,20.0,1.2,0.9935,1.2,0.9935,2814.5769348597532,19.15562414429894,19.87714918066198,False,False,0.0,0.0,0.0,0.0,0.0065,0.9935
iql_dual,iql,dual,development,0.75,16000,5.0,0.5,1.0,0.5,1.0,1169.8652113544176,1.4746283117614096,1.9902772321448141,False,False,0.0,0.0,1.0,0.0,0.0,0.0
iql_dual,iql,dual,development,0.75,16000,10.0,0.8,1.0,0.8,1.0,1661.5577158202013,6.072123169974529,6.587772090357934,False,False,0.0,0.0,0.0,1.0,0.0,0.0
iql_dual,iql,dual,development,0.75,16000,20.0,0.8,1.0,0.8,1.0,1661.5577158202013,6.072123169974529,6.587772090357934,False,False,0.0,0.0,0.0,1.0,0.0,0.0
iql_dual,iql,dual,development,0.75,Full,5.0,0.8,1.0,0.8,1.0,1741.021962601846,3.3220562274326513,4.602513552225476,False,False,0.0,0.0,0.0,1.0,0.0,0.0
iql_dual,iql,dual,development,0.75,Full,10.0,0.8,1.0,0.8,1.0,1741.021962601846,3.3220562274326513,4.602513552225476,False,False,0.0,0.0,0.0,1.0,0.0,0.0
iql_dual,iql,dual,development,0.75,Full,20.0,0.8,1.0,0.8,1.0,1741.021962601846,3.3220562274326513,4.602513552225476,False,False,0.0,0.0,0.0,1.0,0.0,0.0
iql_dual,iql,dual,development,0.875,500,5.0,0.0,1.0,0.0,1.0,0.0,0.0,54.99172415903164,True,True,1.0,0.0,0.0,0.0,0.0,0.0
iql_dual,iql,dual,development,0.875,500,10.0,0.0,1.0,0.0,1.0,0.0,0.0,54.99172415903164,True,True,1.0,0.0,0.0,0.0,0.0,0.0
iql_dual,iql,dual,development,0.875,500,20.0,0.0,1.0,0.0,1.0,0.0,0.0,54.99172415903164,True,True,1.0,0.0,0.0,0.0,0.0,0.0
iql_dual,iql,dual,development,0.875,1000,5.0,0.0,1.0,0.0,1.0,0.0,0.0,31.631856071747,True,True,1.0,0.0,0.0,0.0,0.0,0.0
iql_dual,iql,dual,development,0.875,1000,10.0,0.0,1.0,0.0,1.0,0.0,0.0,31.631856071747,True,True,1.0,0.0,0.0,0.0,0.0,0.0
iql_dual,iql,dual,development,0.875,1000,20.0,0.0,1.0,0.0,1.0,0.0,0.0,31.631856071747,True,True,1.0,0.0,0.0,0.0,0.0,0.0
iql_dual,iql,dual,development,0.875,2000,5.0,0.3,1.0,0.3,1.0,104.94739849134749,2.870762562339074,15.860754341803885,False,True,0.0,1.0,0.0,0.0,0.0,0.0
iql_dual,iql,dual,development,0.875,2000,10.0,0.5,1.0,0.5,1.0,179.5335136176036,6.189861225517985,19.179853004982796,False,True,0.0,0.0,1.0,0.0,0.0,0.0
iql_dual,iql,dual,development,0.875,2000,20.0,0.5,1.0,0.5,1.0,179.5335136176036,6.189861225517985,19.179853004982796,False,True,0.0,0.0,1.0,0.0,0.0,0.0
iql_dual,iql,dual,development,0.875,4000,5.0,0.5,1.0,0.5,1.0,566.7629651505831,2.9559341266435446,7.5931503393484485,False,False,0.0,0.0,1.0,0.0,0.0,0.0
iql_dual,iql,dual,development,0.875,4000,10.0,0.5,1.0,0.5,1.0,566.7629651505831,2.9559341266435446,7.5931503393484485,False,False,0.0,0.0,1.0,0.0,0.0,0.0
iql_dual,iql,dual,development,0.875,4000,20.0,0.8,1.0,0.8,1.0,1039.957194189792,12.855117344419156,17.49233355712406,False,False,0.0,0.0,0.0,1.0,0.0,0.0
iql_dual,iql,dual,development,0.875,8000,5.0,0.5,1.0,0.5,1.0,860.8566861175987,1.522216999636023,3.6168051078590797,False,False,0.0,0.0,1.0,0.0,0.0,0.0
iql_dual,iql,dual,development,0.875,8000,10.0,0.8,1.0,0.8,1.0,2321.4210983789562,5.576361740720603,7.6709498489436605,False,False,0.0,0.0,0.0,1.0,0.0,0.0
iql_dual,iql,dual,development,0.875,8000,20.0,0.8,1.0,0.8,1.0,2321.4210983789562,5.576361740720603,7.6709498489436605,False,False,0.0,0.0,0.0,1.0,0.0,0.0
iql_dual,iql,dual,development,0.875,16000,5.0,0.5,1.0,0.5,1.0,958.3494959728978,1.042110176246947,2.141061992655961,False,False,0.0,0.0,1.0,0.0,0.0,0.0
iql_dual,iql,dual,development,0.875,16000,10.0,0.8,1.0,0.8,1.0,1649.8417963338325,6.3387384754091425,7.437690291818157,False,False,0.0,0.0,0.0,1.0,0.0,0.0
iql_dual,iql,dual,development,0.875,16000,20.0,0.8,1.0,0.8,1.0,1649.8417963338325,6.3387384754091425,7.437690291818157,False,False,0.0,0.0,0.0,1.0,0.0,0.0
iql_dual,iql,dual,development,0.875,Full,5.0,0.5,1.0,0.5,1.0,1114.8096578127788,0.8851932391201097,1.8602021754709035,False,False,0.0,0.0,1.0,0.0,0.0,0.0
iql_dual,iql,dual,development,0.875,Full,10.0,0.8,1.0,0.8,1.0,1301.8591260255089,5.785423611688139,6.760432548038933,False,False,0.0,0.0,0.0,1.0,0.0,0.0
iql_dual,iql,dual,development,0.875,Full,20.0,0.8,1.0,0.8,1.0,1301.8591260255089,5.785423611688139,6.760432548038933,False,False,0.0,0.0,0.0,1.0,0.0,0.0
iql_dual,iql,dual,development,1.0,500,5.0,0.0,1.0,0.0,1.0,0.0,0.0,59.02930624990486,True,True,1.0,0.0,0.0,0.0,0.0,0.0
iql_dual,iql,dual,development,1.0,500,10.0,0.0,1.0,0.0,1.0,0.0,0.0,59.02930624990486,True,True,1.0,0.0,0.0,0.0,0.0,0.0
iql_dual,iql,dual,development,1.0,500,20.0,0.0,1.0,0.0,1.0,0.0,0.0,59.02930624990486,True,True,1.0,0.0,0.0,0.0,0.0,0.0
iql_dual,iql,dual,development,1.0,1000,5.0,0.0,1.0,0.0,1.0,0.0,0.0,36.12439569941592,True,True,1.0,0.0,0.0,0.0,0.0,0.0
iql_dual,iql,dual,development,1.0,1000,10.0,0.0,1.0,0.0,1.0,0.0,0.0,36.12439569941592,True,True,1.0,0.0,0.0,0.0,0.0,0.0
iql_dual,iql,dual,development,1.0,1000,20.0,0.0,1.0,0.0,1.0,0.0,0.0,36.12439569941592,True,True,1.0,0.0,0.0,0.0,0.0,0.0
iql_dual,iql,dual,development,1.0,2000,5.0,0.3,1.0,0.3,1.0,97.25459038486406,2.8016898528529453,18.876617595581823,False,True,0.0,1.0,0.0,0.0,0.0,0.0
iql_dual,iql,dual,development,1.0,2000,10.0,0.3,1.0,0.3,1.0,97.25459038486406,2.8016898528529453,18.876617595581823,False,True,0.0,1.0,0.0,0.0,0.0,0.0
iql_dual,iql,dual,development,1.0,2000,20.0,0.3,1.0,0.3,1.0,97.25459038486406,2.8016898528529453,18.876617595581823,False,True,0.0,1.0,0.0,0.0,0.0,0.0
iql_dual,iql,dual,development,1.0,4000,5.0,0.5,1.0,0.5,1.0,419.75589138904434,3.649137379414017,8.889685640123774,False,False,0.0,0.0,1.0,0.0,0.0,0.0
iql_dual,iql,dual,development,1.0,4000,10.0,0.5,1.0,0.5,1.0,419.75589138904434,3.649137379414017,8.889685640123774,False,False,0.0,0.0,1.0,0.0,0.0,0.0
iql_dual,iql,dual,development,1.0,4000,20.0,0.8,1.0,0.8,1.0,810.6305074589982,16.142546114531793,21.38309437524155,False,False,0.0,0.0,0.0,1.0,0.0,0.0
iql_dual,iql,dual,development,1.0,8000,5.0,0.5,1.0,0.5,1.0,1052.307592883044,1.1710632257941773,4.435300274762116,False,False,0.0,0.0,1.0,0.0,0.0,0.0
iql_dual,iql,dual,development,1.0,8000,10.0,0.8,1.0,0.8,1.0,2486.4005975444325,6.285233805490558,9.549470854458496,False,False,0.0,0.0,0.0,1.0,0.0,0.0
iql_dual,iql,dual,development,1.0,8000,20.0,0.8,1.0,0.8,1.0,2486.4005975444325,6.285233805490558,9.549470854458496,False,False,0.0,0.0,0.0,1.0,0.0,0.0
iql_dual,iql,dual,development,1.0,16000,5.0,0.3,1.0,0.3,1.0,919.5513945348375,0.8152103554423293,2.3655119523077657,False,False,0.0,1.0,0.0,0.0,0.0,0.0
iql_dual,iql,dual,development,1.0,16000,10.0,0.8,1.0,0.8,1.0,1891.9386206826912,7.49034778727566,9.040649384141096,False,False,0.0,0.0,0.0,1.0,0.0,0.0
iql_dual,iql,dual,development,1.0,16000,20.0,0.8,1.0,0.8,1.0,1891.9386206826912,7.49034778727566,9.040649384141096,False,False,0.0,0.0,0.0,1.0,0.0,0.0
iql_dual,iql,dual,development,1.0,Full,5.0,0.3,1.0,0.3,1.0,919.0278844160421,1.0492930551106838,1.8849481052823103,False,False,0.0,1.0,0.0,0.0,0.0,0.0
iql_dual,iql,dual,development,1.0,Full,10.0,0.8,1.0,0.8,1.0,2059.442206484093,6.038174100316963,6.873829150488589,False,False,0.0,0.0,0.0,1.0,0.0,0.0
iql_dual,iql,dual,development,1.0,Full,20.0,0.8,1.0,0.8,1.0,2059.442206484093,6.038174100316963,6.873829150488589,False,False,0.0,0.0,0.0,1.0,0.0,0.0
iql_dual,iql,dual,development,1.125,500,5.0,0.0,1.0,0.0,1.0,0.0,0.0,62.41185518939276,True,True,1.0,0.0,0.0,0.0,0.0,0.0
iql_dual,iql,dual,development,1.125,500,10.0,0.0,1.0,0.0,1.0,0.0,0.0,62.41185518939276,True,True,1.0,0.0,0.0,0.0,0.0,0.0
iql_dual,iql,dual,development,1.125,500,20.0,0.0,1.0,0.0,1.0,0.0,0.0,62.41185518939276,True,True,1.0,0.0,0.0,0.0,0.0,0.0
iql_dual,iql,dual,development,1.125,1000,5.0,0.0,1.0,0.0,1.0,0.0,0.0,40.159329922263055,True,True,1.0,0.0,0.0,0.0,0.0,0.0
iql_dual,iql,dual,development,1.125,1000,10.0,0.0,1.0,0.0,1.0,0.0,0.0,40.159329922263055,True,True,1.0,0.0,0.0,0.0,0.0,0.0
iql_dual,iql,dual,development,1.125,1000,20.0,0.0,1.0,0.0,1.0,0.0,0.0,40.159329922263055,True,True,1.0,0.0,0.0,0.0,0.0,0.0
iql_dual,iql,dual,development,1.125,2000,5.0,0.3,1.0,0.3,1.0,13.188138664998405,2.927331297598567,21.841156965524007,False,True,0.0,1.0,0.0,0.0,0.0,0.0
iql_dual,iql,dual,development,1.125,2000,10.0,0.3,1.0,0.3,1.0,13.188138664998405,2.927331297598567,21.841156965524007,False,True,0.0,1.0,0.0,0.0,0.0,0.0
iql_dual,iql,dual,development,1.125,2000,20.0,0.3,1.0,0.3,1.0,13.188138664998405,2.927331297598567,21.841156965524007,False,True,0.0,1.0,0.0,0.0,0.0,0.0
iql_dual,iql,dual,development,1.125,4000,5.0,0.5,1.0,0.5,1.0,371.8671337553351,4.456292188928278,10.892131755847542,False,False,0.0,0.0,1.0,0.0,0.0,0.0
iql_dual,iql,dual,development,1.125,4000,10.0,0.5,1.0,0.5,1.0,371.8671337553351,4.456292188928278,10.892131755847542,False,False,0.0,0.0,1.0,0.0,0.0,0.0
iql_dual,iql,dual,development,1.125,4000,20.0,0.8,1.0,0.8,1.0,564.9383176457559,18.28396438200541,24.719803948924675,False,False,0.0,0.0,0.0,1.0,0.0,0.0
iql_dual,iql,dual,development,1.125,8000,5.0,0.5,1.0,0.5,1.0,1052.6133804714682,2.5837480278020712,5.400873255683788,False,False,0.0,0.0,1.0,0.0,0.0,0.0
iql_dual,iql,dual,development,1.125,8000,10.0,0.8,1.0,0.8,1.0,2716.7936695554818,7.528548797776361,10.345674025658077,False,False,0.0,0.0,0.0,1.0,0.0,0.0
iql_dual,iql,dual,development,1.125,8000,20.0,0.8,1.0,0.8,1.0,2716.7936695554818,7.528548797776361,10.345674025658077,False,False,0.0,0.0,0.0,1.0,0.0,0.0
iql_dual,iql,dual,development,1.125,16000,5.0,0.3,1.0,0.3,1.0,1004.0172549066192,0.9759833257209083,2.3638003889781647,False,False,0.0,1.0,0.0,0.0,0.0,0.0
iql_dual,iql,dual,development,1.125,16000,10.0,0.8,1.0,0.8,1.0,2222.009696179921,8.23801079266941,9.625827855926666,False,False,0.0,0.0,0.0,1.0,0.0,0.0
iql_dual,iql,dual,development,1.125,16000,20.0,0.8,1.0,0.8,1.0,2222.009696179921,8.23801079266941,9.625827855926666,False,False,0.0,0.0,0.0,1.0,0.0,0.0
iql_dual,iql,dual,development,1.125,Full,5.0,0.3,1.0,0.3,1.0,884.857721349159,1.334351837296319,2.2618338910977234,False,False,0.0,1.0,0.0,0.0,0.0,0.0
iql_dual,iql,dual,development,1.125,Full,10.0,0.8,1.0,0.8,1.0,2420.5721284874817,6.875192928626865,7.80267498242827,False,False,0.0,0.0,0.0,1.0,0.0,0.0
iql_dual,iql,dual,development,1.125,Full,20.0,0.8,1.0,0.8,1.0,2420.5721284874817,6.875192928626865,7.80267498242827,False,False,0.0,0.0,0.0,1.0,0.0,0.0
iql_dual,iql,dual,development,1.25,500,5.0,0.0,1.0,0.0,1.0,0.0,0.0,65.32261288410974,True,True,1.0,0.0,0.0,0.0,0.0,0.0
iql_dual,iql,dual,development,1.25,500,10.0,0.0,1.0,0.0,1.0,0.0,0.0,65.32261288410974,True,True,1.0,0.0,0.0,0.0,0.0,0.0
iql_dual,iql,dual,development,1.25,500,20.0,0.0,1.0,0.0,1.0,0.0,0.0,65.32261288410974,True,True,1.0,0.0,0.0,0.0,0.0,0.0
iql_dual,iql,dual,development,1.25,1000,5.0,0.0,1.0,0.0,1.0,0.0,0.0,43.81452823511243,True,True,1.0,0.0,0.0,0.0,0.0,0.0
iql_dual,iql,dual,development,1.25,1000,10.0,0.0,1.0,0.0,1.0,0.0,0.0,43.81452823511243,True,True,1.0,0.0,0.0,0.0,0.0,0.0
iql_dual,iql,dual,development,1.25,1000,20.0,0.0,1.0,0.0,1.0,0.0,0.0,43.81452823511243,True,True,1.0,0.0,0.0,0.0,0.0,0.0
iql_dual,iql,dual,development,1.25,2000,5.0,0.0,1.0,0.0,1.0,0.0,0.0,21.57155855124475,True,True,1.0,0.0,0.0,0.0,0.0,0.0
iql_dual,iql,dual,development,1.25,2000,10.0,0.0,1.0,0.0,1.0,0.0,0.0,21.57155855124475,True,True,1.0,0.0,0.0,0.0,0.0,0.0
iql_dual,iql,dual,development,1.25,2000,20.0,0.0,1.0,0.0,1.0,0.0,0.0,21.57155855124475,True,True,1.0,0.0,0.0,0.0,0.0,0.0
iql_dual,iql,dual,development,1.25,4000,5.0,0.3,1.0,0.3,1.0,260.0645829255336,2.450156780367938,10.095146098415839,False,False,0.0,1.0,0.0,0.0,0.0,0.0
iql_dual,iql,dual,development,1.25,4000,10.0,0.5,1.0,0.5,1.0,469.3185271125003,5.095478014974515,12.740467333022416,False,False,0.0,0.0,1.0,0.0,0.0,0.0
iql_dual,iql,dual,development,1.25,4000,20.0,0.5,1.0,0.5,1.0,469.3185271125003,5.095478014974515,12.740467333022416,False,False,0.0,0.0,1.0,0.0,0.0,0.0
iql_dual,iql,dual,development,1.25,8000,5.0,0.3,1.0,0.3,1.0,835.8007701480146,1.64191609345893,4.898518110644284,False,False,0.0,1.0,0.0,0.0,0.0,0.0
iql_dual,iql,dual,development,1.25,8000,10.0,0.8,1.0,0.8,1.0,2789.0497902435345,9.014042880928297,12.270644898113652,False,False,0.0,0.0,0.0,1.0,0.0,0.0
iql_dual,iql,dual,development,1.25,8000,20.0,0.8,1.0,0.8,1.0,2789.0497902435345,9.014042880928297,12.270644898113652,False,False,0.0,0.0,0.0,1.0,0.0,0.0
iql_dual,iql,dual,development,1.25,16000,5.0,0.3,1.0,0.3,1.0,767.6478920702975,0.7660505833535813,2.859265086909343,False,False,0.0,1.0,0.0,0.0,0.0,0.0
iql_dual,iql,dual,development,1.25,16000,10.0,0.8,1.0,0.8,1.0,2621.6474569923175,7.857509114488799,9.950723618044561,False,False,0.0,0.0,0.0,1.0,0.0,0.0
iql_dual,iql,dual,development,1.25,16000,20.0,0.8,1.0,0.8,1.0,2621.6474569923175,7.857509114488799,9.950723618044561,False,False,0.0,0.0,0.0,1.0,0.0,0.0
iql_dual,iql,dual,development,1.25,Full,5.0,0.3,1.0,0.3,1.0,740.6035236808275,0.9581505631296234,2.418606460393876,False,False,0.0,1.0,0.0,0.0,0.0,0.0
iql_dual,iql,dual,development,1.25,Full,10.0,0.8,1.0,0.8,1.0,2710.491656166658,6.755478031036932,8.215933928301185,False,False,0.0,0.0,0.0,1.0,0.0,0.0
iql_dual,iql,dual,development,1.25,Full,20.0,0.8,1.0,0.8,1.0,2710.491656166658,6.755478031036932,8.215933928301185,False,False,0.0,0.0,0.0,1.0,0.0,0.0
iql_dual,iql,dual,development,1.375,500,5.0,0.0,1.0,0.0,1.0,0.0,0.0,67.82895992211867,True,True,1.0,0.0,0.0,0.0,0.0,0.0
iql_dual,iql,dual,development,1.375,500,10.0,0.0,1.0,0.0,1.0,0.0,0.0,67.82895992211867,True,True,1.0,0.0,0.0,0.0,0.0,0.0
iql_dual,iql,dual,development,1.375,500,20.0,0.0,1.0,0.0,1.0,0.0,0.0,67.82895992211867,True,True,1.0,0.0,0.0,0.0,0.0,0.0
iql_dual,iql,dual,development,1.375,1000,5.0,0.0,1.0,0.0,1.0,0.0,0.0,47.07561121642821,True,True,1.0,0.0,0.0,0.0,0.0,0.0
iql_dual,iql,dual,development,1.375,1000,10.0,0.0,1.0,0.0,1.0,0.0,0.0,47.07561121642821,True,True,1.0,0.0,0.0,0.0,0.0,0.0
iql_dual,iql,dual,development,1.375,1000,20.0,0.0,1.0,0.0,1.0,0.0,0.0,47.07561121642821,True,True,1.0,0.0,0.0,0.0,0.0,0.0
iql_dual,iql,dual,development,1.375,2000,5.0,0.0,1.0,0.0,1.0,0.0,0.0,24.272490159522803,True,True,1.0,0.0,0.0,0.0,0.0,0.0
iql_dual,iql,dual,development,1.375,2000,10.0,0.0,1.0,0.0,1.0,0.0,0.0,24.272490159522803,True,True,1.0,0.0,0.0,0.0,0.0,0.0
iql_dual,iql,dual,development,1.375,2000,20.0,0.0,1.0,0.0,1.0,0.0,0.0,24.272490159522803,True,True,1.0,0.0,0.0,0.0,0.0,0.0
iql_dual,iql,dual,development,1.375,4000,5.0,0.5,0.629,0.5,0.629,535.6128115988158,4.991877991476738,14.205129800561396,False,False,0.0,0.371,0.629,0.0,0.0,0.0
iql_dual,iql,dual,development,1.375,4000,10.0,0.5,1.0,0.5,1.0,535.6128115988158,4.991877991476738,14.205129800561396,False,False,0.0,0.0,1.0,0.0,0.0,0.0
iql_dual,iql,dual,development,1.375,4000,20.0,0.5,1.0,0.5,1.0,535.6128115988158,4.991877991476738,14.205129800561396,False,False,0.0,0.0,1.0,0.0,0.0,0.0
iql_dual,iql,dual,development,1.375,8000,5.0,0.5,1.0,0.5,1.0,850.1363554178733,3.278704829400063,7.082510895265449,False,False,0.0,0.0,1.0,0.0,0.0,0.0
iql_dual,iql,dual,development,1.375,8000,10.0,0.8,0.7875,0.8,0.7875,2915.284312458318,9.976243053241415,13.7800491191068,False,False,0.0,0.0,0.2125,0.7875,0.0,0.0
iql_dual,iql,dual,development,1.375,8000,20.0,0.8,1.0,0.8,1.0,2915.284312458318,9.976243053241415,13.7800491191068,False,False,0.0,0.0,0.0,1.0,0.0,0.0
iql_dual,iql,dual,development,1.375,16000,5.0,0.3,1.0,0.3,1.0,840.8981004973066,0.3478404456355393,2.9530841495701363,False,False,0.0,1.0,0.0,0.0,0.0,0.0
iql_dual,iql,dual,development,1.375,16000,10.0,0.8,1.0,0.8,1.0,2864.532766358494,8.167519527788409,10.772763231723006,False,False,0.0,0.0,0.0,1.0,0.0,0.0
iql_dual,iql,dual,development,1.375,16000,20.0,0.8,1.0,0.8,1.0,2864.532766358494,8.167519527788409,10.772763231723006,False,False,0.0,0.0,0.0,1.0,0.0,0.0
iql_dual,iql,dual,development,1.375,Full,5.0,0.3,1.0,0.3,1.0,707.9152634002457,0.9480493099906153,2.265909850873201,False,False,0.0,1.0,0.0,0.0,0.0,0.0
iql_dual,iql,dual,development,1.375,Full,10.0,0.8,1.0,0.8,1.0,2674.4834908717676,8.006310277246873,9.32417081812946,False,False,0.0,0.0,0.0,1.0,0.0,0.0
iql_dual,iql,dual,development,1.375,Full,20.0,0.8,1.0,0.8,1.0,2674.4834908717676,8.006310277246873,9.32417081812946,False,False,0.0,0.0,0.0,1.0,0.0,0.0
iql_dual,iql,dual,development,1.5,500,5.0,0.0,1.0,0.0,1.0,0.0,0.0,70.01372902599125,True,True,1.0,0.0,0.0,0.0,0.0,0.0
iql_dual,iql,dual,development,1.5,500,10.0,0.0,1.0,0.0,1.0,0.0,0.0,70.01372902599125,True,True,1.0,0.0,0.0,0.0,0.0,0.0
iql_dual,iql,dual,development,1.5,500,20.0,0.0,1.0,0.0,1.0,0.0,0.0,70.01372902599125,True,True,1.0,0.0,0.0,0.0,0.0,0.0
iql_dual,iql,dual,development,1.5,1000,5.0,0.0,1.0,0.0,1.0,0.0,0.0,50.041425820343896,True,True,1.0,0.0,0.0,0.0,0.0,0.0
iql_dual,iql,dual,development,1.5,1000,10.0,0.0,1.0,0.0,1.0,0.0,0.0,50.041425820343896,True,True,1.0,0.0,0.0,0.0,0.0,0.0
iql_dual,iql,dual,development,1.5,1000,20.0,0.0,1.0,0.0,1.0,0.0,0.0,50.041425820343896,True,True,1.0,0.0,0.0,0.0,0.0,0.0
iql_dual,iql,dual,development,1.5,2000,5.0,0.0,1.0,0.0,1.0,0.0,0.0,26.84755020065776,True,True,1.0,0.0,0.0,0.0,0.0,0.0
iql_dual,iql,dual,development,1.5,2000,10.0,0.0,1.0,0.0,1.0,0.0,0.0,26.84755020065776,True,True,1.0,0.0,0.0,0.0,0.0,0.0
iql_dual,iql,dual,development,1.5,2000,20.0,0.0,1.0,0.0,1.0,0.0,0.0,26.84755020065776,True,True,1.0,0.0,0.0,0.0,0.0,0.0
iql_dual,iql,dual,development,1.5,4000,5.0,0.3,1.0,0.3,1.0,361.6760858428861,2.459188325887661,12.964225716057157,False,True,0.0,1.0,0.0,0.0,0.0,0.0
iql_dual,iql,dual,development,1.5,4000,10.0,0.5,1.0,0.5,1.0,530.8193099258297,5.452512576239304,15.9575499664088,False,True,0.0,0.0,1.0,0.0,0.0,0.0
iql_dual,iql,dual,development,1.5,4000,20.0,0.5,1.0,0.5,1.0,530.8193099258297,5.452512576239304,15.9575499664088,False,True,0.0,0.0,1.0,0.0,0.0,0.0
iql_dual,iql,dual,development,1.5,8000,5.0,0.5,1.0,0.5,1.0,872.262509173197,3.5278070441743097,8.059294866657028,False,False,0.0,0.0,1.0,0.0,0.0,0.0
iql_dual,iql,dual,development,1.5,8000,10.0,0.5,1.0,0.5,1.0,872.262509173197,3.5278070441743097,8.059294866657028,False,False,0.0,0.0,1.0,0.0,0.0,0.0
iql_dual,iql,dual,development,1.5,8000,20.0,0.8,1.0,0.8,1.0,2890.2242165354073,10.892088207954384,15.423576030437102,False,False,0.0,0.0,0.0,1.0,0.0,0.0
iql_dual,iql,dual,development,1.5,16000,5.0,0.3,0.9995,0.3,0.9995,744.2400152535629,0.8314436440698962,3.8035030478397704,False,False,0.0,0.9995,0.0005,0.0,0.0,0.0
iql_dual,iql,dual,development,1.5,16000,10.0,0.8,1.0,0.8,1.0,2986.226272299231,8.453219947975947,11.425279351745822,False,False,0.0,0.0,0.0,1.0,0.0,0.0
iql_dual,iql,dual,development,1.5,16000,20.0,0.8,1.0,0.8,1.0,2986.226272299231,8.453219947975947,11.425279351745822,False,False,0.0,0.0,0.0,1.0,0.0,0.0
iql_dual,iql,dual,development,1.5,Full,5.0,0.5,1.0,0.5,1.0,599.3975265121371,1.1816864533383598,3.3217727172776197,False,False,0.0,0.0,1.0,0.0,0.0,0.0
iql_dual,iql,dual,development,1.5,Full,10.0,0.8,1.0,0.8,1.0,2829.7968507259575,7.6410339084558565,9.781120172395116,False,False,0.0,0.0,0.0,1.0,0.0,0.0
iql_dual,iql,dual,development,1.5,Full,20.0,0.8,1.0,0.8,1.0,2829.7968507259575,7.6410339084558565,9.781120172395116,False,False,0.0,0.0,0.0,1.0,0.0,0.0
dt_traffic_aware,dt,traffic_aware,development,0.5,500,5.0,0.3,1.0,0.3,1.0,60.89777252259864,4.644510353844726,30.646999005162716,True,True,0.0,1.0,0.0,0.0,0.0,0.0
dt_traffic_aware,dt,traffic_aware,development,0.5,500,10.0,0.3,1.0,0.3,1.0,60.89777252259864,4.644510353844726,30.646999005162716,True,True,0.0,1.0,0.0,0.0,0.0,0.0
dt_traffic_aware,dt,traffic_aware,development,0.5,500,20.0,0.3,1.0,0.3,1.0,60.89777252259864,4.644510353844726,30.646999005162716,True,True,0.0,1.0,0.0,0.0,0.0,0.0
dt_traffic_aware,dt,traffic_aware,development,0.5,1000,5.0,0.3,1.0,0.3,1.0,283.1775438070654,4.264508884765022,10.549714936056874,False,False,0.0,1.0,0.0,0.0,0.0,0.0
dt_traffic_aware,dt,traffic_aware,development,0.5,1000,10.0,0.3,1.0,0.3,1.0,283.1775438070654,4.264508884765022,10.549714936056874,False,False,0.0,1.0,0.0,0.0,0.0,0.0
dt_traffic_aware,dt,traffic_aware,development,0.5,1000,20.0,0.3,1.0,0.3,1.0,283.1775438070654,4.264508884765022,10.549714936056874,False,False,0.0,1.0,0.0,0.0,0.0,0.0
dt_traffic_aware,dt,traffic_aware,development,0.5,2000,5.0,0.5,1.0,0.5,1.0,1021.8684731183448,4.56272327545193,4.752196391861733,False,False,0.0,0.0,1.0,0.0,0.0,0.0
dt_traffic_aware,dt,traffic_aware,development,0.5,2000,10.0,0.5,1.0,0.5,1.0,1021.8684731183448,4.56272327545193,4.752196391861733,False,False,0.0,0.0,1.0,0.0,0.0,0.0
dt_traffic_aware,dt,traffic_aware,development,0.5,2000,20.0,0.5,1.0,0.5,1.0,1021.8684731183448,4.56272327545193,4.752196391861733,False,False,0.0,0.0,1.0,0.0,0.0,0.0
dt_traffic_aware,dt,traffic_aware,development,0.5,4000,5.0,0.5,1.0,0.5,1.0,1887.6881510730045,1.883726100962834,1.8879502726548496,False,False,0.0,0.0,1.0,0.0,0.0,0.0
dt_traffic_aware,dt,traffic_aware,development,0.5,4000,10.0,0.5,1.0,0.5,1.0,1887.6881510730045,1.883726100962834,1.8879502726548496,False,False,0.0,0.0,1.0,0.0,0.0,0.0
dt_traffic_aware,dt,traffic_aware,development,0.5,4000,20.0,0.5,1.0,0.5,1.0,1887.6881510730045,1.883726100962834,1.8879502726548496,False,False,0.0,0.0,1.0,0.0,0.0,0.0
dt_traffic_aware,dt,traffic_aware,development,0.5,8000,5.0,0.5,1.0,0.5,1.0,2085.9243299499512,0.33556582060871326,0.33692798645869576,False,False,0.0,0.0,1.0,0.0,0.0,0.0
dt_traffic_aware,dt,traffic_aware,development,0.5,8000,10.0,0.5,1.0,0.5,1.0,2085.9243299499512,0.33556582060871326,0.33692798645869576,False,False,0.0,0.0,1.0,0.0,0.0,0.0
dt_traffic_aware,dt,traffic_aware,development,0.5,8000,20.0,0.5,1.0,0.5,1.0,2085.9243299499512,0.33556582060871326,0.33692798645869576,False,False,0.0,0.0,1.0,0.0,0.0,0.0
dt_traffic_aware,dt,traffic_aware,development,0.5,16000,5.0,0.5,1.0,0.5,1.0,2143.8953425451436,1.0006094658884994,1.034088079907322,False,False,0.0,0.0,1.0,0.0,0.0,0.0
dt_traffic_aware,dt,traffic_aware,development,0.5,16000,10.0,0.5,1.0,0.5,1.0,2143.8953425451436,1.0006094658884994,1.034088079907322,False,False,0.0,0.0,1.0,0.0,0.0,0.0
dt_traffic_aware,dt,traffic_aware,development,0.5,16000,20.0,0.5,1.0,0.5,1.0,2143.8953425451436,1.0006094658884994,1.034088079907322,False,False,0.0,0.0,1.0,0.0,0.0,0.0
dt_traffic_aware,dt,traffic_aware,development,0.5,Full,5.0,0.5,1.0,0.5,1.0,2149.3648021276003,1.6613430151186332,1.673354572822893,False,False,0.0,0.0,1.0,0.0,0.0,0.0
dt_traffic_aware,dt,traffic_aware,development,0.5,Full,10.0,0.5,1.0,0.5,1.0,2149.3648021276003,1.6613430151186332,1.673354572822893,False,False,0.0,0.0,1.0,0.0,0.0,0.0
dt_traffic_aware,dt,traffic_aware,development,0.5,Full,20.0,0.5,1.0,0.5,1.0,2149.3648021276003,1.6613430151186332,1.673354572822893,False,False,0.0,0.0,1.0,0.0,0.0,0.0
dt_traffic_aware,dt,traffic_aware,development,0.625,500,5.0,0.3,1.0,0.3,1.0,39.452739539086906,4.042243326643494,38.74204688061362,True,True,0.0,1.0,0.0,0.0,0.0,0.0
dt_traffic_aware,dt,traffic_aware,development,0.625,500,10.0,0.3,1.0,0.3,1.0,39.452739539086906,4.042243326643494,38.74204688061362,True,True,0.0,1.0,0.0,0.0,0.0,0.0
dt_traffic_aware,dt,traffic_aware,development,0.625,500,20.0,0.3,1.0,0.3,1.0,39.452739539086906,4.042243326643494,38.74204688061362,True,True,0.0,1.0,0.0,0.0,0.0,0.0
dt_traffic_aware,dt,traffic_aware,development,0.625,1000,5.0,0.0,1.0,0.0,1.0,0.0,0.0,11.220989596036212,False,True,1.0,0.0,0.0,0.0,0.0,0.0
dt_traffic_aware,dt,traffic_aware,development,0.625,1000,10.0,0.3,1.0,0.3,1.0,211.62968705729054,5.382124070026453,16.603113666062665,False,True,0.0,1.0,0.0,0.0,0.0,0.0
dt_traffic_aware,dt,traffic_aware,development,0.625,1000,20.0,0.3,1.0,0.3,1.0,211.62968705729054,5.382124070026453,16.603113666062665,False,True,0.0,1.0,0.0,0.0,0.0,0.0
dt_traffic_aware,dt,traffic_aware,development,0.625,2000,5.0,0.3,1.0,0.3,1.0,802.6071359999114,2.6041374682852148,3.9708337636060627,False,False,0.0,1.0,0.0,0.0,0.0,0.0
dt_traffic_aware,dt,traffic_aware,development,0.625,2000,10.0,0.5,1.0,0.5,1.0,906.5720395800972,6.392116448677457,7.758812743998305,False,False,0.0,0.0,1.0,0.0,0.0,0.0
dt_traffic_aware,dt,traffic_aware,development,0.625,2000,20.0,0.5,1.0,0.5,1.0,906.5720395800972,6.392116448677457,7.758812743998305,False,False,0.0,0.0,1.0,0.0,0.0,0.0
dt_traffic_aware,dt,traffic_aware,development,0.625,4000,5.0,0.5,1.0,0.5,1.0,2083.752383838005,3.037090175112036,3.049770916142169,False,False,0.0,0.0,1.0,0.0,0.0,0.0
dt_traffic_aware,dt,traffic_aware,development,0.625,4000,10.0,0.5,1.0,0.5,1.0,2083.752383838005,3.037090175112036,3.049770916142169,False,False,0.0,0.0,1.0,0.0,0.0,0.0
dt_traffic_aware,dt,traffic_aware,development,0.625,4000,20.0,0.5,1.0,0.5,1.0,2083.752383838005,3.037090175112036,3.049770916142169,False,False,0.0,0.0,1.0,0.0,0.0,0.0
dt_traffic_aware,dt,traffic_aware,development,0.625,8000,5.0,0.5,1.0,0.5,1.0,2642.5920703452985,0.7051875707678522,0.7086937911324914,False,False,0.0,0.0,1.0,0.0,0.0,0.0
dt_traffic_aware,dt,traffic_aware,development,0.625,8000,10.0,0.5,1.0,0.5,1.0,2642.5920703452985,0.7051875707678522,0.7086937911324914,False,False,0.0,0.0,1.0,0.0,0.0,0.0
dt_traffic_aware,dt,traffic_aware,development,0.625,8000,20.0,0.5,1.0,0.5,1.0,2642.5920703452985,0.7051875707678522,0.7086937911324914,False,False,0.0,0.0,1.0,0.0,0.0,0.0
dt_traffic_aware,dt,traffic_aware,development,0.625,16000,5.0,0.5,1.0,0.5,1.0,2727.3141171427833,1.0269283088749777,1.0849016868726788,False,False,0.0,0.0,1.0,0.0,0.0,0.0
dt_traffic_aware,dt,traffic_aware,development,0.625,16000,10.0,0.5,1.0,0.5,1.0,2727.3141171427833,1.0269283088749777,1.0849016868726788,False,False,0.0,0.0,1.0,0.0,0.0,0.0
dt_traffic_aware,dt,traffic_aware,development,0.625,16000,20.0,0.5,1.0,0.5,1.0,2727.3141171427833,1.0269283088749777,1.0849016868726788,False,False,0.0,0.0,1.0,0.0,0.0,0.0
dt_traffic_aware,dt,traffic_aware,development,0.625,Full,5.0,0.5,1.0,0.5,1.0,2702.9321996828103,1.8855769356842695,1.9167771976343433,False,False,0.0,0.0,1.0,0.0,0.0,0.0
dt_traffic_aware,dt,traffic_aware,development,0.625,Full,10.0,0.5,1.0,0.5,1.0,2702.9321996828103,1.8855769356842695,1.9167771976343433,False,False,0.0,0.0,1.0,0.0,0.0,0.0
dt_traffic_aware,dt,traffic_aware,development,0.625,Full,20.0,0.5,1.0,0.5,1.0,2702.9321996828103,1.8855769356842695,1.9167771976343433,False,False,0.0,0.0,1.0,0.0,0.0,0.0
dt_traffic_aware,dt,traffic_aware,development,0.75,500,5.0,0.3,1.0,0.3,1.0,7.215353010216404,3.801790103394133,45.4242460980119,True,True,0.0,1.0,0.0,0.0,0.0,0.0
dt_traffic_aware,dt,traffic_aware,development,0.75,500,10.0,0.3,1.0,0.3,1.0,7.215353010216404,3.801790103394133,45.4242460980119,True,True,0.0,1.0,0.0,0.0,0.0,0.0
dt_traffic_aware,dt,traffic_aware,development,0.75,500,20.0,0.3,1.0,0.3,1.0,7.215353010216404,3.801790103394133,45.4242460980119,True,True,0.0,1.0,0.0,0.0,0.0,0.0
dt_traffic_aware,dt,traffic_aware,development,0.75,1000,5.0,0.0,0.938,0.0,0.938,0.0,0.0,16.53902286215268,False,True,0.938,0.062,0.0,0.0,0.0,0.0
dt_traffic_aware,dt,traffic_aware,development,0.75,1000,10.0,0.3,1.0,0.3,1.0,167.00829081935444,5.028047421202089,21.56707028335477,False,True,0.0,1.0,0.0,0.0,0.0,0.0
dt_traffic_aware,dt,traffic_aware,development,0.75,1000,20.0,0.3,1.0,0.3,1.0,167.00829081935444,5.028047421202089,21.56707028335477,False,True,0.0,1.0,0.0,0.0,0.0,0.0
dt_traffic_aware,dt,traffic_aware,development,0.75,2000,5.0,0.3,1.0,0.3,1.0,720.9725425520419,2.916802046957053,5.445691460671633,False,False,0.0,1.0,0.0,0.0,0.0,0.0
dt_traffic_aware,dt,traffic_aware,development,0.75,2000,10.0,0.5,1.0,0.5,1.0,793.8232007769811,7.627269822795412,10.156159236509993,False,False,0.0,0.0,1.0,0.0,0.0,0.0
dt_traffic_aware,dt,traffic_aware,development,0.75,2000,20.0,0.5,1.0,0.5,1.0,793.8232007769811,7.627269822795412,10.156159236509993,False,False,0.0,0.0,1.0,0.0,0.0,0.0
dt_traffic_aware,dt,traffic_aware,development,0.75,4000,5.0,0.5,1.0,0.5,1.0,2227.295644017975,2.7468646847484224,2.840068511710568,False,False,0.0,0.0,1.0,0.0,0.0,0.0
dt_traffic_aware,dt,traffic_aware,development,0.75,4000,10.0,0.5,1.0,0.5,1.0,2227.295644017975,2.7468646847484224,2.840068511710568,False,False,0.0,0.0,1.0,0.0,0.0,0.0
dt_traffic_aware,dt,traffic_aware,development,0.75,4000,20.0,0.5,1.0,0.5,1.0,2227.295644017975,2.7468646847484224,2.840068511710568,False,False,0.0,0.0,1.0,0.0,0.0,0.0
dt_traffic_aware,dt,traffic_aware,development,0.75,8000,5.0,0.5,1.0,0.5,1.0,3197.9960083760907,1.2142340587587688,1.233886881578208,False,False,0.0,0.0,1.0,0.0,0.0,0.0
dt_traffic_aware,dt,traffic_aware,development,0.75,8000,10.0,0.5,1.0,0.5,1.0,3197.9960083760907,1.2142340587587688,1.233886881578208,False,False,0.0,0.0,1.0,0.0,0.0,0.0
dt_traffic_aware,dt,traffic_aware,development,0.75,8000,20.0,0.5,1.0,0.5,1.0,3197.9960083760907,1.2142340587587688,1.233886881578208,False,False,0.0,0.0,1.0,0.0,0.0,0.0
dt_traffic_aware,dt,traffic_aware,development,0.75,16000,5.0,0.5,1.0,0.5,1.0,3471.5041211353073,1.0018351476651421,1.0757820079079894,False,False,0.0,0.0,1.0,0.0,0.0,0.0
dt_traffic_aware,dt,traffic_aware,development,0.75,16000,10.0,0.5,1.0,0.5,1.0,3471.5041211353073,1.0018351476651421,1.0757820079079894,False,False,0.0,0.0,1.0,0.0,0.0,0.0
dt_traffic_aware,dt,traffic_aware,development,0.75,16000,20.0,0.5,1.0,0.5,1.0,3471.5041211353073,1.0018351476651421,1.0757820079079894,False,False,0.0,0.0,1.0,0.0,0.0,0.0
dt_traffic_aware,dt,traffic_aware,development,0.75,Full,5.0,0.5,1.0,0.5,1.0,3405.3197927891742,1.9114369861983413,1.9762596569296695,False,False,0.0,0.0,1.0,0.0,0.0,0.0
dt_traffic_aware,dt,traffic_aware,development,0.75,Full,10.0,0.5,1.0,0.5,1.0,3405.3197927891742,1.9114369861983413,1.9762596569296695,False,False,0.0,0.0,1.0,0.0,0.0,0.0
dt_traffic_aware,dt,traffic_aware,development,0.75,Full,20.0,0.5,1.0,0.5,1.0,3405.3197927891742,1.9114369861983413,1.9762596569296695,False,False,0.0,0.0,1.0,0.0,0.0,0.0
dt_traffic_aware,dt,traffic_aware,development,0.875,500,5.0,0.3,0.997,0.3,0.997,3.1738959174872434,3.3692271489654857,50.74470380293082,True,True,0.003,0.997,0.0,0.0,0.0,0.0
dt_traffic_aware,dt,traffic_aware,development,0.875,500,10.0,0.3,0.997,0.3,0.997,3.1738959174872434,3.3692271489654857,50.74470380293082,True,True,0.003,0.997,0.0,0.0,0.0,0.0
dt_traffic_aware,dt,traffic_aware,development,0.875,500,20.0,0.3,0.997,0.3,0.997,3.1738959174872434,3.3692271489654857,50.74470380293082,True,True,0.003,0.997,0.0,0.0,0.0,0.0
dt_traffic_aware,dt,traffic_aware,development,0.875,1000,5.0,0.3,1.0,0.3,1.0,149.67955663245993,4.606911683654577,26.394571924224326,True,True,0.0,1.0,0.0,0.0,0.0,0.0
dt_traffic_aware,dt,traffic_aware,development,0.875,1000,10.0,0.3,1.0,0.3,1.0,149.67955663245993,4.606911683654577,26.394571924224326,True,True,0.0,1.0,0.0,0.0,0.0,0.0
dt_traffic_aware,dt,traffic_aware,development,0.875,1000,20.0,0.3,1.0,0.3,1.0,149.67955663245993,4.606911683654577,26.394571924224326,True,True,0.0,1.0,0.0,0.0,0.0,0.0
dt_traffic_aware,dt,traffic_aware,development,0.875,2000,5.0,0.3,1.0,0.3,1.0,617.327064565532,3.700471263652331,7.521567769232998,False,False,0.0,1.0,0.0,0.0,0.0,0.0
dt_traffic_aware,dt,traffic_aware,development,0.875,2000,10.0,0.3,1.0,0.3,1.0,617.327064565532,3.700471263652331,7.521567769232998,False,False,0.0,1.0,0.0,0.0,0.0,0.0
dt_traffic_aware,dt,traffic_aware,development,0.875,2000,20.0,0.3,1.0,0.3,1.0,617.327064565532,3.700471263652331,7.521567769232998,False,False,0.0,1.0,0.0,0.0,0.0,0.0
dt_traffic_aware,dt,traffic_aware,development,0.875,4000,5.0,0.5,1.0,0.5,1.0,2269.436685470486,3.5078213653602464,3.6759770544787087,False,False,0.0,0.0,1.0,0.0,0.0,0.0
dt_traffic_aware,dt,traffic_aware,development,0.875,4000,10.0,0.5,1.0,0.5,1.0,2269.436685470486,3.5078213653602464,3.6759770544787087,False,False,0.0,0.0,1.0,0.0,0.0,0.0
dt_traffic_aware,dt,traffic_aware,development,0.875,4000,20.0,0.5,1.0,0.5,1.0,2269.436685470486,3.5078213653602464,3.6759770544787087,False,False,0.0,0.0,1.0,0.0,0.0,0.0
dt_traffic_aware,dt,traffic_aware,development,0.875,8000,5.0,0.5,1.0,0.5,1.0,3598.1708743888103,2.3733408606334567,2.4129577666174007,False,False,0.0,0.0,1.0,0.0,0.0,0.0
dt_traffic_aware,dt,traffic_aware,development,0.875,8000,10.0,0.5,1.0,0.5,1.0,3598.1708743888103,2.3733408606334567,2.4129577666174007,False,False,0.0,0.0,1.0,0.0,0.0,0.0
dt_traffic_aware,dt,traffic_aware,development,0.875,8000,20.0,0.5,1.0,0.5,1.0,3598.1708743888103,2.3733408606334567,2.4129577666174007,False,False,0.0,0.0,1.0,0.0,0.0,0.0
dt_traffic_aware,dt,traffic_aware,development,0.875,16000,5.0,0.5,1.0,0.5,1.0,4109.0327242742205,1.165652626163669,1.2361274198070566,False,False,0.0,0.0,1.0,0.0,0.0,0.0
dt_traffic_aware,dt,traffic_aware,development,0.875,16000,10.0,0.5,1.0,0.5,1.0,4109.0327242742205,1.165652626163669,1.2361274198070566,False,False,0.0,0.0,1.0,0.0,0.0,0.0
dt_traffic_aware,dt,traffic_aware,development,0.875,16000,20.0,0.5,1.0,0.5,1.0,4109.0327242742205,1.165652626163669,1.2361274198070566,False,False,0.0,0.0,1.0,0.0,0.0,0.0
dt_traffic_aware,dt,traffic_aware,development,0.875,Full,5.0,0.5,1.0,0.5,1.0,4077.534279238411,1.9730523751104625,2.0516468182946697,False,False,0.0,0.0,1.0,0.0,0.0,0.0
dt_traffic_aware,dt,traffic_aware,development,0.875,Full,10.0,0.5,1.0,0.5,1.0,4077.534279238411,1.9730523751104625,2.0516468182946697,False,False,0.0,0.0,1.0,0.0,0.0,0.0
dt_traffic_aware,dt,traffic_aware,development,0.875,Full,20.0,0.5,1.0,0.5,1.0,4077.534279238411,1.9730523751104625,2.0516468182946697,False,False,0.0,0.0,1.0,0.0,0.0,0.0
dt_traffic_aware,dt,traffic_aware,development,1.0,500,5.0,0.0,1.0,0.0,1.0,0.0,0.0,52.02607109796882,True,True,1.0,0.0,0.0,0.0,0.0,0.0
dt_traffic_aware,dt,traffic_aware,development,1.0,500,10.0,0.0,1.0,0.0,1.0,0.0,0.0,52.02607109796882,True,True,1.0,0.0,0.0,0.0,0.0,0.0
dt_traffic_aware,dt,traffic_aware,development,1.0,500,20.0,0.0,1.0,0.0,1.0,0.0,0.0,52.02607109796882,True,True,1.0,0.0,0.0,0.0,0.0,0.0
dt_traffic_aware,dt,traffic_aware,development,1.0,1000,5.0,0.3,1.0,0.3,1.0,124.74046163532785,4.64293379567318,30.60745142657186,True,True,0.0,1.0,0.0,0.0,0.0,0.0
dt_traffic_aware,dt,traffic_aware,development,1.0,1000,10.0,0.3,1.0,0.3,1.0,124.74046163532785,4.64293379567318,30.60745142657186,True,True,0.0,1.0,0.0,0.0,0.0,0.0
dt_traffic_aware,dt,traffic_aware,development,1.0,1000,20.0,0.3,1.0,0.3,1.0,124.74046163532785,4.64293379567318,30.60745142657186,True,True,0.0,1.0,0.0,0.0,0.0,0.0
dt_traffic_aware,dt,traffic_aware,development,1.0,2000,5.0,0.3,1.0,0.3,1.0,538.7806026545531,4.2330433908741725,10.461413284792396,False,False,0.0,1.0,0.0,0.0,0.0,0.0
dt_traffic_aware,dt,traffic_aware,development,1.0,2000,10.0,0.3,1.0,0.3,1.0,538.7806026545531,4.2330433908741725,10.461413284792396,False,False,0.0,1.0,0.0,0.0,0.0,0.0
dt_traffic_aware,dt,traffic_aware,development,1.0,2000,20.0,0.3,1.0,0.3,1.0,538.7806026545531,4.2330433908741725,10.461413284792396,False,False,0.0,1.0,0.0,0.0,0.0,0.0
dt_traffic_aware,dt,traffic_aware,development,1.0,4000,5.0,0.5,1.0,0.5,1.0,2216.313721825063,4.313488780471461,4.862035833141101,False,False,0.0,0.0,1.0,0.0,0.0,0.0
dt_traffic_aware,dt,traffic_aware,development,1.0,4000,10.0,0.5,1.0,0.5,1.0,2216.313721825063,4.313488780471461,4.862035833141101,False,False,0.0,0.0,1.0,0.0,0.0,0.0
dt_traffic_aware,dt,traffic_aware,development,1.0,4000,20.0,0.5,1.0,0.5,1.0,2216.313721825063,4.313488780471461,4.862035833141101,False,False,0.0,0.0,1.0,0.0,0.0,0.0
dt_traffic_aware,dt,traffic_aware,development,1.0,8000,5.0,0.5,1.0,0.5,1.0,3859.056064816792,3.6050065446128507,3.6576039647906384,False,False,0.0,0.0,1.0,0.0,0.0,0.0
dt_traffic_aware,dt,traffic_aware,development,1.0,8000,10.0,0.5,1.0,0.5,1.0,3859.056064816792,3.6050065446128507,3.6576039647906384,False,False,0.0,0.0,1.0,0.0,0.0,0.0
dt_traffic_aware,dt,traffic_aware,development,1.0,8000,20.0,0.5,1.0,0.5,1.0,3859.056064816792,3.6050065446128507,3.6576039647906384,False,False,0.0,0.0,1.0,0.0,0.0,0.0
dt_traffic_aware,dt,traffic_aware,development,1.0,16000,5.0,0.5,1.0,0.5,1.0,4675.393660914724,1.4067827735836278,1.48589687515305,False,False,0.0,0.0,1.0,0.0,0.0,0.0
dt_traffic_aware,dt,traffic_aware,development,1.0,16000,10.0,0.5,1.0,0.5,1.0,4675.393660914724,1.4067827735836278,1.48589687515305,False,False,0.0,0.0,1.0,0.0,0.0,0.0
dt_traffic_aware,dt,traffic_aware,development,1.0,16000,20.0,0.5,1.0,0.5,1.0,4675.393660914724,1.4067827735836278,1.48589687515305,False,False,0.0,0.0,1.0,0.0,0.0,0.0
dt_traffic_aware,dt,traffic_aware,development,1.0,Full,5.0,0.5,1.0,0.5,1.0,4672.69805007676,2.2179703049397843,2.3052429868760034,False,False,0.0,0.0,1.0,0.0,0.0,0.0
dt_traffic_aware,dt,traffic_aware,development,1.0,Full,10.0,0.5,1.0,0.5,1.0,4672.69805007676,2.2179703049397843,2.3052429868760034,False,False,0.0,0.0,1.0,0.0,0.0,0.0
dt_traffic_aware,dt,traffic_aware,development,1.0,Full,20.0,0.5,1.0,0.5,1.0,4672.69805007676,2.2179703049397843,2.3052429868760034,False,False,0.0,0.0,1.0,0.0,0.0,0.0
dt_traffic_aware,dt,traffic_aware,development,1.125,500,5.0,0.0,1.0,0.0,1.0,0.0,0.0,55.954981800241406,True,True,1.0,0.0,0.0,0.0,0.0,0.0
dt_traffic_aware,dt,traffic_aware,development,1.125,500,10.0,0.0,1.0,0.0,1.0,0.0,0.0,55.954981800241406,True,True,1.0,0.0,0.0,0.0,0.0,0.0
dt_traffic_aware,dt,traffic_aware,development,1.125,500,20.0,0.0,1.0,0.0,1.0,0.0,0.0,55.954981800241406,True,True,1.0,0.0,0.0,0.0,0.0,0.0
dt_traffic_aware,dt,traffic_aware,development,1.125,1000,5.0,0.3,1.0,0.3,1.0,102.38234499444025,4.431775990187514,34.745498158167344,True,True,0.0,1.0,0.0,0.0,0.0,0.0
dt_traffic_aware,dt,traffic_aware,development,1.125,1000,10.0,0.3,1.0,0.3,1.0,102.38234499444025,4.431775990187514,34.745498158167344,True,True,0.0,1.0,0.0,0.0,0.0,0.0
dt_traffic_aware,dt,traffic_aware,development,1.125,1000,20.0,0.3,1.0,0.3,1.0,102.38234499444025,4.431775990187514,34.745498158167344,True,True,0.0,1.0,0.0,0.0,0.0,0.0
dt_traffic_aware,dt,traffic_aware,development,1.125,2000,5.0,0.3,1.0,0.3,1.0,509.0728320823491,4.556093765384798,13.357759910473836,False,False,0.0,1.0,0.0,0.0,0.0,0.0
dt_traffic_aware,dt,traffic_aware,development,1.125,2000,10.0,0.3,1.0,0.3,1.0,509.0728320823491,4.556093765384798,13.357759910473836,False,False,0.0,1.0,0.0,0.0,0.0,0.0
dt_traffic_aware,dt,traffic_aware,development,1.125,2000,20.0,0.3,1.0,0.3,1.0,509.0728320823491,4.556093765384798,13.357759910473836,False,False,0.0,1.0,0.0,0.0,0.0,0.0
dt_traffic_aware,dt,traffic_aware,development,1.125,4000,5.0,0.5,1.0,0.5,1.0,2167.693981903485,4.739272881244582,5.957763091237268,False,False,0.0,0.0,1.0,0.0,0.0,0.0
dt_traffic_aware,dt,traffic_aware,development,1.125,4000,10.0,0.5,1.0,0.5,1.0,2167.693981903485,4.739272881244582,5.957763091237268,False,False,0.0,0.0,1.0,0.0,0.0,0.0
dt_traffic_aware,dt,traffic_aware,development,1.125,4000,20.0,0.5,1.0,0.5,1.0,2167.693981903485,4.739272881244582,5.957763091237268,False,False,0.0,0.0,1.0,0.0,0.0,0.0
dt_traffic_aware,dt,traffic_aware,development,1.125,8000,5.0,0.5,1.0,0.5,1.0,4062.870839964091,4.041589763293641,4.1018706531987235,False,False,0.0,0.0,1.0,0.0,0.0,0.0
dt_traffic_aware,dt,traffic_aware,development,1.125,8000,10.0,0.5,1.0,0.5,1.0,4062.870839964091,4.041589763293641,4.1018706531987235,False,False,0.0,0.0,1.0,0.0,0.0,0.0
dt_traffic_aware,dt,traffic_aware,development,1.125,8000,20.0,0.5,1.0,0.5,1.0,4062.870839964091,4.041589763293641,4.1018706531987235,False,False,0.0,0.0,1.0,0.0,0.0,0.0
dt_traffic_aware,dt,traffic_aware,development,1.125,16000,5.0,0.5,1.0,0.5,1.0,5207.998649310748,1.7172806212261456,1.8080771943713614,False,False,0.0,0.0,1.0,0.0,0.0,0.0
dt_traffic_aware,dt,traffic_aware,development,1.125,16000,10.0,0.5,1.0,0.5,1.0,5207.998649310748,1.7172806212261456,1.8080771943713614,False,False,0.0,0.0,1.0,0.0,0.0,0.0
dt_traffic_aware,dt,traffic_aware,development,1.125,16000,20.0,0.5,1.0,0.5,1.0,5207.998649310748,1.7172806212261456,1.8080771943713614,False,False,0.0,0.0,1.0,0.0,0.0,0.0
dt_traffic_aware,dt,traffic_aware,development,1.125,Full,5.0,0.5,1.0,0.5,1.0,5267.675524111399,2.587134941360913,2.660675440588401,False,False,0.0,0.0,1.0,0.0,0.0,0.0
dt_traffic_aware,dt,traffic_aware,development,1.125,Full,10.0,0.5,1.0,0.5,1.0,5267.675524111399,2.587134941360913,2.660675440588401,False,False,0.0,0.0,1.0,0.0,0.0,0.0
dt_traffic_aware,dt,traffic_aware,development,1.125,Full,20.0,0.5,1.0,0.5,1.0,5267.675524111399,2.587134941360913,2.660675440588401,False,False,0.0,0.0,1.0,0.0,0.0,0.0
dt_traffic_aware,dt,traffic_aware,development,1.25,500,5.0,0.0,1.0,0.0,1.0,0.0,0.0,59.36318889432076,True,True,1.0,0.0,0.0,0.0,0.0,0.0
dt_traffic_aware,dt,traffic_aware,development,1.25,500,10.0,0.0,1.0,0.0,1.0,0.0,0.0,59.36318889432076,True,True,1.0,0.0,0.0,0.0,0.0,0.0
dt_traffic_aware,dt,traffic_aware,development,1.25,500,20.0,0.0,1.0,0.0,1.0,0.0,0.0,59.36318889432076,True,True,1.0,0.0,0.0,0.0,0.0,0.0
dt_traffic_aware,dt,traffic_aware,development,1.25,1000,5.0,0.3,1.0,0.3,1.0,82.79929371584785,4.035097808245624,38.69753900546629,True,True,0.0,1.0,0.0,0.0,0.0,0.0
dt_traffic_aware,dt,traffic_aware,development,1.25,1000,10.0,0.3,1.0,0.3,1.0,82.79929371584785,4.035097808245624,38.69753900546629,True,True,0.0,1.0,0.0,0.0,0.0,0.0
dt_traffic_aware,dt,traffic_aware,development,1.25,1000,20.0,0.3,1.0,0.3,1.0,82.79929371584785,4.035097808245624,38.69753900546629,True,True,0.0,1.0,0.0,0.0,0.0,0.0
dt_traffic_aware,dt,traffic_aware,development,1.25,2000,5.0,0.3,1.0,0.3,1.0,441.40980956326166,4.793151304014726,16.201740020697592,False,True,0.0,1.0,0.0,0.0,0.0,0.0
dt_traffic_aware,dt,traffic_aware,development,1.25,2000,10.0,0.3,1.0,0.3,1.0,441.40980956326166,4.793151304014726,16.201740020697592,False,True,0.0,1.0,0.0,0.0,0.0,0.0
dt_traffic_aware,dt,traffic_aware,development,1.25,2000,20.0,0.3,1.0,0.3,1.0,441.40980956326166,4.793151304014726,16.201740020697592,False,True,0.0,1.0,0.0,0.0,0.0,0.0
dt_traffic_aware,dt,traffic_aware,development,1.25,4000,5.0,0.3,1.0,0.3,1.0,1688.0560928239101,1.8604753756401677,3.5364223569040565,False,False,0.0,1.0,0.0,0.0,0.0,0.0
dt_traffic_aware,dt,traffic_aware,development,1.25,4000,10.0,0.5,1.0,0.5,1.0,2088.252214815304,5.221040362621988,6.896987343885876,False,False,0.0,0.0,1.0,0.0,0.0,0.0
dt_traffic_aware,dt,traffic_aware,development,1.25,4000,20.0,0.5,1.0,0.5,1.0,2088.252214815304,5.221040362621988,6.896987343885876,False,False,0.0,0.0,1.0,0.0,0.0,0.0
dt_traffic_aware,dt,traffic_aware,development,1.25,8000,5.0,0.5,1.0,0.5,1.0,4229.290807107525,4.04438805315725,4.195559236769712,False,False,0.0,0.0,1.0,0.0,0.0,0.0
dt_traffic_aware,dt,traffic_aware,development,1.25,8000,10.0,0.5,1.0,0.5,1.0,4229.290807107525,4.04438805315725,4.195559236769712,False,False,0.0,0.0,1.0,0.0,0.0,0.0
dt_traffic_aware,dt,traffic_aware,development,1.25,8000,20.0,0.5,1.0,0.5,1.0,4229.290807107525,4.04438805315725,4.195559236769712,False,False,0.0,0.0,1.0,0.0,0.0,0.0
dt_traffic_aware,dt,traffic_aware,development,1.25,16000,5.0,0.5,1.0,0.5,1.0,5548.929235496942,2.1122288446314035,2.2086518618075885,False,False,0.0,0.0,1.0,0.0,0.0,0.0
dt_traffic_aware,dt,traffic_aware,development,1.25,16000,10.0,0.5,1.0,0.5,1.0,5548.929235496942,2.1122288446314035,2.2086518618075885,False,False,0.0,0.0,1.0,0.0,0.0,0.0
dt_traffic_aware,dt,traffic_aware,development,1.25,16000,20.0,0.5,1.0,0.5,1.0,5548.929235496942,2.1122288446314035,2.2086518618075885,False,False,0.0,0.0,1.0,0.0,0.0,0.0
dt_traffic_aware,dt,traffic_aware,development,1.25,Full,5.0,0.5,1.0,0.5,1.0,5493.128851448655,2.985163580706393,3.063918644335629,False,False,0.0,0.0,1.0,0.0,0.0,0.0
dt_traffic_aware,dt,traffic_aware,development,1.25,Full,10.0,0.5,1.0,0.5,1.0,5493.128851448655,2.985163580706393,3.063918644335629,False,False,0.0,0.0,1.0,0.0,0.0,0.0
dt_traffic_aware,dt,traffic_aware,development,1.25,Full,20.0,0.5,1.0,0.5,1.0,5493.128851448655,2.985163580706393,3.063918644335629,False,False,0.0,0.0,1.0,0.0,0.0,0.0
dt_traffic_aware,dt,traffic_aware,development,1.375,500,5.0,0.0,1.0,0.0,1.0,0.0,0.0,62.276045554638706,True,True,1.0,0.0,0.0,0.0,0.0,0.0
dt_traffic_aware,dt,traffic_aware,development,1.375,500,10.0,0.0,1.0,0.0,1.0,0.0,0.0,62.276045554638706,True,True,1.0,0.0,0.0,0.0,0.0,0.0
dt_traffic_aware,dt,traffic_aware,development,1.375,500,20.0,0.0,1.0,0.0,1.0,0.0,0.0,62.276045554638706,True,True,1.0,0.0,0.0,0.0,0.0,0.0
dt_traffic_aware,dt,traffic_aware,development,1.375,1000,5.0,0.3,1.0,0.3,1.0,45.94432746958137,3.80840637202661,42.09273188206597,True,True,0.0,1.0,0.0,0.0,0.0,0.0
dt_traffic_aware,dt,traffic_aware,development,1.375,1000,10.0,0.3,1.0,0.3,1.0,45.94432746958137,3.80840637202661,42.09273188206597,True,True,0.0,1.0,0.0,0.0,0.0,0.0
dt_traffic_aware,dt,traffic_aware,development,1.375,1000,20.0,0.3,1.0,0.3,1.0,45.94432746958137,3.80840637202661,42.09273188206597,True,True,0.0,1.0,0.0,0.0,0.0,0.0
dt_traffic_aware,dt,traffic_aware,development,1.375,2000,5.0,0.3,1.0,0.3,1.0,407.5170814935391,4.418925730016991,18.331240272043186,False,True,0.0,1.0,0.0,0.0,0.0,0.0
dt_traffic_aware,dt,traffic_aware,development,1.375,2000,10.0,0.3,1.0,0.3,1.0,407.5170814935391,4.418925730016991,18.331240272043186,False,True,0.0,1.0,0.0,0.0,0.0,0.0
dt_traffic_aware,dt,traffic_aware,development,1.375,2000,20.0,0.3,1.0,0.3,1.0,407.5170814935391,4.418925730016991,18.331240272043186,False,True,0.0,1.0,0.0,0.0,0.0,0.0
dt_traffic_aware,dt,traffic_aware,development,1.375,4000,5.0,0.3,1.0,0.3,1.0,1635.9213601453685,2.2457246461973055,4.050887377502106,False,False,0.0,1.0,0.0,0.0,0.0,0.0
dt_traffic_aware,dt,traffic_aware,development,1.375,4000,10.0,0.5,1.0,0.5,1.0,2042.8893306668633,5.819626760379523,7.624789491684324,False,False,0.0,0.0,1.0,0.0,0.0,0.0
dt_traffic_aware,dt,traffic_aware,development,1.375,4000,20.0,0.5,1.0,0.5,1.0,2042.8893306668633,5.819626760379523,7.624789491684324,False,False,0.0,0.0,1.0,0.0,0.0,0.0
dt_traffic_aware,dt,traffic_aware,development,1.375,8000,5.0,0.5,1.0,0.5,1.0,4261.091467534607,4.396326998654231,4.582657217488479,False,False,0.0,0.0,1.0,0.0,0.0,0.0
dt_traffic_aware,dt,traffic_aware,development,1.375,8000,10.0,0.5,1.0,0.5,1.0,4261.091467534607,4.396326998654231,4.582657217488479,False,False,0.0,0.0,1.0,0.0,0.0,0.0
dt_traffic_aware,dt,traffic_aware,development,1.375,8000,20.0,0.5,1.0,0.5,1.0,4261.091467534607,4.396326998654231,4.582657217488479,False,False,0.0,0.0,1.0,0.0,0.0,0.0
dt_traffic_aware,dt,traffic_aware,development,1.375,16000,5.0,0.5,1.0,0.5,1.0,5764.702146508102,2.6241974601231592,2.7182903899318127,False,False,0.0,0.0,1.0,0.0,0.0,0.0
dt_traffic_aware,dt,traffic_aware,development,1.375,16000,10.0,0.5,1.0,0.5,1.0,5764.702146508102,2.6241974601231592,2.7182903899318127,False,False,0.0,0.0,1.0,0.0,0.0,0.0
dt_traffic_aware,dt,traffic_aware,development,1.375,16000,20.0,0.5,1.0,0.5,1.0,5764.702146508102,2.6241974601231592,2.7182903899318127,False,False,0.0,0.0,1.0,0.0,0.0,0.0
dt_traffic_aware,dt,traffic_aware,development,1.375,Full,5.0,0.5,1.0,0.5,1.0,5694.893281377514,3.1421008161001023,3.2208541475411714,False,False,0.0,0.0,1.0,0.0,0.0,0.0
dt_traffic_aware,dt,traffic_aware,development,1.375,Full,10.0,0.5,1.0,0.5,1.0,5694.893281377514,3.1421008161001023,3.2208541475411714,False,False,0.0,0.0,1.0,0.0,0.0,0.0
dt_traffic_aware,dt,traffic_aware,development,1.375,Full,20.0,0.5,1.0,0.5,1.0,5694.893281377514,3.1421008161001023,3.2208541475411714,False,False,0.0,0.0,1.0,0.0,0.0,0.0
dt_traffic_aware,dt,traffic_aware,development,1.5,500,5.0,0.0,1.0,0.0,1.0,0.0,0.0,64.76193444213321,True,True,1.0,0.0,0.0,0.0,0.0,0.0
dt_traffic_aware,dt,traffic_aware,development,1.5,500,10.0,0.0,1.0,0.0,1.0,0.0,0.0,64.76193444213321,True,True,1.0,0.0,0.0,0.0,0.0,0.0
dt_traffic_aware,dt,traffic_aware,development,1.5,500,20.0,0.0,1.0,0.0,1.0,0.0,0.0,64.76193444213321,True,True,1.0,0.0,0.0,0.0,0.0,0.0
dt_traffic_aware,dt,traffic_aware,development,1.5,1000,5.0,0.3,1.0,0.3,1.0,13.839979997233968,3.8324700437788124,45.417194911635136,True,True,0.0,1.0,0.0,0.0,0.0,0.0
dt_traffic_aware,dt,traffic_aware,development,1.5,1000,10.0,0.3,1.0,0.3,1.0,13.839979997233968,3.8324700437788124,45.417194911635136,True,True,0.0,1.0,0.0,0.0,0.0,0.0
dt_traffic_aware,dt,traffic_aware,development,1.5,1000,20.0,0.3,1.0,0.3,1.0,13.839979997233968,3.8324700437788124,45.417194911635136,True,True,0.0,1.0,0.0,0.0,0.0,0.0
dt_traffic_aware,dt,traffic_aware,development,1.5,2000,5.0,0.3,1.0,0.3,1.0,401.69936465748833,4.094712099489893,20.63043498224989,False,True,0.0,1.0,0.0,0.0,0.0,0.0
dt_traffic_aware,dt,traffic_aware,development,1.5,2000,10.0,0.3,1.0,0.3,1.0,401.69936465748833,4.094712099489893,20.63043498224989,False,True,0.0,1.0,0.0,0.0,0.0,0.0
dt_traffic_aware,dt,traffic_aware,development,1.5,2000,20.0,0.3,1.0,0.3,1.0,401.69936465748833,4.094712099489893,20.63043498224989,False,True,0.0,1.0,0.0,0.0,0.0,0.0
dt_traffic_aware,dt,traffic_aware,development,1.5,4000,5.0,0.3,1.0,0.3,1.0,1557.3499152482236,2.154033927280849,5.0216260066825775,False,False,0.0,1.0,0.0,0.0,0.0,0.0
dt_traffic_aware,dt,traffic_aware,development,1.5,4000,10.0,0.5,1.0,0.5,1.0,1949.2638445754983,6.306612971628761,9.174205051030489,False,False,0.0,0.0,1.0,0.0,0.0,0.0
dt_traffic_aware,dt,traffic_aware,development,1.5,4000,20.0,0.5,1.0,0.5,1.0,1949.2638445754983,6.306612971628761,9.174205051030489,False,False,0.0,0.0,1.0,0.0,0.0,0.0
dt_traffic_aware,dt,traffic_aware,development,1.5,8000,5.0,0.5,1.0,0.5,1.0,4252.505584608807,4.548392213655282,4.742821303632966,False,False,0.0,0.0,1.0,0.0,0.0,0.0
dt_traffic_aware,dt,traffic_aware,development,1.5,8000,10.0,0.5,1.0,0.5,1.0,4252.505584608807,4.548392213655282,4.742821303632966,False,False,0.0,0.0,1.0,0.0,0.0,0.0
dt_traffic_aware,dt,traffic_aware,development,1.5,8000,20.0,0.5,1.0,0.5,1.0,4252.505584608807,4.548392213655282,4.742821303632966,False,False,0.0,0.0,1.0,0.0,0.0,0.0
dt_traffic_aware,dt,traffic_aware,development,1.5,16000,5.0,0.5,1.0,0.5,1.0,5888.184843430587,3.2490480320368036,3.360156973742143,False,False,0.0,0.0,1.0,0.0,0.0,0.0
dt_traffic_aware,dt,traffic_aware,development,1.5,16000,10.0,0.5,1.0,0.5,1.0,5888.184843430587,3.2490480320368036,3.360156973742143,False,False,0.0,0.0,1.0,0.0,0.0,0.0
dt_traffic_aware,dt,traffic_aware,development,1.5,16000,20.0,0.5,1.0,0.5,1.0,5888.184843430587,3.2490480320368036,3.360156973742143,False,False,0.0,0.0,1.0,0.0,0.0,0.0
dt_traffic_aware,dt,traffic_aware,development,1.5,Full,5.0,0.5,1.0,0.5,1.0,5837.816652591824,3.374741726081178,3.456893620806659,False,False,0.0,0.0,1.0,0.0,0.0,0.0
dt_traffic_aware,dt,traffic_aware,development,1.5,Full,10.0,0.5,1.0,0.5,1.0,5837.816652591824,3.374741726081178,3.456893620806659,False,False,0.0,0.0,1.0,0.0,0.0,0.0
dt_traffic_aware,dt,traffic_aware,development,1.5,Full,20.0,0.5,1.0,0.5,1.0,5837.816652591824,3.374741726081178,3.456893620806659,False,False,0.0,0.0,1.0,0.0,0.0,0.0
dt_pid,dt,pid,development,0.5,500,5.0,0.0,1.0,0.0,1.0,0.0,0.0,45.08143215207608,True,True,1.0,0.0,0.0,0.0,0.0,0.0
dt_pid,dt,pid,development,0.5,500,10.0,0.0,1.0,0.0,1.0,0.0,0.0,45.08143215207608,True,True,1.0,0.0,0.0,0.0,0.0,0.0
dt_pid,dt,pid,development,0.5,500,20.0,0.0,1.0,0.0,1.0,0.0,0.0,45.08143215207608,True,True,1.0,0.0,0.0,0.0,0.0,0.0
dt_pid,dt,pid,development,0.5,1000,5.0,0.0,1.0,0.0,1.0,0.0,0.0,23.36867710636655,True,True,1.0,0.0,0.0,0.0,0.0,0.0
dt_pid,dt,pid,development,0.5,1000,10.0,0.0,1.0,0.0,1.0,0.0,0.0,23.36867710636655,True,True,1.0,0.0,0.0,0.0,0.0,0.0
dt_pid,dt,pid,development,0.5,1000,20.0,0.0,1.0,0.0,1.0,0.0,0.0,23.36867710636655,True,True,1.0,0.0,0.0,0.0,0.0,0.0
dt_pid,dt,pid,development,0.5,2000,5.0,0.0,1.0,0.0,1.0,0.0,0.0,8.539442393604324,False,False,1.0,0.0,0.0,0.0,0.0,0.0
dt_pid,dt,pid,development,0.5,2000,10.0,0.3,1.0,0.3,1.0,89.93155076704716,5.216564273147826,13.75600666675215,False,False,0.0,1.0,0.0,0.0,0.0,0.0
dt_pid,dt,pid,development,0.5,2000,20.0,0.3,1.0,0.3,1.0,89.93155076704716,5.216564273147826,13.75600666675215,False,False,0.0,1.0,0.0,0.0,0.0,0.0
dt_pid,dt,pid,development,0.5,4000,5.0,0.3,1.0,0.3,1.0,102.5220409444646,3.574340859497028,6.987148101416178,False,False,0.0,1.0,0.0,0.0,0.0,0.0
dt_pid,dt,pid,development,0.5,4000,10.0,0.3,1.0,0.3,1.0,102.5220409444646,3.574340859497028,6.987148101416178,False,False,0.0,1.0,0.0,0.0,0.0,0.0
dt_pid,dt,pid,development,0.5,4000,20.0,0.8,1.0,0.8,1.0,266.3381837661,13.451483116898185,16.864290358817335,False,False,0.0,0.0,0.0,1.0,0.0,0.0
dt_pid,dt,pid,development,0.5,8000,5.0,0.0,0.9585,0.0,0.9585,0.0,0.0,3.210018110867278,False,False,0.9585,0.0415,0.0,0.0,0.0,0.0
dt_pid,dt,pid,development,0.5,8000,10.0,0.5,1.0,0.5,1.0,112.39239427667599,6.422456295423263,9.632474406290541,False,False,0.0,0.0,1.0,0.0,0.0,0.0
dt_pid,dt,pid,development,0.5,8000,20.0,0.8,1.0,0.8,1.0,394.3115026537198,13.21360421255606,16.423622323423338,False,False,0.0,0.0,0.0,1.0,0.0,0.0
dt_pid,dt,pid,development,0.5,16000,5.0,0.0,1.0,0.0,1.0,0.0,0.0,2.8566933045662686,False,False,1.0,0.0,0.0,0.0,0.0,0.0
dt_pid,dt,pid,development,0.5,16000,10.0,0.0,1.0,0.0,1.0,0.0,0.0,2.8566933045662686,False,False,1.0,0.0,0.0,0.0,0.0,0.0
dt_pid,dt,pid,development,0.5,16000,20.0,0.8,1.0,0.8,1.0,656.8256705399599,11.969558547569918,14.826251852136187,False,False,0.0,0.0,0.0,1.0,0.0,0.0
dt_pid,dt,pid,development,0.5,Full,5.0,0.0,1.0,0.0,1.0,0.0,0.0,2.6404124315923303,False,False,1.0,0.0,0.0,0.0,0.0,0.0
dt_pid,dt,pid,development,0.5,Full,10.0,0.0,0.998,0.0,0.998,0.0,0.0,2.6404124315923303,False,False,0.998,0.0,0.0,0.002,0.0,0.0
dt_pid,dt,pid,development,0.5,Full,20.0,0.8,1.0,0.8,1.0,755.4515300652283,10.734205643194304,13.374618074786635,False,False,0.0,0.0,0.0,1.0,0.0,0.0
dt_pid,dt,pid,development,0.625,500,5.0,0.0,1.0,0.0,1.0,0.0,0.0,52.28843473881758,True,True,1.0,0.0,0.0,0.0,0.0,0.0
dt_pid,dt,pid,development,0.625,500,10.0,0.0,1.0,0.0,1.0,0.0,0.0,52.28843473881758,True,True,1.0,0.0,0.0,0.0,0.0,0.0
dt_pid,dt,pid,development,0.625,500,20.0,0.0,1.0,0.0,1.0,0.0,0.0,52.28843473881758,True,True,1.0,0.0,0.0,0.0,0.0,0.0
dt_pid,dt,pid,development,0.625,1000,5.0,0.0,1.0,0.0,1.0,0.0,0.0,29.883886932877953,True,True,1.0,0.0,0.0,0.0,0.0,0.0
dt_pid,dt,pid,development,0.625,1000,10.0,0.0,1.0,0.0,1.0,0.0,0.0,29.883886932877953,True,True,1.0,0.0,0.0,0.0,0.0,0.0
dt_pid,dt,pid,development,0.625,1000,20.0,0.0,1.0,0.0,1.0,0.0,0.0,29.883886932877953,True,True,1.0,0.0,0.0,0.0,0.0,0.0
dt_pid,dt,pid,development,0.625,2000,5.0,0.0,1.0,0.0,1.0,0.0,0.0,11.579369748775951,False,True,1.0,0.0,0.0,0.0,0.0,0.0
dt_pid,dt,pid,development,0.625,2000,10.0,0.0,1.0,0.0,1.0,0.0,0.0,11.579369748775951,False,True,1.0,0.0,0.0,0.0,0.0,0.0
dt_pid,dt,pid,development,0.625,2000,20.0,0.0,1.0,0.0,1.0,0.0,0.0,11.579369748775951,False,True,1.0,0.0,0.0,0.0,0.0,0.0
dt_pid,dt,pid,development,0.625,4000,5.0,0.3,1.0,0.3,1.0,83.68199452202316,4.073115887767117,8.913917320021591,False,False,0.0,1.0,0.0,0.0,0.0,0.0
dt_pid,dt,pid,development,0.625,4000,10.0,0.3,1.0,0.3,1.0,83.68199452202316,4.073115887767117,8.913917320021591,False,False,0.0,1.0,0.0,0.0,0.0,0.0
dt_pid,dt,pid,development,0.625,4000,20.0,0.8,1.0,0.8,1.0,190.2375318366412,14.43369460114959,19.274496033404063,False,False,0.0,0.0,0.0,1.0,0.0,0.0
dt_pid,dt,pid,development,0.625,8000,5.0,0.3,1.0,0.3,1.0,185.33364052989964,2.064004767396305,5.447800066704254,False,False,0.0,1.0,0.0,0.0,0.0,0.0
dt_pid,dt,pid,development,0.625,8000,10.0,0.3,0.8685,0.3,0.8685,185.33364052989964,2.064004767396305,5.447800066704254,False,False,0.0,0.8685,0.1315,0.0,0.0,0.0
dt_pid,dt,pid,development,0.625,8000,20.0,0.8,1.0,0.8,1.0,546.6555451745317,13.865866803793242,17.24966210310119,False,False,0.0,0.0,0.0,1.0,0.0,0.0
dt_pid,dt,pid,development,0.625,16000,5.0,0.3,1.0,0.3,1.0,117.2271340373718,0.8628290586140248,3.906806067162341,False,False,0.0,1.0,0.0,0.0,0.0,0.0
dt_pid,dt,pid,development,0.625,16000,10.0,0.3,1.0,0.3,1.0,117.2271340373718,0.8628290586140248,3.906806067162341,False,False,0.0,1.0,0.0,0.0,0.0,0.0
dt_pid,dt,pid,development,0.625,16000,20.0,0.8,1.0,0.8,1.0,1007.6657689561416,12.97182978827332,16.015806796821636,False,False,0.0,0.0,0.0,1.0,0.0,0.0
dt_pid,dt,pid,development,0.625,Full,5.0,0.3,1.0,0.3,1.0,112.028956623888,0.21946045090677613,3.107917316033897,False,False,0.0,1.0,0.0,0.0,0.0,0.0
dt_pid,dt,pid,development,0.625,Full,10.0,0.3,1.0,0.3,1.0,112.028956623888,0.21946045090677613,3.107917316033897,False,False,0.0,1.0,0.0,0.0,0.0,0.0
dt_pid,dt,pid,development,0.625,Full,20.0,0.8,1.0,0.8,1.0,1360.6041780887954,10.75472920627379,13.643186071400912,False,False,0.0,0.0,0.0,1.0,0.0,0.0
dt_pid,dt,pid,development,0.75,500,5.0,0.0,1.0,0.0,1.0,0.0,0.0,57.78758740375219,True,True,1.0,0.0,0.0,0.0,0.0,0.0
dt_pid,dt,pid,development,0.75,500,10.0,0.0,1.0,0.0,1.0,0.0,0.0,57.78758740375219,True,True,1.0,0.0,0.0,0.0,0.0,0.0
dt_pid,dt,pid,development,0.75,500,20.0,0.0,1.0,0.0,1.0,0.0,0.0,57.78758740375219,True,True,1.0,0.0,0.0,0.0,0.0,0.0
dt_pid,dt,pid,development,0.75,1000,5.0,0.0,1.0,0.0,1.0,0.0,0.0,35.65570228204128,True,True,1.0,0.0,0.0,0.0,0.0,0.0
dt_pid,dt,pid,development,0.75,1000,10.0,0.0,1.0,0.0,1.0,0.0,0.0,35.65570228204128,True,True,1.0,0.0,0.0,0.0,0.0,0.0
dt_pid,dt,pid,development,0.75,1000,20.0,0.0,1.0,0.0,1.0,0.0,0.0,35.65570228204128,True,True,1.0,0.0,0.0,0.0,0.0,0.0
dt_pid,dt,pid,development,0.75,2000,5.0,0.0,1.0,0.0,1.0,0.0,0.0,15.637012718423655,False,True,1.0,0.0,0.0,0.0,0.0,0.0
dt_pid,dt,pid,development,0.75,2000,10.0,0.0,1.0,0.0,1.0,0.0,0.0,15.637012718423655,False,True,1.0,0.0,0.0,0.0,0.0,0.0
dt_pid,dt,pid,development,0.75,2000,20.0,0.0,1.0,0.0,1.0,0.0,0.0,15.637012718423655,False,True,1.0,0.0,0.0,0.0,0.0,0.0
dt_pid,dt,pid,development,0.75,4000,5.0,0.3,1.0,0.3,1.0,164.93880322205587,4.054768514555447,10.58541861187937,False,False,0.0,1.0,0.0,0.0,0.0,0.0
dt_pid,dt,pid,development,0.75,4000,10.0,0.3,1.0,0.3,1.0,164.93880322205587,4.054768514555447,10.58541861187937,False,False,0.0,1.0,0.0,0.0,0.0,0.0
dt_pid,dt,pid,development,0.75,4000,20.0,0.3,1.0,0.3,1.0,164.93880322205587,4.054768514555447,10.58541861187937,False,False,0.0,1.0,0.0,0.0,0.0,0.0
dt_pid,dt,pid,development,0.75,8000,5.0,0.3,1.0,0.3,1.0,203.0737026691022,2.7192645764473826,6.228809710443645,False,False,0.0,1.0,0.0,0.0,0.0,0.0
dt_pid,dt,pid,development,0.75,8000,10.0,0.3,1.0,0.3,1.0,203.0737026691022,2.7192645764473826,6.228809710443645,False,False,0.0,1.0,0.0,0.0,0.0,0.0
dt_pid,dt,pid,development,0.75,8000,20.0,0.8,1.0,0.8,1.0,587.5110427522577,14.207657224298845,17.717202358295108,False,False,0.0,0.0,0.0,1.0,0.0,0.0
dt_pid,dt,pid,development,0.75,16000,5.0,0.0,0.951,0.0,0.951,0.0,0.0,4.14101120250896,False,False,0.951,0.049,0.0,0.0,0.0,0.0
dt_pid,dt,pid,development,0.75,16000,10.0,0.0,0.951,0.0,0.951,0.0,0.0,4.14101120250896,False,False,0.951,0.049,0.0,0.0,0.0,0.0
dt_pid,dt,pid,development,0.75,16000,20.0,0.8,1.0,0.8,1.0,1102.0413187193535,12.774298402218847,16.915309604727806,False,False,0.0,0.0,0.0,1.0,0.0,0.0
dt_pid,dt,pid,development,0.75,Full,5.0,0.0,0.7355,0.0,0.7355,0.0,0.0,3.448515101492754,False,False,0.7355,0.2645,0.0,0.0,0.0,0.0
dt_pid,dt,pid,development,0.75,Full,10.0,0.0,0.7355,0.0,0.7355,0.0,0.0,3.448515101492754,False,False,0.7355,0.2645,0.0,0.0,0.0,0.0
dt_pid,dt,pid,development,0.75,Full,20.0,0.8,1.0,0.8,1.0,1330.1066565049077,11.809564778629174,15.258079880121928,False,False,0.0,0.0,0.0,1.0,0.0,0.0
dt_pid,dt,pid,development,0.875,500,5.0,0.0,1.0,0.0,1.0,0.0,0.0,62.070838725139815,True,True,1.0,0.0,0.0,0.0,0.0,0.0
dt_pid,dt,pid,development,0.875,500,10.0,0.0,1.0,0.0,1.0,0.0,0.0,62.070838725139815,True,True,1.0,0.0,0.0,0.0,0.0,0.0
dt_pid,dt,pid,development,0.875,500,20.0,0.0,1.0,0.0,1.0,0.0,0.0,62.070838725139815,True,True,1.0,0.0,0.0,0.0,0.0,0.0
dt_pid,dt,pid,development,0.875,1000,5.0,0.0,1.0,0.0,1.0,0.0,0.0,40.64490418852911,True,True,1.0,0.0,0.0,0.0,0.0,0.0
dt_pid,dt,pid,development,0.875,1000,10.0,0.0,1.0,0.0,1.0,0.0,0.0,40.64490418852911,True,True,1.0,0.0,0.0,0.0,0.0,0.0
dt_pid,dt,pid,development,0.875,1000,20.0,0.0,1.0,0.0,1.0,0.0,0.0,40.64490418852911,True,True,1.0,0.0,0.0,0.0,0.0,0.0
dt_pid,dt,pid,development,0.875,2000,5.0,0.0,1.0,0.0,1.0,0.0,0.0,19.769242867302562,False,True,1.0,0.0,0.0,0.0,0.0,0.0
dt_pid,dt,pid,development,0.875,2000,10.0,0.0,1.0,0.0,1.0,0.0,0.0,19.769242867302562,False,True,1.0,0.0,0.0,0.0,0.0,0.0
dt_pid,dt,pid,development,0.875,2000,20.0,0.0,1.0,0.0,1.0,0.0,0.0,19.769242867302562,False,True,1.0,0.0,0.0,0.0,0.0,0.0
dt_pid,dt,pid,development,0.875,4000,5.0,0.3,0.9995,0.3,0.9995,176.02272835876101,4.911611387934784,12.141110971900389,False,False,0.0005,0.9995,0.0,0.0,0.0,0.0
dt_pid,dt,pid,development,0.875,4000,10.0,0.3,1.0,0.3,1.0,176.02272835876101,4.911611387934784,12.141110971900389,False,False,0.0,1.0,0.0,0.0,0.0,0.0
dt_pid,dt,pid,development,0.875,4000,20.0,0.3,1.0,0.3,1.0,176.02272835876101,4.911611387934784,12.141110971900389,False,False,0.0,1.0,0.0,0.0,0.0,0.0
dt_pid,dt,pid,development,0.875,8000,5.0,0.3,0.6225,0.3,0.6225,4.068928931668779,3.8776572306877313,7.5550690338773485,False,False,0.3775,0.6225,0.0,0.0,0.0,0.0
dt_pid,dt,pid,development,0.875,8000,10.0,0.3,0.5185,0.3,0.5185,4.068928931668779,3.8776572306877313,7.5550690338773485,False,False,0.2835,0.5185,0.198,0.0,0.0,0.0
dt_pid,dt,pid,development,0.875,8000,20.0,0.8,1.0,0.8,1.0,500.0135763774706,14.72322435504978,18.400636158239397,False,False,0.0,0.0,0.0,1.0,0.0,0.0
dt_pid,dt,pid,development,0.875,16000,5.0,0.3,0.68,0.3,0.68,3.4998542504436045,1.3244304276365888,6.022519598311853,False,False,0.32,0.68,0.0,0.0,0.0,0.0
dt_pid,dt,pid,development,0.875,16000,10.0,0.3,0.524,0.3,0.524,3.4998542504436045,1.3244304276365888,6.022519598311853,False,False,0.2305,0.524,0.2455,0.0,0.0,0.0
dt_pid,dt,pid,development,0.875,16000,20.0,0.8,1.0,0.8,1.0,1215.1351987167873,13.33166481646873,18.029753987143994,False,False,0.0,0.0,0.0,1.0,0.0,0.0
dt_pid,dt,pid,development,0.875,Full,5.0,0.0,0.8015,0.0,0.8015,0.0,0.0,3.7960248090274673,False,False,0.8015,0.1985,0.0,0.0,0.0,0.0
dt_pid,dt,pid,development,0.875,Full,10.0,0.0,0.8015,0.0,0.8015,0.0,0.0,3.7960248090274673,False,False,0.8015,0.1985,0.0,0.0,0.0,0.0
dt_pid,dt,pid,development,0.875,Full,20.0,0.8,1.0,0.8,1.0,1367.7474865151216,13.86848183854287,17.664506647570338,False,False,0.0,0.0,0.0,1.0,0.0,0.0
dt_pid,dt,pid,development,1.0,500,5.0,0.0,1.0,0.0,1.0,0.0,0.0,65.52893671226012,True,True,1.0,0.0,0.0,0.0,0.0,0.0
dt_pid,dt,pid,development,1.0,500,10.0,0.0,1.0,0.0,1.0,0.0,0.0,65.52893671226012,True,True,1.0,0.0,0.0,0.0,0.0,0.0
dt_pid,dt,pid,development,1.0,500,20.0,0.0,1.0,0.0,1.0,0.0,0.0,65.52893671226012,True,True,1.0,0.0,0.0,0.0,0.0,0.0
dt_pid,dt,pid,development,1.0,1000,5.0,0.0,1.0,0.0,1.0,0.0,0.0,45.061037435040326,True,True,1.0,0.0,0.0,0.0,0.0,0.0
dt_pid,dt,pid,development,1.0,1000,10.0,0.0,1.0,0.0,1.0,0.0,0.0,45.061037435040326,True,True,1.0,0.0,0.0,0.0,0.0,0.0
dt_pid,dt,pid,development,1.0,1000,20.0,0.0,1.0,0.0,1.0,0.0,0.0,45.061037435040326,True,True,1.0,0.0,0.0,0.0,0.0,0.0
dt_pid,dt,pid,development,1.0,2000,5.0,0.0,1.0,0.0,1.0,0.0,0.0,23.32305494980881,True,True,1.0,0.0,0.0,0.0,0.0,0.0
dt_pid,dt,pid,development,1.0,2000,10.0,0.0,1.0,0.0,1.0,0.0,0.0,23.32305494980881,True,True,1.0,0.0,0.0,0.0,0.0,0.0
dt_pid,dt,pid,development,1.0,2000,20.0,0.0,1.0,0.0,1.0,0.0,0.0,23.32305494980881,True,True,1.0,0.0,0.0,0.0,0.0,0.0
dt_pid,dt,pid,development,1.0,4000,5.0,0.0,1.0,0.0,1.0,0.0,0.0,8.42710097913161,False,False,1.0,0.0,0.0,0.0,0.0,0.0
dt_pid,dt,pid,development,1.0,4000,10.0,0.3,1.0,0.3,1.0,195.63622487184148,5.528168824625899,13.95526980375751,False,False,0.0,1.0,0.0,0.0,0.0,0.0
dt_pid,dt,pid,development,1.0,4000,20.0,0.3,1.0,0.3,1.0,195.63622487184148,5.528168824625899,13.95526980375751,False,False,0.0,1.0,0.0,0.0,0.0,0.0
dt_pid,dt,pid,development,1.0,8000,5.0,0.0,1.0,0.0,1.0,0.0,0.0,4.234693142966168,False,False,1.0,0.0,0.0,0.0,0.0,0.0
dt_pid,dt,pid,development,1.0,8000,10.0,0.0,1.0,0.0,1.0,0.0,0.0,4.234693142966168,False,False,1.0,0.0,0.0,0.0,0.0,0.0
dt_pid,dt,pid,development,1.0,8000,20.0,0.8,1.0,0.8,1.0,409.95484439863685,15.349751156609933,19.584444299576102,False,False,0.0,0.0,0.0,1.0,0.0,0.0
dt_pid,dt,pid,development,1.0,16000,5.0,0.3,1.0,0.3,1.0,23.465217126291464,2.4459079782530067,6.437526964277615,False,False,0.0,1.0,0.0,0.0,0.0,0.0
dt_pid,dt,pid,development,1.0,16000,10.0,0.5,1.0,0.5,1.0,293.4737688491132,7.66429840102526,11.655917387049868,False,False,0.0,0.0,1.0,0.0,0.0,0.0
dt_pid,dt,pid,development,1.0,16000,20.0,0.8,1.0,0.8,1.0,1274.0281274582794,15.168284653389787,19.159903639414395,False,False,0.0,0.0,0.0,1.0,0.0,0.0
dt_pid,dt,pid,development,1.0,Full,5.0,0.0,1.0,0.0,1.0,0.0,0.0,4.062164585809718,False,False,1.0,0.0,0.0,0.0,0.0,0.0
dt_pid,dt,pid,development,1.0,Full,10.0,0.5,0.752,0.5,0.752,26.59841308374598,8.243438734452955,12.305603320262673,False,False,0.248,0.0,0.752,0.0,0.0,0.0
dt_pid,dt,pid,development,1.0,Full,20.0,0.8,1.0,0.8,1.0,1449.2509093128374,15.328192885323531,19.39035747113325,False,False,0.0,0.0,0.0,1.0,0.0,0.0
dt_pid,dt,pid,development,1.125,500,5.0,0.0,1.0,0.0,1.0,0.0,0.0,68.40863659783825,True,True,1.0,0.0,0.0,0.0,0.0,0.0
dt_pid,dt,pid,development,1.125,500,10.0,0.0,1.0,0.0,1.0,0.0,0.0,68.40863659783825,True,True,1.0,0.0,0.0,0.0,0.0,0.0
dt_pid,dt,pid,development,1.125,500,20.0,0.0,1.0,0.0,1.0,0.0,0.0,68.40863659783825,True,True,1.0,0.0,0.0,0.0,0.0,0.0
dt_pid,dt,pid,development,1.125,1000,5.0,0.0,1.0,0.0,1.0,0.0,0.0,48.929720895282266,True,True,1.0,0.0,0.0,0.0,0.0,0.0
dt_pid,dt,pid,development,1.125,1000,10.0,0.0,1.0,0.0,1.0,0.0,0.0,48.929720895282266,True,True,1.0,0.0,0.0,0.0,0.0,0.0
dt_pid,dt,pid,development,1.125,1000,20.0,0.0,1.0,0.0,1.0,0.0,0.0,48.929720895282266,True,True,1.0,0.0,0.0,0.0,0.0,0.0
dt_pid,dt,pid,development,1.125,2000,5.0,0.0,1.0,0.0,1.0,0.0,0.0,26.759713678371142,True,True,1.0,0.0,0.0,0.0,0.0,0.0
dt_pid,dt,pid,development,1.125,2000,10.0,0.0,1.0,0.0,1.0,0.0,0.0,26.759713678371142,True,True,1.0,0.0,0.0,0.0,0.0,0.0
dt_pid,dt,pid,development,1.125,2000,20.0,0.0,1.0,0.0,1.0,0.0,0.0,26.759713678371142,True,True,1.0,0.0,0.0,0.0,0.0,0.0
dt_pid,dt,pid,development,1.125,4000,5.0,0.0,1.0,0.0,1.0,0.0,0.0,10.094912437514386,False,True,1.0,0.0,0.0,0.0,0.0,0.0
dt_pid,dt,pid,development,1.125,4000,10.0,0.3,1.0,0.3,1.0,74.28902522524368,5.811331249939357,15.906243687453744,False,True,0.0,1.0,0.0,0.0,0.0,0.0
dt_pid,dt,pid,development,1.125,4000,20.0,0.3,1.0,0.3,1.0,74.28902522524368,5.811331249939357,15.906243687453744,False,True,0.0,1.0,0.0,0.0,0.0,0.0
dt_pid,dt,pid,development,1.125,8000,5.0,0.3,1.0,0.3,1.0,99.05114890891855,4.48595627301048,9.32151598222116,False,False,0.0,1.0,0.0,0.0,0.0,0.0
dt_pid,dt,pid,development,1.125,8000,10.0,0.3,1.0,0.3,1.0,99.05114890891855,4.48595627301048,9.32151598222116,False,False,0.0,1.0,0.0,0.0,0.0,0.0
dt_pid,dt,pid,development,1.125,8000,20.0,0.8,1.0,0.8,1.0,298.82451993638097,16.41204337202349,21.24760308123417,False,False,0.0,0.0,0.0,1.0,0.0,0.0
dt_pid,dt,pid,development,1.125,16000,5.0,0.3,1.0,0.3,1.0,206.3551956673018,2.465437450674595,6.78585312554149,False,False,0.0,1.0,0.0,0.0,0.0,0.0
dt_pid,dt,pid,development,1.125,16000,10.0,0.5,1.0,0.5,1.0,659.6409640834408,7.036875524804917,11.357291199671812,False,False,0.0,0.0,1.0,0.0,0.0,0.0
dt_pid,dt,pid,development,1.125,16000,20.0,0.8,1.0,0.8,1.0,1391.9812886175278,15.423009505031299,19.743425179898193,False,False,0.0,0.0,0.0,1.0,0.0,0.0
dt_pid,dt,pid,development,1.125,Full,5.0,0.3,1.0,0.3,1.0,148.99491089914773,2.2565187166089293,7.104998822442036,False,False,0.0,1.0,0.0,0.0,0.0,0.0
dt_pid,dt,pid,development,1.125,Full,10.0,0.5,1.0,0.5,1.0,581.8598829622824,7.080360599083325,11.928840704916432,False,False,0.0,0.0,1.0,0.0,0.0,0.0
dt_pid,dt,pid,development,1.125,Full,20.0,0.8,1.0,0.8,1.0,1674.4192606136057,15.722750678020827,20.571230783853935,False,False,0.0,0.0,0.0,1.0,0.0,0.0
dt_pid,dt,pid,development,1.25,500,5.0,0.0,1.0,0.0,1.0,0.0,0.0,70.93263480559754,True,True,1.0,0.0,0.0,0.0,0.0,0.0
dt_pid,dt,pid,development,1.25,500,10.0,0.0,1.0,0.0,1.0,0.0,0.0,70.93263480559754,True,True,1.0,0.0,0.0,0.0,0.0,0.0
dt_pid,dt,pid,development,1.25,500,20.0,0.0,1.0,0.0,1.0,0.0,0.0,70.93263480559754,True,True,1.0,0.0,0.0,0.0,0.0,0.0
dt_pid,dt,pid,development,1.25,1000,5.0,0.0,1.0,0.0,1.0,0.0,0.0,52.27499406988176,True,True,1.0,0.0,0.0,0.0,0.0,0.0
dt_pid,dt,pid,development,1.25,1000,10.0,0.0,1.0,0.0,1.0,0.0,0.0,52.27499406988176,True,True,1.0,0.0,0.0,0.0,0.0,0.0
dt_pid,dt,pid,development,1.25,1000,20.0,0.0,1.0,0.0,1.0,0.0,0.0,52.27499406988176,True,True,1.0,0.0,0.0,0.0,0.0,0.0
dt_pid,dt,pid,development,1.25,2000,5.0,0.0,1.0,0.0,1.0,0.0,0.0,29.92034111131979,True,True,1.0,0.0,0.0,0.0,0.0,0.0
dt_pid,dt,pid,development,1.25,2000,10.0,0.0,1.0,0.0,1.0,0.0,0.0,29.92034111131979,True,True,1.0,0.0,0.0,0.0,0.0,0.0
dt_pid,dt,pid,development,1.25,2000,20.0,0.0,1.0,0.0,1.0,0.0,0.0,29.92034111131979,True,True,1.0,0.0,0.0,0.0,0.0,0.0
dt_pid,dt,pid,development,1.25,4000,5.0,0.0,1.0,0.0,1.0,0.0,0.0,11.784054597924197,False,True,1.0,0.0,0.0,0.0,0.0,0.0
dt_pid,dt,pid,development,1.25,4000,10.0,0.0,1.0,0.0,1.0,0.0,0.0,11.784054597924197,False,True,1.0,0.0,0.0,0.0,0.0,0.0
dt_pid,dt,pid,development,1.25,4000,20.0,0.0,1.0,0.0,1.0,0.0,0.0,11.784054597924197,False,True,1.0,0.0,0.0,0.0,0.0,0.0
dt_pid,dt,pid,development,1.25,8000,5.0,0.3,1.0,0.3,1.0,245.9141294301844,4.524859160588377,9.958778594478451,False,False,0.0,1.0,0.0,0.0,0.0,0.0
dt_pid,dt,pid,development,1.25,8000,10.0,0.3,1.0,0.3,1.0,245.9141294301844,4.524859160588377,9.958778594478451,False,False,0.0,1.0,0.0,0.0,0.0,0.0
dt_pid,dt,pid,development,1.25,8000,20.0,0.3,1.0,0.3,1.0,245.9141294301844,4.524859160588377,9.958778594478451,False,False,0.0,1.0,0.0,0.0,0.0,0.0
dt_pid,dt,pid,development,1.25,16000,5.0,0.3,1.0,0.3,1.0,476.51304254346724,2.429313022243049,6.784578156535822,False,False,0.0,1.0,0.0,0.0,0.0,0.0
dt_pid,dt,pid,development,1.25,16000,10.0,0.5,1.0,0.5,1.0,894.7254160804132,7.147469028453676,11.50273416274645,False,False,0.0,0.0,1.0,0.0,0.0,0.0
dt_pid,dt,pid,development,1.25,16000,20.0,0.8,1.0,0.8,1.0,1529.3352081532666,15.880221958586747,20.23548709287952,False,False,0.0,0.0,0.0,1.0,0.0,0.0
dt_pid,dt,pid,development,1.25,Full,5.0,0.3,1.0,0.3,1.0,253.41705699130034,3.5664600545117784,7.617556849267315,False,False,0.0,1.0,0.0,0.0,0.0,0.0
dt_pid,dt,pid,development,1.25,Full,10.0,0.5,1.0,0.5,1.0,920.1797065646897,7.455588382909922,11.506685177665458,False,False,0.0,0.0,1.0,0.0,0.0,0.0
dt_pid,dt,pid,development,1.25,Full,20.0,0.8,1.0,0.8,1.0,1805.017650399408,17.071187277039016,21.122284071794553,False,False,0.0,0.0,0.0,1.0,0.0,0.0
dt_pid,dt,pid,development,1.375,500,5.0,0.0,1.0,0.0,1.0,0.0,0.0,73.10106894401153,True,True,1.0,0.0,0.0,0.0,0.0,0.0
dt_pid,dt,pid,development,1.375,500,10.0,0.0,1.0,0.0,1.0,0.0,0.0,73.10106894401153,True,True,1.0,0.0,0.0,0.0,0.0,0.0
dt_pid,dt,pid,development,1.375,500,20.0,0.0,1.0,0.0,1.0,0.0,0.0,73.10106894401153,True,True,1.0,0.0,0.0,0.0,0.0,0.0
dt_pid,dt,pid,development,1.375,1000,5.0,0.0,1.0,0.0,1.0,0.0,0.0,55.20213374796925,True,True,1.0,0.0,0.0,0.0,0.0,0.0
dt_pid,dt,pid,development,1.375,1000,10.0,0.0,1.0,0.0,1.0,0.0,0.0,55.20213374796925,True,True,1.0,0.0,0.0,0.0,0.0,0.0
dt_pid,dt,pid,development,1.375,1000,20.0,0.0,1.0,0.0,1.0,0.0,0.0,55.20213374796925,True,True,1.0,0.0,0.0,0.0,0.0,0.0
dt_pid,dt,pid,development,1.375,2000,5.0,0.0,1.0,0.0,1.0,0.0,0.0,32.88262610489711,True,True,1.0,0.0,0.0,0.0,0.0,0.0
dt_pid,dt,pid,development,1.375,2000,10.0,0.0,1.0,0.0,1.0,0.0,0.0,32.88262610489711,True,True,1.0,0.0,0.0,0.0,0.0,0.0
dt_pid,dt,pid,development,1.375,2000,20.0,0.0,1.0,0.0,1.0,0.0,0.0,32.88262610489711,True,True,1.0,0.0,0.0,0.0,0.0,0.0
dt_pid,dt,pid,development,1.375,4000,5.0,0.0,1.0,0.0,1.0,0.0,0.0,13.701822706718927,False,True,1.0,0.0,0.0,0.0,0.0,0.0
dt_pid,dt,pid,development,1.375,4000,10.0,0.0,1.0,0.0,1.0,0.0,0.0,13.701822706718927,False,True,1.0,0.0,0.0,0.0,0.0,0.0
dt_pid,dt,pid,development,1.375,4000,20.0,0.0,1.0,0.0,1.0,0.0,0.0,13.701822706718927,False,True,1.0,0.0,0.0,0.0,0.0,0.0
dt_pid,dt,pid,development,1.375,8000,5.0,0.3,1.0,0.3,1.0,373.6839038695143,4.811272341347572,10.725870834203894,False,False,0.0,1.0,0.0,0.0,0.0,0.0
dt_pid,dt,pid,development,1.375,8000,10.0,0.3,1.0,0.3,1.0,373.6839038695143,4.811272341347572,10.725870834203894,False,False,0.0,1.0,0.0,0.0,0.0,0.0
dt_pid,dt,pid,development,1.375,8000,20.0,0.3,1.0,0.3,1.0,373.6839038695143,4.811272341347572,10.725870834203894,False,False,0.0,1.0,0.0,0.0,0.0,0.0
dt_pid,dt,pid,development,1.375,16000,5.0,0.3,1.0,0.3,1.0,617.5388363296843,2.80375932385794,7.258698200738826,False,False,0.0,1.0,0.0,0.0,0.0,0.0
dt_pid,dt,pid,development,1.375,16000,10.0,0.5,1.0,0.5,1.0,1123.1402169335233,7.440842201913664,11.89578107879455,False,False,0.0,0.0,1.0,0.0,0.0,0.0
dt_pid,dt,pid,development,1.375,16000,20.0,0.8,1.0,0.8,1.0,1675.251307012939,16.342651483649334,20.79759036053022,False,False,0.0,0.0,0.0,1.0,0.0,0.0
dt_pid,dt,pid,development,1.375,Full,5.0,0.3,1.0,0.3,1.0,483.58974893326376,3.523106094248762,7.904041131664021,False,False,0.0,1.0,0.0,0.0,0.0,0.0
dt_pid,dt,pid,development,1.375,Full,10.0,0.5,1.0,0.5,1.0,1267.3717146684066,7.39222194349755,11.773156980912809,False,False,0.0,0.0,1.0,0.0,0.0,0.0
dt_pid,dt,pid,development,1.375,Full,20.0,0.8,1.0,0.8,1.0,2137.0824343336535,17.152774220249487,21.533709257664746,False,False,0.0,0.0,0.0,1.0,0.0,0.0
dt_pid,dt,pid,development,1.5,500,5.0,0.0,1.0,0.0,1.0,0.0,0.0,74.97890192594166,True,True,1.0,0.0,0.0,0.0,0.0,0.0
dt_pid,dt,pid,development,1.5,500,10.0,0.0,1.0,0.0,1.0,0.0,0.0,74.97890192594166,True,True,1.0,0.0,0.0,0.0,0.0,0.0
dt_pid,dt,pid,development,1.5,500,20.0,0.0,1.0,0.0,1.0,0.0,0.0,74.97890192594166,True,True,1.0,0.0,0.0,0.0,0.0,0.0
dt_pid,dt,pid,development,1.5,1000,5.0,0.0,1.0,0.0,1.0,0.0,0.0,57.771153328541374,True,True,1.0,0.0,0.0,0.0,0.0,0.0
dt_pid,dt,pid,development,1.5,1000,10.0,0.0,1.0,0.0,1.0,0.0,0.0,57.771153328541374,True,True,1.0,0.0,0.0,0.0,0.0,0.0
dt_pid,dt,pid,development,1.5,1000,20.0,0.0,1.0,0.0,1.0,0.0,0.0,57.771153328541374,True,True,1.0,0.0,0.0,0.0,0.0,0.0
dt_pid,dt,pid,development,1.5,2000,5.0,0.0,1.0,0.0,1.0,0.0,0.0,35.696768321513595,True,True,1.0,0.0,0.0,0.0,0.0,0.0
dt_pid,dt,pid,development,1.5,2000,10.0,0.0,1.0,0.0,1.0,0.0,0.0,35.696768321513595,True,True,1.0,0.0,0.0,0.0,0.0,0.0
dt_pid,dt,pid,development,1.5,2000,20.0,0.0,1.0,0.0,1.0,0.0,0.0,35.696768321513595,True,True,1.0,0.0,0.0,0.0,0.0,0.0
dt_pid,dt,pid,development,1.5,4000,5.0,0.0,1.0,0.0,1.0,0.0,0.0,15.661854531563852,False,True,1.0,0.0,0.0,0.0,0.0,0.0
dt_pid,dt,pid,development,1.5,4000,10.0,0.0,1.0,0.0,1.0,0.0,0.0,15.661854531563852,False,True,1.0,0.0,0.0,0.0,0.0,0.0
dt_pid,dt,pid,development,1.5,4000,20.0,0.0,1.0,0.0,1.0,0.0,0.0,15.661854531563852,False,True,1.0,0.0,0.0,0.0,0.0,0.0
dt_pid,dt,pid,development,1.5,8000,5.0,0.3,0.874,0.3,0.874,376.73018350064376,4.955433457826493,11.45399121266548,False,False,0.126,0.874,0.0,0.0,0.0,0.0
dt_pid,dt,pid,development,1.5,8000,10.0,0.3,1.0,0.3,1.0,376.73018350064376,4.955433457826493,11.45399121266548,False,False,0.0,1.0,0.0,0.0,0.0,0.0
dt_pid,dt,pid,development,1.5,8000,20.0,0.3,1.0,0.3,1.0,376.73018350064376,4.955433457826493,11.45399121266548,False,False,0.0,1.0,0.0,0.0,0.0,0.0
dt_pid,dt,pid,development,1.5,16000,5.0,0.3,1.0,0.3,1.0,516.2439013536241,3.578529673663957,7.897518396837703,False,False,0.0,1.0,0.0,0.0,0.0,0.0
dt_pid,dt,pid,development,1.5,16000,10.0,0.5,1.0,0.5,1.0,1035.3178902640466,8.349463604917482,12.668452328091227,False,False,0.0,0.0,1.0,0.0,0.0,0.0
dt_pid,dt,pid,development,1.5,16000,20.0,0.8,1.0,0.8,1.0,1629.282542802237,17.327680155183785,21.64666887835753,False,False,0.0,0.0,0.0,1.0,0.0,0.0
dt_pid,dt,pid,development,1.5,Full,5.0,0.3,1.0,0.3,1.0,566.1253213015698,3.492414588088927,8.022457311057948,False,False,0.0,1.0,0.0,0.0,0.0,0.0
dt_pid,dt,pid,development,1.5,Full,10.0,0.5,1.0,0.5,1.0,1413.439697359052,7.8545782798107275,12.384621002779749,False,False,0.0,0.0,1.0,0.0,0.0,0.0
dt_pid,dt,pid,development,1.5,Full,20.0,0.8,1.0,0.8,1.0,2105.7448541864214,17.926151840939013,22.456194563908035,False,False,0.0,0.0,0.0,1.0,0.0,0.0
dt_dual,dt,dual,development,0.5,500,5.0,0.0,1.0,0.0,1.0,0.0,0.0,36.153279443147454,True,True,1.0,0.0,0.0,0.0,0.0,0.0
dt_dual,dt,dual,development,0.5,500,10.0,0.0,1.0,0.0,1.0,0.0,0.0,36.153279443147454,True,True,1.0,0.0,0.0,0.0,0.0,0.0
dt_dual,dt,dual,development,0.5,500,20.0,0.0,1.0,0.0,1.0,0.0,0.0,36.153279443147454,True,True,1.0,0.0,0.0,0.0,0.0,0.0
dt_dual,dt,dual,development,0.5,1000,5.0,0.3,1.0,0.3,1.0,54.0028214676322,2.8756517958840924,18.957079171510102,False,True,0.0,1.0,0.0,0.0,0.0,0.0
dt_dual,dt,dual,development,0.5,1000,10.0,0.5,0.9765,0.5,0.9765,62.475051650973,6.291267691005416,22.372695066631426,False,True,0.0,0.0235,0.9765,0.0,0.0,0.0
dt_dual,dt,dual,development,0.5,1000,20.0,0.5,0.9765,0.5,0.9765,62.475051650973,6.291267691005416,22.372695066631426,False,True,0.0,0.0235,0.9765,0.0,0.0,0.0
dt_dual,dt,dual,development,0.5,2000,5.0,0.5,1.0,0.5,1.0,253.77122632180362,3.7783587617579544,9.418961678317709,False,False,0.0,0.0,1.0,0.0,0.0,0.0
dt_dual,dt,dual,development,0.5,2000,10.0,0.5,1.0,0.5,1.0,253.77122632180362,3.7783587617579544,9.418961678317709,False,False,0.0,0.0,1.0,0.0,0.0,0.0
dt_dual,dt,dual,development,0.5,2000,20.0,0.8,0.665,0.8,0.665,273.88283436706024,17.521733502527216,23.16233641908697,False,False,0.0,0.0,0.335,0.665,0.0,0.0
dt_dual,dt,dual,development,0.5,4000,5.0,0.5,1.0,0.5,1.0,552.188363244104,2.7576953522551735,5.471519917178687,False,False,0.0,0.0,1.0,0.0,0.0,0.0
dt_dual,dt,dual,development,0.5,4000,10.0,0.5,0.9995,0.5,0.9995,552.188363244104,2.7576953522551735,5.471519917178687,False,False,0.0,0.0,0.9995,0.0005,0.0,0.0
dt_dual,dt,dual,development,0.5,4000,20.0,0.8,1.0,0.8,1.0,973.6969426952492,10.460984093424216,13.174808658347729,False,False,0.0,0.0,0.0,1.0,0.0,0.0
dt_dual,dt,dual,development,0.5,8000,5.0,0.5,0.99,0.5,0.99,689.9140157985075,1.3058925378427517,2.035670713908514,False,False,0.0,0.01,0.99,0.0,0.0,0.0
dt_dual,dt,dual,development,0.5,8000,10.0,0.8,1.0,0.8,1.0,1412.163332953014,6.280619827613949,7.010398003679711,False,False,0.0,0.0,0.0,1.0,0.0,0.0
dt_dual,dt,dual,development,0.5,8000,20.0,0.8,1.0,0.8,1.0,1412.163332953014,6.280619827613949,7.010398003679711,False,False,0.0,0.0,0.0,1.0,0.0,0.0
dt_dual,dt,dual,development,0.5,16000,5.0,0.8,1.0,0.8,1.0,1188.1335230718432,4.615718555945502,4.873696070502342,False,False,0.0,0.0,0.0,1.0,0.0,0.0
dt_dual,dt,dual,development,0.5,16000,10.0,0.8,1.0,0.8,1.0,1188.1335230718432,4.615718555945502,4.873696070502342,False,False,0.0,0.0,0.0,1.0,0.0,0.0
dt_dual,dt,dual,development,0.5,16000,20.0,0.8,1.0,0.8,1.0,1188.1335230718432,4.615718555945502,4.873696070502342,False,False,0.0,0.0,0.0,1.0,0.0,0.0
dt_dual,dt,dual,development,0.5,Full,5.0,0.8,1.0,0.8,1.0,1301.9685913337162,2.7206423478731208,2.7254396174471625,False,False,0.0,0.0,0.0,1.0,0.0,0.0
dt_dual,dt,dual,development,0.5,Full,10.0,0.8,1.0,0.8,1.0,1301.9685913337162,2.7206423478731208,2.7254396174471625,False,False,0.0,0.0,0.0,1.0,0.0,0.0
dt_dual,dt,dual,development,0.5,Full,20.0,0.8,1.0,0.8,1.0,1301.9685913337162,2.7206423478731208,2.7254396174471625,False,False,0.0,0.0,0.0,1.0,0.0,0.0
dt_dual,dt,dual,development,0.625,500,5.0,0.0,1.0,0.0,1.0,0.0,0.0,43.84176162354905,True,True,1.0,0.0,0.0,0.0,0.0,0.0
dt_dual,dt,dual,development,0.625,500,10.0,0.0,1.0,0.0,1.0,0.0,0.0,43.84176162354905,True,True,1.0,0.0,0.0,0.0,0.0,0.0
dt_dual,dt,dual,development,0.625,500,20.0,0.0,1.0,0.0,1.0,0.0,0.0,43.84176162354905,True,True,1.0,0.0,0.0,0.0,0.0,0.0
dt_dual,dt,dual,development,0.625,1000,5.0,0.3,1.0,0.3,1.0,20.642725778348904,2.9334635768438524,24.440571759793105,True,True,0.0,1.0,0.0,0.0,0.0,0.0
dt_dual,dt,dual,development,0.625,1000,10.0,0.3,0.992,0.3,0.992,20.642725778348904,2.9334635768438524,24.440571759793105,True,True,0.0,0.992,0.008,0.0,0.0,0.0
dt_dual,dt,dual,development,0.625,1000,20.0,0.3,0.992,0.3,0.992,20.642725778348904,2.9334635768438524,24.440571759793105,True,True,0.0,0.992,0.008,0.0,0.0,0.0
dt_dual,dt,dual,development,0.625,2000,5.0,0.3,1.0,0.3,1.0,161.45639888782807,1.961872338606562,9.5121940986195,False,False,0.0,1.0,0.0,0.0,0.0,0.0
dt_dual,dt,dual,development,0.625,2000,10.0,0.5,0.9985,0.5,0.9985,197.074871337094,5.327252009296692,12.87757376930963,False,False,0.0,0.0015,0.9985,0.0,0.0,0.0
dt_dual,dt,dual,development,0.625,2000,20.0,0.5,0.9985,0.5,0.9985,197.074871337094,5.327252009296692,12.87757376930963,False,False,0.0,0.0015,0.9985,0.0,0.0,0.0
dt_dual,dt,dual,development,0.625,4000,5.0,0.5,1.0,0.5,1.0,767.7197586433267,3.4324468999532645,6.38329164163229,False,False,0.0,0.0,1.0,0.0,0.0,0.0
dt_dual,dt,dual,development,0.625,4000,10.0,0.5,1.0,0.5,1.0,767.7197586433267,3.4324468999532645,6.38329164163229,False,False,0.0,0.0,1.0,0.0,0.0,0.0
dt_dual,dt,dual,development,0.625,4000,20.0,0.8,1.0,0.8,1.0,864.955299356101,13.81578983170487,16.766634573383897,False,False,0.0,0.0,0.0,1.0,0.0,0.0
dt_dual,dt,dual,development,0.625,8000,5.0,0.3,0.9795,0.3,0.9795,674.4431413673719,1.9656239402394702,2.493931288254045,False,False,0.0,0.9795,0.0205,0.0,0.0,0.0
dt_dual,dt,dual,development,0.625,8000,10.0,0.8,1.0,0.8,1.0,1405.879892363092,9.016278175410616,9.54458552342519,False,False,0.0,0.0,0.0,1.0,0.0,0.0
dt_dual,dt,dual,development,0.625,8000,20.0,0.8,1.0,0.8,1.0,1405.879892363092,9.016278175410616,9.54458552342519,False,False,0.0,0.0,0.0,1.0,0.0,0.0
dt_dual,dt,dual,development,0.625,16000,5.0,0.3,1.0,0.3,1.0,1269.4164064977258,0.7236225488799286,1.0254825421146698,False,False,0.0,1.0,0.0,0.0,0.0,0.0
dt_dual,dt,dual,development,0.625,16000,10.0,0.8,1.0,0.8,1.0,1514.9959989104254,7.465246224685972,7.767106217920713,False,False,0.0,0.0,0.0,1.0,0.0,0.0
dt_dual,dt,dual,development,0.625,16000,20.0,0.8,1.0,0.8,1.0,1514.9959989104254,7.465246224685972,7.767106217920713,False,False,0.0,0.0,0.0,1.0,0.0,0.0
dt_dual,dt,dual,development,0.625,Full,5.0,0.8,0.9155,0.8,0.9155,1559.4056537494416,4.816135506229882,4.899451077854392,False,False,0.0,0.0845,0.0,0.9155,0.0,0.0
dt_dual,dt,dual,development,0.625,Full,10.0,0.8,1.0,0.8,1.0,1559.4056537494416,4.816135506229882,4.899451077854392,False,False,0.0,0.0,0.0,1.0,0.0,0.0
dt_dual,dt,dual,development,0.625,Full,20.0,0.8,1.0,0.8,1.0,1559.4056537494416,4.816135506229882,4.899451077854392,False,False,0.0,0.0,0.0,1.0,0.0,0.0
dt_dual,dt,dual,development,0.75,500,5.0,0.0,1.0,0.0,1.0,0.0,0.0,50.06861911914827,True,True,1.0,0.0,0.0,0.0,0.0,0.0
dt_dual,dt,dual,development,0.75,500,10.0,0.0,1.0,0.0,1.0,0.0,0.0,50.06861911914827,True,True,1.0,0.0,0.0,0.0,0.0,0.0
dt_dual,dt,dual,development,0.75,500,20.0,0.0,1.0,0.0,1.0,0.0,0.0,50.06861911914827,True,True,1.0,0.0,0.0,0.0,0.0,0.0
dt_dual,dt,dual,development,0.75,1000,5.0,0.0,1.0,0.0,1.0,0.0,0.0,26.757785497907772,True,True,1.0,0.0,0.0,0.0,0.0,0.0
dt_dual,dt,dual,development,0.75,1000,10.0,0.0,1.0,0.0,1.0,0.0,0.0,26.757785497907772,True,True,1.0,0.0,0.0,0.0,0.0,0.0
dt_dual,dt,dual,development,0.75,1000,20.0,0.0,1.0,0.0,1.0,0.0,0.0,26.757785497907772,True,True,1.0,0.0,0.0,0.0,0.0,0.0
dt_dual,dt,dual,development,0.75,2000,5.0,0.3,1.0,0.3,1.0,109.19639537731928,2.522594572635249,12.821708180421572,False,True,0.0,1.0,0.0,0.0,0.0,0.0
dt_dual,dt,dual,development,0.75,2000,10.0,0.5,1.0,0.5,1.0,169.0193179201906,6.201372388432757,16.50048599621908,False,True,0.0,0.0,1.0,0.0,0.0,0.0
dt_dual,dt,dual,development,0.75,2000,20.0,0.5,1.0,0.5,1.0,169.0193179201906,6.201372388432757,16.50048599621908,False,True,0.0,0.0,1.0,0.0,0.0,0.0
dt_dual,dt,dual,development,0.75,4000,5.0,0.5,1.0,0.5,1.0,599.4455785732534,4.042501476454174,7.425035911477116,False,False,0.0,0.0,1.0,0.0,0.0,0.0
dt_dual,dt,dual,development,0.75,4000,10.0,0.5,1.0,0.5,1.0,599.4455785732534,4.042501476454174,7.425035911477116,False,False,0.0,0.0,1.0,0.0,0.0,0.0
dt_dual,dt,dual,development,0.75,4000,20.0,0.8,0.9985,0.8,0.9985,670.8864305929965,15.821862624449167,19.20439705947211,False,False,0.0,0.0,0.0015,0.9985,0.0,0.0
dt_dual,dt,dual,development,0.75,8000,5.0,0.3,1.0,0.3,1.0,849.315168743793,1.9601855122546548,2.6817105486176946,False,False,0.0,1.0,0.0,0.0,0.0,0.0
dt_dual,dt,dual,development,0.75,8000,10.0,0.3,1.0,0.3,1.0,849.315168743793,1.9601855122546548,2.6817105486176946,False,False,0.0,1.0,0.0,0.0,0.0,0.0
dt_dual,dt,dual,development,0.75,8000,20.0,0.8,1.0,0.8,1.0,1312.3606336688972,12.259568418742374,12.981093455105414,False,False,0.0,0.0,0.0,1.0,0.0,0.0
dt_dual,dt,dual,development,0.75,16000,5.0,0.3,0.982,0.3,0.982,1351.4481353983738,0.6683710643285917,1.1840199847119963,False,False,0.0,0.982,0.018,0.0,0.0,0.0
dt_dual,dt,dual,development,0.75,16000,10.0,0.8,0.8465,0.8,0.8465,1505.9176348327946,7.782571654370408,8.298220574753813,False,False,0.0,0.1535,0.0,0.8465,0.0,0.0
dt_dual,dt,dual,development,0.75,16000,20.0,0.8,0.8465,0.8,0.8465,1505.9176348327946,7.782571654370408,8.298220574753813,False,False,0.0,0.1535,0.0,0.8465,0.0,0.0
dt_dual,dt,dual,development,0.75,Full,5.0,0.3,0.701,0.3,0.701,1381.5176368381908,0.5965207243105595,1.8769780491033843,False,False,0.0,0.701,0.0,0.299,0.0,0.0
dt_dual,dt,dual,development,0.75,Full,10.0,0.8,0.955,0.8,0.955,1568.1278198638684,5.052315953438284,6.332773278231109,False,False,0.0,0.045,0.0,0.955,0.0,0.0
dt_dual,dt,dual,development,0.75,Full,20.0,0.8,0.955,0.8,0.955,1568.1278198638684,5.052315953438284,6.332773278231109,False,False,0.0,0.045,0.0,0.955,0.0,0.0
dt_dual,dt,dual,development,0.875,500,5.0,0.0,1.0,0.0,1.0,0.0,0.0,54.99172415903164,True,True,1.0,0.0,0.0,0.0,0.0,0.0
dt_dual,dt,dual,development,0.875,500,10.0,0.0,1.0,0.0,1.0,0.0,0.0,54.99172415903164,True,True,1.0,0.0,0.0,0.0,0.0,0.0
dt_dual,dt,dual,development,0.875,500,20.0,0.0,1.0,0.0,1.0,0.0,0.0,54.99172415903164,True,True,1.0,0.0,0.0,0.0,0.0,0.0
dt_dual,dt,dual,development,0.875,1000,5.0,0.0,1.0,0.0,1.0,0.0,0.0,31.631856071747,True,True,1.0,0.0,0.0,0.0,0.0,0.0
dt_dual,dt,dual,development,0.875,1000,10.0,0.0,1.0,0.0,1.0,0.0,0.0,31.631856071747,True,True,1.0,0.0,0.0,0.0,0.0,0.0
dt_dual,dt,dual,development,0.875,1000,20.0,0.0,1.0,0.0,1.0,0.0,0.0,31.631856071747,True,True,1.0,0.0,0.0,0.0,0.0,0.0
dt_dual,dt,dual,development,0.875,2000,5.0,0.3,1.0,0.3,1.0,200.76511400125128,3.0082805582771623,15.998272337741973,False,True,0.0,1.0,0.0,0.0,0.0,0.0
dt_dual,dt,dual,development,0.875,2000,10.0,0.3,1.0,0.3,1.0,200.76511400125128,3.0082805582771623,15.998272337741973,False,True,0.0,1.0,0.0,0.0,0.0,0.0
dt_dual,dt,dual,development,0.875,2000,20.0,0.3,1.0,0.3,1.0,200.76511400125128,3.0082805582771623,15.998272337741973,False,True,0.0,1.0,0.0,0.0,0.0,0.0
dt_dual,dt,dual,development,0.875,4000,5.0,0.5,1.0,0.5,1.0,420.0702842389892,4.033184877985488,8.670401090690392,False,False,0.0,0.0,1.0,0.0,0.0,0.0
dt_dual,dt,dual,development,0.875,4000,10.0,0.5,1.0,0.5,1.0,420.0702842389892,4.033184877985488,8.670401090690392,False,False,0.0,0.0,1.0,0.0,0.0,0.0
dt_dual,dt,dual,development,0.875,4000,20.0,0.8,0.911,0.8,0.911,464.3440057294174,17.048816395989896,21.6860326086948,False,False,0.0,0.0,0.089,0.911,0.0,0.0
dt_dual,dt,dual,development,0.875,8000,5.0,0.5,0.5815,0.5,0.5815,805.724757382708,2.4430926354224183,4.537680743645475,False,False,0.0,0.4185,0.5815,0.0,0.0,0.0
dt_dual,dt,dual,development,0.875,8000,10.0,0.5,0.5815,0.5,0.5815,805.724757382708,2.4430926354224183,4.537680743645475,False,False,0.0,0.4185,0.5815,0.0,0.0,0.0
dt_dual,dt,dual,development,0.875,8000,20.0,0.8,1.0,0.8,1.0,1340.98049641143,12.279514788995892,14.374102897218949,False,False,0.0,0.0,0.0,1.0,0.0,0.0
dt_dual,dt,dual,development,0.875,16000,5.0,0.5,1.0,0.5,1.0,1120.8396620929452,1.1912002869192966,2.2901521033283108,False,False,0.0,0.0,1.0,0.0,0.0,0.0
dt_dual,dt,dual,development,0.875,16000,10.0,0.5,1.0,0.5,1.0,1120.8396620929452,1.1912002869192966,2.2901521033283108,False,False,0.0,0.0,1.0,0.0,0.0,0.0
dt_dual,dt,dual,development,0.875,16000,20.0,0.5,1.0,0.5,1.0,1120.8396620929452,1.1912002869192966,2.2901521033283108,False,False,0.0,0.0,1.0,0.0,0.0,0.0
dt_dual,dt,dual,development,0.875,Full,5.0,0.5,1.0,0.5,1.0,1168.7265607197096,1.2551329418701962,2.23014187822099,False,False,0.0,0.0,1.0,0.0,0.0,0.0
dt_dual,dt,dual,development,0.875,Full,10.0,0.5,1.0,0.5,1.0,1168.7265607197096,1.2551329418701962,2.23014187822099,False,False,0.0,0.0,1.0,0.0,0.0,0.0
dt_dual,dt,dual,development,0.875,Full,20.0,0.5,1.0,0.5,1.0,1168.7265607197096,1.2551329418701962,2.23014187822099,False,False,0.0,0.0,1.0,0.0,0.0,0.0
dt_dual,dt,dual,development,1.0,500,5.0,0.0,1.0,0.0,1.0,0.0,0.0,59.02930624990486,True,True,1.0,0.0,0.0,0.0,0.0,0.0
dt_dual,dt,dual,development,1.0,500,10.0,0.0,1.0,0.0,1.0,0.0,0.0,59.02930624990486,True,True,1.0,0.0,0.0,0.0,0.0,0.0
dt_dual,dt,dual,development,1.0,500,20.0,0.0,1.0,0.0,1.0,0.0,0.0,59.02930624990486,True,True,1.0,0.0,0.0,0.0,0.0,0.0
dt_dual,dt,dual,development,1.0,1000,5.0,0.0,1.0,0.0,1.0,0.0,0.0,36.12439569941592,True,True,1.0,0.0,0.0,0.0,0.0,0.0
dt_dual,dt,dual,development,1.0,1000,10.0,0.0,1.0,0.0,1.0,0.0,0.0,36.12439569941592,True,True,1.0,0.0,0.0,0.0,0.0,0.0
dt_dual,dt,dual,development,1.0,1000,20.0,0.0,1.0,0.0,1.0,0.0,0.0,36.12439569941592,True,True,1.0,0.0,0.0,0.0,0.0,0.0
dt_dual,dt,dual,development,1.0,2000,5.0,0.3,1.0,0.3,1.0,152.50200830481663,2.869839432236617,18.944767174965495,False,True,0.0,1.0,0.0,0.0,0.0,0.0
dt_dual,dt,dual,development,1.0,2000,10.0,0.5,0.9975,0.5,0.9975,179.73248012578915,6.298877813244651,22.37380555597353,False,True,0.0,0.0025,0.9975,0.0,0.0,0.0
dt_dual,dt,dual,development,1.0,2000,20.0,0.5,0.9975,0.5,0.9975,179.73248012578915,6.298877813244651,22.37380555597353,False,True,0.0,0.0025,0.9975,0.0,0.0,0.0
dt_dual,dt,dual,development,1.0,4000,5.0,0.5,1.0,0.5,1.0,340.633711985005,4.7453636578271015,9.985911918536859,False,False,0.0,0.0,1.0,0.0,0.0,0.0
dt_dual,dt,dual,development,1.0,4000,10.0,0.5,1.0,0.5,1.0,340.633711985005,4.7453636578271015,9.985911918536859,False,False,0.0,0.0,1.0,0.0,0.0,0.0
dt_dual,dt,dual,development,1.0,4000,20.0,0.5,1.0,0.5,1.0,340.633711985005,4.7453636578271015,9.985911918536859,False,False,0.0,0.0,1.0,0.0,0.0,0.0
dt_dual,dt,dual,development,1.0,8000,5.0,0.5,1.0,0.5,1.0,919.0308456557232,2.723534297964357,5.987771346932296,False,False,0.0,0.0,1.0,0.0,0.0,0.0
dt_dual,dt,dual,development,1.0,8000,10.0,0.5,1.0,0.5,1.0,919.0308456557232,2.723534297964357,5.987771346932296,False,False,0.0,0.0,1.0,0.0,0.0,0.0
dt_dual,dt,dual,development,1.0,8000,20.0,0.8,1.0,0.8,1.0,1159.9442965795333,13.535711431914411,16.79994848088235,False,False,0.0,0.0,0.0,1.0,0.0,0.0
dt_dual,dt,dual,development,1.0,16000,5.0,0.3,0.9965,0.3,0.9965,971.4942367594194,-0.028946833823726648,1.5213547630417097,False,False,0.0,0.9965,0.0035,0.0,0.0,0.0
dt_dual,dt,dual,development,1.0,16000,10.0,0.8,0.8695,0.8,0.8695,1103.5599151405186,9.78133852789789,11.331640124763327,False,False,0.0,0.1305,0.0,0.8695,0.0,0.0
dt_dual,dt,dual,development,1.0,16000,20.0,0.8,1.0,0.8,1.0,1103.5599151405186,9.78133852789789,11.331640124763327,False,False,0.0,0.0,0.0,1.0,0.0,0.0
dt_dual,dt,dual,development,1.0,Full,5.0,0.5,1.0,0.5,1.0,1236.5747922530009,2.5689655282085635,3.40462057838019,False,False,0.0,0.0,1.0,0.0,0.0,0.0
dt_dual,dt,dual,development,1.0,Full,10.0,0.5,1.0,0.5,1.0,1236.5747922530009,2.5689655282085635,3.40462057838019,False,False,0.0,0.0,1.0,0.0,0.0,0.0
dt_dual,dt,dual,development,1.0,Full,20.0,0.5,1.0,0.5,1.0,1236.5747922530009,2.5689655282085635,3.40462057838019,False,False,0.0,0.0,1.0,0.0,0.0,0.0
dt_dual,dt,dual,development,1.125,500,5.0,0.0,1.0,0.0,1.0,0.0,0.0,62.41185518939276,True,True,1.0,0.0,0.0,0.0,0.0,0.0
dt_dual,dt,dual,development,1.125,500,10.0,0.0,1.0,0.0,1.0,0.0,0.0,62.41185518939276,True,True,1.0,0.0,0.0,0.0,0.0,0.0
dt_dual,dt,dual,development,1.125,500,20.0,0.0,1.0,0.0,1.0,0.0,0.0,62.41185518939276,True,True,1.0,0.0,0.0,0.0,0.0,0.0
dt_dual,dt,dual,development,1.125,1000,5.0,0.0,1.0,0.0,1.0,0.0,0.0,40.159329922263055,True,True,1.0,0.0,0.0,0.0,0.0,0.0
dt_dual,dt,dual,development,1.125,1000,10.0,0.0,1.0,0.0,1.0,0.0,0.0,40.159329922263055,True,True,1.0,0.0,0.0,0.0,0.0,0.0
dt_dual,dt,dual,development,1.125,1000,20.0,0.0,1.0,0.0,1.0,0.0,0.0,40.159329922263055,True,True,1.0,0.0,0.0,0.0,0.0,0.0
dt_dual,dt,dual,development,1.125,2000,5.0,0.3,1.0,0.3,1.0,110.26809586482523,2.8051577875842995,21.71898345550974,False,True,0.0,1.0,0.0,0.0,0.0,0.0
dt_dual,dt,dual,development,1.125,2000,10.0,0.3,0.994,0.3,0.994,110.26809586482523,2.8051577875842995,21.71898345550974,False,True,0.0,0.994,0.006,0.0,0.0,0.0
dt_dual,dt,dual,development,1.125,2000,20.0,0.3,0.994,0.3,0.994,110.26809586482523,2.8051577875842995,21.71898345550974,False,True,0.0,0.994,0.006,0.0,0.0,0.0
dt_dual,dt,dual,development,1.125,4000,5.0,0.5,0.5645,0.5,0.5645,452.7059228545968,4.98771046673004,11.423550033649304,False,False,0.0,0.4355,0.5645,0.0,0.0,0.0
dt_dual,dt,dual,development,1.125,4000,10.0,0.5,1.0,0.5,1.0,452.7059228545968,4.98771046673004,11.423550033649304,False,False,0.0,0.0,1.0,0.0,0.0,0.0
dt_dual,dt,dual,development,1.125,4000,20.0,0.5,1.0,0.5,1.0,452.7059228545968,4.98771046673004,11.423550033649304,False,False,0.0,0.0,1.0,0.0,0.0,0.0
dt_dual,dt,dual,development,1.125,8000,5.0,0.5,1.0,0.5,1.0,966.1075049750307,3.73298808869655,6.550113316578266,False,False,0.0,0.0,1.0,0.0,0.0,0.0
dt_dual,dt,dual,development,1.125,8000,10.0,0.5,1.0,0.5,1.0,966.1075049750307,3.73298808869655,6.550113316578266,False,False,0.0,0.0,1.0,0.0,0.0,0.0
dt_dual,dt,dual,development,1.125,8000,20.0,0.8,1.0,0.8,1.0,1266.17879987605,15.145115546154747,17.962240774036463,False,False,0.0,0.0,0.0,1.0,0.0,0.0
dt_dual,dt,dual,development,1.125,16000,5.0,0.3,0.998,0.3,0.998,934.0351990984527,0.9298404882276965,2.317657551484953,False,False,0.0,0.998,0.002,0.0,0.0,0.0
dt_dual,dt,dual,development,1.125,16000,10.0,0.3,0.998,0.3,0.998,934.0351990984527,0.9298404882276965,2.317657551484953,False,False,0.0,0.998,0.002,0.0,0.0,0.0
dt_dual,dt,dual,development,1.125,16000,20.0,0.8,1.0,0.8,1.0,1149.0127953667925,11.15512419102134,12.542941254278595,False,False,0.0,0.0,0.0,1.0,0.0,0.0
dt_dual,dt,dual,development,1.125,Full,5.0,0.3,0.943,0.3,0.943,980.0367823354918,1.0797022995553756,2.00718435335678,False,False,0.0,0.943,0.057,0.0,0.0,0.0
dt_dual,dt,dual,development,1.125,Full,10.0,0.3,0.943,0.3,0.943,980.0367823354918,1.0797022995553756,2.00718435335678,False,False,0.0,0.943,0.057,0.0,0.0,0.0
dt_dual,dt,dual,development,1.125,Full,20.0,0.8,0.8665,0.8,0.8665,1118.89813067855,10.872033745167942,11.799515798969345,False,False,0.0,0.0575,0.076,0.8665,0.0,0.0
dt_dual,dt,dual,development,1.25,500,5.0,0.0,1.0,0.0,1.0,0.0,0.0,65.32261288410974,True,True,1.0,0.0,0.0,0.0,0.0,0.0
dt_dual,dt,dual,development,1.25,500,10.0,0.0,1.0,0.0,1.0,0.0,0.0,65.32261288410974,True,True,1.0,0.0,0.0,0.0,0.0,0.0
dt_dual,dt,dual,development,1.25,500,20.0,0.0,1.0,0.0,1.0,0.0,0.0,65.32261288410974,True,True,1.0,0.0,0.0,0.0,0.0,0.0
dt_dual,dt,dual,development,1.25,1000,5.0,0.0,1.0,0.0,1.0,0.0,0.0,43.81452823511243,True,True,1.0,0.0,0.0,0.0,0.0,0.0
dt_dual,dt,dual,development,1.25,1000,10.0,0.0,1.0,0.0,1.0,0.0,0.0,43.81452823511243,True,True,1.0,0.0,0.0,0.0,0.0,0.0
dt_dual,dt,dual,development,1.25,1000,20.0,0.0,1.0,0.0,1.0,0.0,0.0,43.81452823511243,True,True,1.0,0.0,0.0,0.0,0.0,0.0
dt_dual,dt,dual,development,1.25,2000,5.0,0.3,1.0,0.3,1.0,49.50414829703732,2.9060983463250203,24.47765689756977,True,True,0.0,1.0,0.0,0.0,0.0,0.0
dt_dual,dt,dual,development,1.25,2000,10.0,0.3,0.4925,0.5,0.5075,49.50414829703732,2.9060983463250203,24.47765689756977,True,True,0.0,0.4925,0.5075,0.0,0.0,0.0
dt_dual,dt,dual,development,1.25,2000,20.0,0.3,0.4925,0.5,0.5075,49.50414829703732,2.9060983463250203,24.47765689756977,True,True,0.0,0.4925,0.5075,0.0,0.0,0.0
dt_dual,dt,dual,development,1.25,4000,5.0,0.3,1.0,0.3,1.0,487.33644927934074,2.267889776795019,9.91287909484292,False,False,0.0,1.0,0.0,0.0,0.0,0.0
dt_dual,dt,dual,development,1.25,4000,10.0,0.5,0.6395,0.5,0.6395,519.1990413069016,5.6239819026225435,13.268971220670444,False,False,0.0,0.3605,0.6395,0.0,0.0,0.0
dt_dual,dt,dual,development,1.25,4000,20.0,0.5,0.6395,0.5,0.6395,519.1990413069016,5.6239819026225435,13.268971220670444,False,False,0.0,0.3605,0.6395,0.0,0.0,0.0
dt_dual,dt,dual,development,1.25,8000,5.0,0.5,0.96,0.5,0.96,881.2007138331755,4.204223132453169,7.460825149638524,False,False,0.0,0.04,0.96,0.0,0.0,0.0
dt_dual,dt,dual,development,1.25,8000,10.0,0.5,0.96,0.5,0.96,881.2007138331755,4.204223132453169,7.460825149638524,False,False,0.0,0.04,0.96,0.0,0.0,0.0
dt_dual,dt,dual,development,1.25,8000,20.0,0.8,1.0,0.8,1.0,1097.1739856776203,16.32525259094316,19.581854608128513,False,False,0.0,0.0,0.0,1.0,0.0,0.0
dt_dual,dt,dual,development,1.25,16000,5.0,0.3,1.0,0.3,1.0,936.1952517771806,1.3248709227402724,3.418085426296034,False,False,0.0,1.0,0.0,0.0,0.0,0.0
dt_dual,dt,dual,development,1.25,16000,10.0,0.3,1.0,0.3,1.0,936.1952517771806,1.3248709227402724,3.418085426296034,False,False,0.0,1.0,0.0,0.0,0.0,0.0
dt_dual,dt,dual,development,1.25,16000,20.0,0.8,1.0,0.8,1.0,1354.249684634833,12.224322682245717,14.317537185801479,False,False,0.0,0.0,0.0,1.0,0.0,0.0
dt_dual,dt,dual,development,1.25,Full,5.0,0.3,1.0,0.3,1.0,1220.1291373266977,1.3337301619061581,2.7941860591704106,False,False,0.0,1.0,0.0,0.0,0.0,0.0
dt_dual,dt,dual,development,1.25,Full,10.0,0.3,1.0,0.3,1.0,1220.1291373266977,1.3337301619061581,2.7941860591704106,False,False,0.0,1.0,0.0,0.0,0.0,0.0
dt_dual,dt,dual,development,1.25,Full,20.0,0.3,1.0,0.3,1.0,1220.1291373266977,1.3337301619061581,2.7941860591704106,False,False,0.0,1.0,0.0,0.0,0.0,0.0
dt_dual,dt,dual,development,1.375,500,5.0,0.0,1.0,0.0,1.0,0.0,0.0,67.82895992211867,True,True,1.0,0.0,0.0,0.0,0.0,0.0
dt_dual,dt,dual,development,1.375,500,10.0,0.0,1.0,0.0,1.0,0.0,0.0,67.82895992211867,True,True,1.0,0.0,0.0,0.0,0.0,0.0
dt_dual,dt,dual,development,1.375,500,20.0,0.0,1.0,0.0,1.0,0.0,0.0,67.82895992211867,True,True,1.0,0.0,0.0,0.0,0.0,0.0
dt_dual,dt,dual,development,1.375,1000,5.0,0.0,1.0,0.0,1.0,0.0,0.0,47.07561121642821,True,True,1.0,0.0,0.0,0.0,0.0,0.0
dt_dual,dt,dual,development,1.375,1000,10.0,0.0,1.0,0.0,1.0,0.0,0.0,47.07561121642821,True,True,1.0,0.0,0.0,0.0,0.0,0.0
dt_dual,dt,dual,development,1.375,1000,20.0,0.0,1.0,0.0,1.0,0.0,0.0,47.07561121642821,True,True,1.0,0.0,0.0,0.0,0.0,0.0
dt_dual,dt,dual,development,1.375,2000,5.0,0.3,1.0,0.3,1.0,10.991270705526404,3.1261336459282028,27.398623805451006,True,True,0.0,1.0,0.0,0.0,0.0,0.0
dt_dual,dt,dual,development,1.375,2000,10.0,0.5,0.9985,0.5,0.9985,36.71630034677219,6.906999915214286,31.17949007473709,True,True,0.0,0.0015,0.9985,0.0,0.0,0.0
dt_dual,dt,dual,development,1.375,2000,20.0,0.5,0.9985,0.5,0.9985,36.71630034677219,6.906999915214286,31.17949007473709,True,True,0.0,0.0015,0.9985,0.0,0.0,0.0
dt_dual,dt,dual,development,1.375,4000,5.0,0.3,1.0,0.3,1.0,547.7353149488972,2.1550497928096526,11.368301601894311,False,False,0.0,1.0,0.0,0.0,0.0,0.0
dt_dual,dt,dual,development,1.375,4000,10.0,0.5,0.9995,0.5,0.9995,635.4356371685117,5.550133598691428,14.763385407776086,False,False,0.0,0.0005,0.9995,0.0,0.0,0.0
dt_dual,dt,dual,development,1.375,4000,20.0,0.5,0.9995,0.5,0.9995,635.4356371685117,5.550133598691428,14.763385407776086,False,False,0.0,0.0005,0.9995,0.0,0.0,0.0
dt_dual,dt,dual,development,1.375,8000,5.0,0.5,1.0,0.5,1.0,1061.7384028294018,3.0287533616911824,6.832559427556569,False,False,0.0,0.0,1.0,0.0,0.0,0.0
dt_dual,dt,dual,development,1.375,8000,10.0,0.5,1.0,0.5,1.0,1061.7384028294018,3.0287533616911824,6.832559427556569,False,False,0.0,0.0,1.0,0.0,0.0,0.0
dt_dual,dt,dual,development,1.375,8000,20.0,0.5,1.0,0.5,1.0,1061.7384028294018,3.0287533616911824,6.832559427556569,False,False,0.0,0.0,1.0,0.0,0.0,0.0
dt_dual,dt,dual,development,1.375,16000,5.0,0.3,1.0,0.3,1.0,1063.2939986304082,0.8759147870900845,3.4811584910246816,False,False,0.0,1.0,0.0,0.0,0.0,0.0
dt_dual,dt,dual,development,1.375,16000,10.0,0.3,1.0,0.3,1.0,1063.2939986304082,0.8759147870900845,3.4811584910246816,False,False,0.0,1.0,0.0,0.0,0.0,0.0
dt_dual,dt,dual,development,1.375,16000,20.0,0.8,1.0,0.8,1.0,1469.619055534804,12.800176825778209,15.405420529712806,False,False,0.0,0.0,0.0,1.0,0.0,0.0
dt_dual,dt,dual,development,1.375,Full,5.0,0.3,1.0,0.3,1.0,965.3823244038867,1.3290506861824507,2.6469112270650363,False,False,0.0,1.0,0.0,0.0,0.0,0.0
dt_dual,dt,dual,development,1.375,Full,10.0,0.3,1.0,0.3,1.0,965.3823244038867,1.3290506861824507,2.6469112270650363,False,False,0.0,1.0,0.0,0.0,0.0,0.0
dt_dual,dt,dual,development,1.375,Full,20.0,0.8,0.9965,0.8,0.9965,1174.8153925353472,13.793739727489776,15.111600268372362,False,False,0.0,0.0035,0.0,0.9965,0.0,0.0
dt_dual,dt,dual,development,1.5,500,5.0,0.0,1.0,0.0,1.0,0.0,0.0,70.01372902599125,True,True,1.0,0.0,0.0,0.0,0.0,0.0
dt_dual,dt,dual,development,1.5,500,10.0,0.0,1.0,0.0,1.0,0.0,0.0,70.01372902599125,True,True,1.0,0.0,0.0,0.0,0.0,0.0
dt_dual,dt,dual,development,1.5,500,20.0,0.0,1.0,0.0,1.0,0.0,0.0,70.01372902599125,True,True,1.0,0.0,0.0,0.0,0.0,0.0
dt_dual,dt,dual,development,1.5,1000,5.0,0.0,1.0,0.0,1.0,0.0,0.0,50.041425820343896,True,True,1.0,0.0,0.0,0.0,0.0,0.0
dt_dual,dt,dual,development,1.5,1000,10.0,0.0,1.0,0.0,1.0,0.0,0.0,50.041425820343896,True,True,1.0,0.0,0.0,0.0,0.0,0.0
dt_dual,dt,dual,development,1.5,1000,20.0,0.0,1.0,0.0,1.0,0.0,0.0,50.041425820343896,True,True,1.0,0.0,0.0,0.0,0.0,0.0
dt_dual,dt,dual,development,1.5,2000,5.0,0.0,1.0,0.0,1.0,0.0,0.0,26.84755020065776,True,True,1.0,0.0,0.0,0.0,0.0,0.0
dt_dual,dt,dual,development,1.5,2000,10.0,0.0,1.0,0.0,1.0,0.0,0.0,26.84755020065776,True,True,1.0,0.0,0.0,0.0,0.0,0.0
dt_dual,dt,dual,development,1.5,2000,20.0,0.0,1.0,0.0,1.0,0.0,0.0,26.84755020065776,True,True,1.0,0.0,0.0,0.0,0.0,0.0
dt_dual,dt,dual,development,1.5,4000,5.0,0.3,1.0,0.3,1.0,500.6724890529822,2.232373712614887,12.737411102784383,False,True,0.0,1.0,0.0,0.0,0.0,0.0
dt_dual,dt,dual,development,1.5,4000,10.0,0.5,0.9945,0.5,0.9945,593.5851489205252,6.22019378703971,16.725231177209206,False,True,0.0,0.0055,0.9945,0.0,0.0,0.0
dt_dual,dt,dual,development,1.5,4000,20.0,0.5,0.9945,0.5,0.9945,593.5851489205252,6.22019378703971,16.725231177209206,False,True,0.0,0.0055,0.9945,0.0,0.0,0.0
dt_dual,dt,dual,development,1.5,8000,5.0,0.5,1.0,0.5,1.0,1157.54220259461,2.6825523929399226,7.214040215422641,False,False,0.0,0.0,1.0,0.0,0.0,0.0
dt_dual,dt,dual,development,1.5,8000,10.0,0.5,1.0,0.5,1.0,1157.54220259461,2.6825523929399226,7.214040215422641,False,False,0.0,0.0,1.0,0.0,0.0,0.0
dt_dual,dt,dual,development,1.5,8000,20.0,0.5,1.0,0.5,1.0,1157.54220259461,2.6825523929399226,7.214040215422641,False,False,0.0,0.0,1.0,0.0,0.0,0.0
dt_dual,dt,dual,development,1.5,16000,5.0,0.3,1.0,0.3,1.0,608.189683220382,0.9302395371369703,3.9022989409068445,False,False,0.0,1.0,0.0,0.0,0.0,0.0
dt_dual,dt,dual,development,1.5,16000,10.0,0.3,1.0,0.3,1.0,608.189683220382,0.9302395371369703,3.9022989409068445,False,False,0.0,1.0,0.0,0.0,0.0,0.0
dt_dual,dt,dual,development,1.5,16000,20.0,0.8,1.0,0.8,1.0,1387.502969723162,13.530206145112308,16.502265548882182,False,False,0.0,0.0,0.0,1.0,0.0,0.0
dt_dual,dt,dual,development,1.5,Full,5.0,0.3,1.0,0.3,1.0,288.3736754788333,1.3311552442600458,3.4712415081993058,False,False,0.0,1.0,0.0,0.0,0.0,0.0
dt_dual,dt,dual,development,1.5,Full,10.0,0.3,1.0,0.3,1.0,288.3736754788333,1.3311552442600458,3.4712415081993058,False,False,0.0,1.0,0.0,0.0,0.0,0.0
dt_dual,dt,dual,development,1.5,Full,20.0,0.8,1.0,0.8,1.0,1034.7115791939068,14.26782187817934,16.4079081421186,False,False,0.0,0.0,0.0,1.0,0.0,0.0
sembid_traffic_aware,sembid,traffic_aware,development,0.5,500,5.0,0.0,1.0,0.0,1.0,0.0,0.0,26.00248865131799,True,True,1.0,0.0,0.0,0.0,0.0,0.0
sembid_traffic_aware,sembid,traffic_aware,development,0.5,500,10.0,0.0,1.0,0.0,1.0,0.0,0.0,26.00248865131799,True,True,1.0,0.0,0.0,0.0,0.0,0.0
sembid_traffic_aware,sembid,traffic_aware,development,0.5,500,20.0,0.0,1.0,0.0,1.0,0.0,0.0,26.00248865131799,True,True,1.0,0.0,0.0,0.0,0.0,0.0
sembid_traffic_aware,sembid,traffic_aware,development,0.5,1000,5.0,0.3,1.0,0.3,1.0,72.34847464989434,4.316078285361939,10.60128433665379,False,False,0.0,1.0,0.0,0.0,0.0,0.0
sembid_traffic_aware,sembid,traffic_aware,development,0.5,1000,10.0,0.3,1.0,0.3,1.0,72.34847464989434,4.316078285361939,10.60128433665379,False,False,0.0,1.0,0.0,0.0,0.0,0.0
sembid_traffic_aware,sembid,traffic_aware,development,0.5,1000,20.0,0.3,1.0,0.3,1.0,72.34847464989434,4.316078285361939,10.60128433665379,False,False,0.0,1.0,0.0,0.0,0.0,0.0
sembid_traffic_aware,sembid,traffic_aware,development,0.5,2000,5.0,0.3,1.0,0.3,1.0,531.3028267025575,3.078027179058832,3.267500295468635,False,False,0.0,1.0,0.0,0.0,0.0,0.0
sembid_traffic_aware,sembid,traffic_aware,development,0.5,2000,10.0,0.5,1.0,0.5,1.0,688.6576927582364,7.04834513532077,7.237818251730573,False,False,0.0,0.0,1.0,0.0,0.0,0.0
sembid_traffic_aware,sembid,traffic_aware,development,0.5,2000,20.0,0.5,1.0,0.5,1.0,688.6576927582364,7.04834513532077,7.237818251730573,False,False,0.0,0.0,1.0,0.0,0.0,0.0
sembid_traffic_aware,sembid,traffic_aware,development,0.5,4000,5.0,0.3,1.0,0.3,1.0,1229.817894764983,2.297097460771978,2.3013216324639933,False,False,0.0,1.0,0.0,0.0,0.0,0.0
sembid_traffic_aware,sembid,traffic_aware,development,0.5,4000,10.0,0.5,1.0,0.5,1.0,1784.0352640201882,7.668034210929555,7.672258382621571,False,False,0.0,0.0,1.0,0.0,0.0,0.0
sembid_traffic_aware,sembid,traffic_aware,development,0.5,4000,20.0,0.5,1.0,0.5,1.0,1784.0352640201882,7.668034210929555,7.672258382621571,False,False,0.0,0.0,1.0,0.0,0.0,0.0
sembid_traffic_aware,sembid,traffic_aware,development,0.5,8000,5.0,0.3,1.0,0.3,1.0,1425.4636641204024,1.7004106973793902,1.7017728632293727,False,False,0.0,1.0,0.0,0.0,0.0,0.0
sembid_traffic_aware,sembid,traffic_aware,development,0.5,8000,10.0,0.5,1.0,0.5,1.0,2330.382842648991,7.235532836133828,7.23689500198381,False,False,0.0,0.0,1.0,0.0,0.0,0.0
sembid_traffic_aware,sembid,traffic_aware,development,0.5,8000,20.0,0.5,1.0,0.5,1.0,2330.382842648991,7.235532836133828,7.23689500198381,False,False,0.0,0.0,1.0,0.0,0.0,0.0
sembid_traffic_aware,sembid,traffic_aware,development,0.5,16000,5.0,0.3,1.0,0.3,1.0,1492.2502801057353,1.6794969768616899,1.7129755908805124,False,False,0.0,1.0,0.0,0.0,0.0,0.0
sembid_traffic_aware,sembid,traffic_aware,development,0.5,16000,10.0,0.5,1.0,0.5,1.0,2374.2432315032456,5.994296566811819,6.027775180830641,False,False,0.0,0.0,1.0,0.0,0.0,0.0
sembid_traffic_aware,sembid,traffic_aware,development,0.5,16000,20.0,0.5,1.0,0.5,1.0,2374.2432315032456,5.994296566811819,6.027775180830641,False,False,0.0,0.0,1.0,0.0,0.0,0.0
sembid_traffic_aware,sembid,traffic_aware,development,0.5,Full,5.0,0.3,1.0,0.3,1.0,1504.4241478597614,1.7541434746033144,1.766155032307574,False,False,0.0,1.0,0.0,0.0,0.0,0.0
sembid_traffic_aware,sembid,traffic_aware,development,0.5,Full,10.0,0.5,1.0,0.5,1.0,2376.868198146455,5.838997493749058,5.8510090514533175,False,False,0.0,0.0,1.0,0.0,0.0,0.0
sembid_traffic_aware,sembid,traffic_aware,development,0.5,Full,20.0,0.5,1.0,0.5,1.0,2376.868198146455,5.838997493749058,5.8510090514533175,False,False,0.0,0.0,1.0,0.0,0.0,0.0
sembid_traffic_aware,sembid,traffic_aware,development,0.625,500,5.0,0.0,1.0,0.0,1.0,0.0,0.0,34.69980355397013,True,True,1.0,0.0,0.0,0.0,0.0,0.0
sembid_traffic_aware,sembid,traffic_aware,development,0.625,500,10.0,0.0,1.0,0.0,1.0,0.0,0.0,34.69980355397013,True,True,1.0,0.0,0.0,0.0,0.0,0.0
sembid_traffic_aware,sembid,traffic_aware,development,0.625,500,20.0,0.0,1.0,0.0,1.0,0.0,0.0,34.69980355397013,True,True,1.0,0.0,0.0,0.0,0.0,0.0
sembid_traffic_aware,sembid,traffic_aware,development,0.625,1000,5.0,0.3,1.0,0.3,1.0,64.58514656830448,4.6126315099971364,15.833621106033348,False,True,0.0,1.0,0.0,0.0,0.0,0.0
sembid_traffic_aware,sembid,traffic_aware,development,0.625,1000,10.0,0.3,1.0,0.3,1.0,64.58514656830448,4.6126315099971364,15.833621106033348,False,True,0.0,1.0,0.0,0.0,0.0,0.0
sembid_traffic_aware,sembid,traffic_aware,development,0.625,1000,20.0,0.3,1.0,0.3,1.0,64.58514656830448,4.6126315099971364,15.833621106033348,False,True,0.0,1.0,0.0,0.0,0.0,0.0
sembid_traffic_aware,sembid,traffic_aware,development,0.625,2000,5.0,0.3,1.0,0.3,1.0,464.46529709216065,2.8892197178800085,4.255916013200856,False,False,0.0,1.0,0.0,0.0,0.0,0.0
sembid_traffic_aware,sembid,traffic_aware,development,0.625,2000,10.0,0.5,1.0,0.5,1.0,507.14161981111465,7.711037603329991,9.07773389865084,False,False,0.0,0.0,1.0,0.0,0.0,0.0
sembid_traffic_aware,sembid,traffic_aware,development,0.625,2000,20.0,0.5,1.0,0.5,1.0,507.14161981111465,7.711037603329991,9.07773389865084,False,False,0.0,0.0,1.0,0.0,0.0,0.0
sembid_traffic_aware,sembid,traffic_aware,development,0.625,4000,5.0,0.3,1.0,0.3,1.0,1234.2892495601309,2.8538204100636406,2.8665011510937735,False,False,0.0,1.0,0.0,0.0,0.0,0.0
sembid_traffic_aware,sembid,traffic_aware,development,0.625,4000,10.0,0.5,1.0,0.5,1.0,1818.0918181508687,6.854018081607778,6.866698822637911,False,False,0.0,0.0,1.0,0.0,0.0,0.0
sembid_traffic_aware,sembid,traffic_aware,development,0.625,4000,20.0,0.5,1.0,0.5,1.0,1818.0918181508687,6.854018081607778,6.866698822637911,False,False,0.0,0.0,1.0,0.0,0.0,0.0
sembid_traffic_aware,sembid,traffic_aware,development,0.625,8000,5.0,0.3,1.0,0.3,1.0,1592.4059123874185,1.7845099685015235,1.7880161888661628,False,False,0.0,1.0,0.0,0.0,0.0,0.0
sembid_traffic_aware,sembid,traffic_aware,development,0.625,8000,10.0,0.5,1.0,0.5,1.0,2525.464786635587,8.85003120021248,8.85353742057712,False,False,0.0,0.0,1.0,0.0,0.0,0.0
sembid_traffic_aware,sembid,traffic_aware,development,0.625,8000,20.0,0.8,0.6325,0.8,0.6325,3382.3694415863292,19.903768882796655,19.907275103161293,False,False,0.0,0.0,0.3675,0.6325,0.0,0.0
sembid_traffic_aware,sembid,traffic_aware,development,0.625,16000,5.0,0.3,1.0,0.3,1.0,1694.8127904687808,1.8666417838870946,1.9246151618847958,False,False,0.0,1.0,0.0,0.0,0.0,0.0
sembid_traffic_aware,sembid,traffic_aware,development,0.625,16000,10.0,0.5,1.0,0.5,1.0,2889.226287031832,6.690894063881998,6.748867441879699,False,False,0.0,0.0,1.0,0.0,0.0,0.0
sembid_traffic_aware,sembid,traffic_aware,development,0.625,16000,20.0,0.5,1.0,0.5,1.0,2889.226287031832,6.690894063881998,6.748867441879699,False,False,0.0,0.0,1.0,0.0,0.0,0.0
sembid_traffic_aware,sembid,traffic_aware,development,0.625,Full,5.0,0.3,1.0,0.3,1.0,1703.7623017280885,1.986597799232063,2.0177980611821367,False,False,0.0,1.0,0.0,0.0,0.0,0.0
sembid_traffic_aware,sembid,traffic_aware,development,0.625,Full,10.0,0.5,1.0,0.5,1.0,2927.9797606492166,6.214276150261401,6.245476412211475,False,False,0.0,0.0,1.0,0.0,0.0,0.0
sembid_traffic_aware,sembid,traffic_aware,development,0.625,Full,20.0,0.5,1.0,0.5,1.0,2927.9797606492166,6.214276150261401,6.245476412211475,False,False,0.0,0.0,1.0,0.0,0.0,0.0
sembid_traffic_aware,sembid,traffic_aware,development,0.75,500,5.0,0.0,1.0,0.0,1.0,0.0,0.0,41.622455994617766,True,True,1.0,0.0,0.0,0.0,0.0,0.0
sembid_traffic_aware,sembid,traffic_aware,development,0.75,500,10.0,0.0,1.0,0.0,1.0,0.0,0.0,41.622455994617766,True,True,1.0,0.0,0.0,0.0,0.0,0.0
sembid_traffic_aware,sembid,traffic_aware,development,0.75,500,20.0,0.0,1.0,0.0,1.0,0.0,0.0,41.622455994617766,True,True,1.0,0.0,0.0,0.0,0.0,0.0
sembid_traffic_aware,sembid,traffic_aware,development,0.75,1000,5.0,0.3,1.0,0.3,1.0,26.231217466058297,4.5587539633574785,21.09777682551016,False,True,0.0,1.0,0.0,0.0,0.0,0.0
sembid_traffic_aware,sembid,traffic_aware,development,0.75,1000,10.0,0.3,1.0,0.3,1.0,26.231217466058297,4.5587539633574785,21.09777682551016,False,True,0.0,1.0,0.0,0.0,0.0,0.0
sembid_traffic_aware,sembid,traffic_aware,development,0.75,1000,20.0,0.3,1.0,0.3,1.0,26.231217466058297,4.5587539633574785,21.09777682551016,False,True,0.0,1.0,0.0,0.0,0.0,0.0
sembid_traffic_aware,sembid,traffic_aware,development,0.75,2000,5.0,0.3,1.0,0.3,1.0,361.46539037853563,2.7003669312204615,5.229256344935042,False,False,0.0,1.0,0.0,0.0,0.0,0.0
sembid_traffic_aware,sembid,traffic_aware,development,0.75,2000,10.0,0.3,1.0,0.3,1.0,361.46539037853563,2.7003669312204615,5.229256344935042,False,False,0.0,1.0,0.0,0.0,0.0,0.0
sembid_traffic_aware,sembid,traffic_aware,development,0.75,2000,20.0,0.3,1.0,0.3,1.0,361.46539037853563,2.7003669312204615,5.229256344935042,False,False,0.0,1.0,0.0,0.0,0.0,0.0
sembid_traffic_aware,sembid,traffic_aware,development,0.75,4000,5.0,0.3,1.0,0.3,1.0,1119.3058597703966,3.0956431522733965,3.1888469792355423,False,False,0.0,1.0,0.0,0.0,0.0,0.0
sembid_traffic_aware,sembid,traffic_aware,development,0.75,4000,10.0,0.5,1.0,0.5,1.0,1775.6239202566412,6.3810253036655356,6.474229130627681,False,False,0.0,0.0,1.0,0.0,0.0,0.0
sembid_traffic_aware,sembid,traffic_aware,development,0.75,4000,20.0,0.5,1.0,0.5,1.0,1775.6239202566412,6.3810253036655356,6.474229130627681,False,False,0.0,0.0,1.0,0.0,0.0,0.0
sembid_traffic_aware,sembid,traffic_aware,development,0.75,8000,5.0,0.3,1.0,0.3,1.0,1776.604205769574,1.8145471061318328,1.834199928951272,False,False,0.0,1.0,0.0,0.0,0.0,0.0
sembid_traffic_aware,sembid,traffic_aware,development,0.75,8000,10.0,0.5,1.0,0.5,1.0,2704.095454561684,9.284431005876524,9.304083828695964,False,False,0.0,0.0,1.0,0.0,0.0,0.0
sembid_traffic_aware,sembid,traffic_aware,development,0.75,8000,20.0,0.5,1.0,0.5,1.0,2704.095454561684,9.284431005876524,9.304083828695964,False,False,0.0,0.0,1.0,0.0,0.0,0.0
sembid_traffic_aware,sembid,traffic_aware,development,0.75,16000,5.0,0.3,1.0,0.3,1.0,1894.4284113348003,1.7519468845073471,1.8258937447501944,False,False,0.0,1.0,0.0,0.0,0.0,0.0
sembid_traffic_aware,sembid,traffic_aware,development,0.75,16000,10.0,0.5,1.0,0.5,1.0,3263.097650591546,7.8868721825182275,7.9608190427610745,False,False,0.0,0.0,1.0,0.0,0.0,0.0
sembid_traffic_aware,sembid,traffic_aware,development,0.75,16000,20.0,0.5,1.0,0.5,1.0,3263.097650591546,7.8868721825182275,7.9608190427610745,False,False,0.0,0.0,1.0,0.0,0.0,0.0
sembid_traffic_aware,sembid,traffic_aware,development,0.75,Full,5.0,0.3,1.0,0.3,1.0,1912.0347399859602,1.869153923494518,1.9339765942258462,False,False,0.0,1.0,0.0,0.0,0.0,0.0
sembid_traffic_aware,sembid,traffic_aware,development,0.75,Full,10.0,0.5,1.0,0.5,1.0,3284.054094976649,7.290676824347621,7.3554994950789485,False,False,0.0,0.0,1.0,0.0,0.0,0.0
sembid_traffic_aware,sembid,traffic_aware,development,0.75,Full,20.0,0.5,1.0,0.5,1.0,3284.054094976649,7.290676824347621,7.3554994950789485,False,False,0.0,0.0,1.0,0.0,0.0,0.0
sembid_traffic_aware,sembid,traffic_aware,development,0.875,500,5.0,0.0,1.0,0.0,1.0,0.0,0.0,47.375476653965336,True,True,1.0,0.0,0.0,0.0,0.0,0.0
sembid_traffic_aware,sembid,traffic_aware,development,0.875,500,10.0,0.0,1.0,0.0,1.0,0.0,0.0,47.375476653965336,True,True,1.0,0.0,0.0,0.0,0.0,0.0
sembid_traffic_aware,sembid,traffic_aware,development,0.875,500,20.0,0.0,1.0,0.0,1.0,0.0,0.0,47.375476653965336,True,True,1.0,0.0,0.0,0.0,0.0,0.0
sembid_traffic_aware,sembid,traffic_aware,development,0.875,1000,5.0,0.0,0.9845,0.0,0.9845,0.0,0.0,21.78766024056975,True,True,0.9845,0.0155,0.0,0.0,0.0,0.0
sembid_traffic_aware,sembid,traffic_aware,development,0.875,1000,10.0,0.0,0.9845,0.0,0.9845,0.0,0.0,21.78766024056975,True,True,0.9845,0.0155,0.0,0.0,0.0,0.0
sembid_traffic_aware,sembid,traffic_aware,development,0.875,1000,20.0,0.0,0.9845,0.0,0.9845,0.0,0.0,21.78766024056975,True,True,0.9845,0.0155,0.0,0.0,0.0,0.0
sembid_traffic_aware,sembid,traffic_aware,development,0.875,2000,5.0,0.3,1.0,0.3,1.0,221.29191288558832,4.18003197091007,8.001128476490738,False,False,0.0,1.0,0.0,0.0,0.0,0.0
sembid_traffic_aware,sembid,traffic_aware,development,0.875,2000,10.0,0.3,1.0,0.3,1.0,221.29191288558832,4.18003197091007,8.001128476490738,False,False,0.0,1.0,0.0,0.0,0.0,0.0
sembid_traffic_aware,sembid,traffic_aware,development,0.875,2000,20.0,0.3,1.0,0.3,1.0,221.29191288558832,4.18003197091007,8.001128476490738,False,False,0.0,1.0,0.0,0.0,0.0,0.0
sembid_traffic_aware,sembid,traffic_aware,development,0.875,4000,5.0,0.3,1.0,0.3,1.0,1057.0478362156591,3.067102231450018,3.2352579205684804,False,False,0.0,1.0,0.0,0.0,0.0,0.0
sembid_traffic_aware,sembid,traffic_aware,development,0.875,4000,10.0,0.5,1.0,0.5,1.0,1633.2261342401562,6.579873405278829,6.748029094397292,False,False,0.0,0.0,1.0,0.0,0.0,0.0
sembid_traffic_aware,sembid,traffic_aware,development,0.875,4000,20.0,0.5,1.0,0.5,1.0,1633.2261342401562,6.579873405278829,6.748029094397292,False,False,0.0,0.0,1.0,0.0,0.0,0.0
sembid_traffic_aware,sembid,traffic_aware,development,0.875,8000,5.0,0.3,1.0,0.3,1.0,1849.5272420454294,2.148409008842179,2.188025914826123,False,False,0.0,1.0,0.0,0.0,0.0,0.0
sembid_traffic_aware,sembid,traffic_aware,development,0.875,8000,10.0,0.5,1.0,0.5,1.0,2901.2717328962062,8.89957325554286,8.939190161526804,False,False,0.0,0.0,1.0,0.0,0.0,0.0
sembid_traffic_aware,sembid,traffic_aware,development,0.875,8000,20.0,0.5,1.0,0.5,1.0,2901.2717328962062,8.89957325554286,8.939190161526804,False,False,0.0,0.0,1.0,0.0,0.0,0.0
sembid_traffic_aware,sembid,traffic_aware,development,0.875,16000,5.0,0.3,1.0,0.3,1.0,2049.653420476472,2.0461556760851973,2.1166304697285847,False,False,0.0,1.0,0.0,0.0,0.0,0.0
sembid_traffic_aware,sembid,traffic_aware,development,0.875,16000,10.0,0.5,1.0,0.5,1.0,3540.656989164854,8.438074734283722,8.50854952792711,False,False,0.0,0.0,1.0,0.0,0.0,0.0
sembid_traffic_aware,sembid,traffic_aware,development,0.875,16000,20.0,0.5,1.0,0.5,1.0,3540.656989164854,8.438074734283722,8.50854952792711,False,False,0.0,0.0,1.0,0.0,0.0,0.0
sembid_traffic_aware,sembid,traffic_aware,development,0.875,Full,5.0,0.3,1.0,0.3,1.0,2128.525817054062,1.9789659750385853,2.0575604182227925,False,False,0.0,1.0,0.0,0.0,0.0,0.0
sembid_traffic_aware,sembid,traffic_aware,development,0.875,Full,10.0,0.5,1.0,0.5,1.0,3668.262813954152,7.676116374735654,7.754710817919861,False,False,0.0,0.0,1.0,0.0,0.0,0.0
sembid_traffic_aware,sembid,traffic_aware,development,0.875,Full,20.0,0.5,1.0,0.5,1.0,3668.262813954152,7.676116374735654,7.754710817919861,False,False,0.0,0.0,1.0,0.0,0.0,0.0
sembid_traffic_aware,sembid,traffic_aware,development,1.0,500,5.0,0.0,1.0,0.0,1.0,0.0,0.0,52.02607109796882,True,True,1.0,0.0,0.0,0.0,0.0,0.0
sembid_traffic_aware,sembid,traffic_aware,development,1.0,500,10.0,0.0,1.0,0.0,1.0,0.0,0.0,52.02607109796882,True,True,1.0,0.0,0.0,0.0,0.0,0.0
sembid_traffic_aware,sembid,traffic_aware,development,1.0,500,20.0,0.0,1.0,0.0,1.0,0.0,0.0,52.02607109796882,True,True,1.0,0.0,0.0,0.0,0.0,0.0
sembid_traffic_aware,sembid,traffic_aware,development,1.0,1000,5.0,0.0,1.0,0.0,1.0,0.0,0.0,25.96451763089868,True,True,1.0,0.0,0.0,0.0,0.0,0.0
sembid_traffic_aware,sembid,traffic_aware,development,1.0,1000,10.0,0.0,1.0,0.0,1.0,0.0,0.0,25.96451763089868,True,True,1.0,0.0,0.0,0.0,0.0,0.0
sembid_traffic_aware,sembid,traffic_aware,development,1.0,1000,20.0,0.0,1.0,0.0,1.0,0.0,0.0,25.96451763089868,True,True,1.0,0.0,0.0,0.0,0.0,0.0
sembid_traffic_aware,sembid,traffic_aware,development,1.0,2000,5.0,0.3,1.0,0.3,1.0,179.43024330264234,4.502601146687256,10.73097104060548,False,False,0.0,1.0,0.0,0.0,0.0,0.0
sembid_traffic_aware,sembid,traffic_aware,development,1.0,2000,10.0,0.3,1.0,0.3,1.0,179.43024330264234,4.502601146687256,10.73097104060548,False,False,0.0,1.0,0.0,0.0,0.0,0.0
sembid_traffic_aware,sembid,traffic_aware,development,1.0,2000,20.0,0.3,1.0,0.3,1.0,179.43024330264234,4.502601146687256,10.73097104060548,False,False,0.0,1.0,0.0,0.0,0.0,0.0
sembid_traffic_aware,sembid,traffic_aware,development,1.0,4000,5.0,0.3,1.0,0.3,1.0,974.0011925797389,3.2336975333781597,3.782244586047799,False,False,0.0,1.0,0.0,0.0,0.0,0.0
sembid_traffic_aware,sembid,traffic_aware,development,1.0,4000,10.0,0.5,1.0,0.5,1.0,1443.3526308771925,6.739612675873245,7.288159728542884,False,False,0.0,0.0,1.0,0.0,0.0,0.0
sembid_traffic_aware,sembid,traffic_aware,development,1.0,4000,20.0,0.5,1.0,0.5,1.0,1443.3526308771925,6.739612675873245,7.288159728542884,False,False,0.0,0.0,1.0,0.0,0.0,0.0
sembid_traffic_aware,sembid,traffic_aware,development,1.0,8000,5.0,0.3,1.0,0.3,1.0,1943.805283959131,2.347398102825454,2.3999955230032417,False,False,0.0,1.0,0.0,0.0,0.0,0.0
sembid_traffic_aware,sembid,traffic_aware,development,1.0,8000,10.0,0.5,1.0,0.5,1.0,2975.1006659570558,8.614287979011046,8.666885399188834,False,False,0.0,0.0,1.0,0.0,0.0,0.0
sembid_traffic_aware,sembid,traffic_aware,development,1.0,8000,20.0,0.5,1.0,0.5,1.0,2975.1006659570558,8.614287979011046,8.666885399188834,False,False,0.0,0.0,1.0,0.0,0.0,0.0
sembid_traffic_aware,sembid,traffic_aware,development,1.0,16000,5.0,0.3,1.0,0.3,1.0,2169.7436918095173,2.1849084485373815,2.264022550106804,False,False,0.0,1.0,0.0,0.0,0.0,0.0
sembid_traffic_aware,sembid,traffic_aware,development,1.0,16000,10.0,0.5,1.0,0.5,1.0,3797.9872620675087,8.924837619135559,9.00395172070498,False,False,0.0,0.0,1.0,0.0,0.0,0.0
sembid_traffic_aware,sembid,traffic_aware,development,1.0,16000,20.0,0.5,1.0,0.5,1.0,3797.9872620675087,8.924837619135559,9.00395172070498,False,False,0.0,0.0,1.0,0.0,0.0,0.0
sembid_traffic_aware,sembid,traffic_aware,development,1.0,Full,5.0,0.3,1.0,0.3,1.0,2324.7143414864913,2.0430786073685203,2.1303512893047394,False,False,0.0,1.0,0.0,0.0,0.0,0.0
sembid_traffic_aware,sembid,traffic_aware,development,1.0,Full,10.0,0.5,1.0,0.5,1.0,3956.782094624681,8.491881824033221,8.579154505969441,False,False,0.0,0.0,1.0,0.0,0.0,0.0
sembid_traffic_aware,sembid,traffic_aware,development,1.0,Full,20.0,0.5,1.0,0.5,1.0,3956.782094624681,8.491881824033221,8.579154505969441,False,False,0.0,0.0,1.0,0.0,0.0,0.0
sembid_traffic_aware,sembid,traffic_aware,development,1.125,500,5.0,0.0,1.0,0.0,1.0,0.0,0.0,55.954981800241406,True,True,1.0,0.0,0.0,0.0,0.0,0.0
sembid_traffic_aware,sembid,traffic_aware,development,1.125,500,10.0,0.0,1.0,0.0,1.0,0.0,0.0,55.954981800241406,True,True,1.0,0.0,0.0,0.0,0.0,0.0
sembid_traffic_aware,sembid,traffic_aware,development,1.125,500,20.0,0.0,1.0,0.0,1.0,0.0,0.0,55.954981800241406,True,True,1.0,0.0,0.0,0.0,0.0,0.0
sembid_traffic_aware,sembid,traffic_aware,development,1.125,1000,5.0,0.0,1.0,0.0,1.0,0.0,0.0,30.31372216797983,True,True,1.0,0.0,0.0,0.0,0.0,0.0
sembid_traffic_aware,sembid,traffic_aware,development,1.125,1000,10.0,0.0,1.0,0.0,1.0,0.0,0.0,30.31372216797983,True,True,1.0,0.0,0.0,0.0,0.0,0.0
sembid_traffic_aware,sembid,traffic_aware,development,1.125,1000,20.0,0.0,1.0,0.0,1.0,0.0,0.0,30.31372216797983,True,True,1.0,0.0,0.0,0.0,0.0,0.0
sembid_traffic_aware,sembid,traffic_aware,development,1.125,2000,5.0,0.3,1.0,0.3,1.0,202.42884217449864,4.272950647763089,13.074616792852128,False,False,0.0,1.0,0.0,0.0,0.0,0.0
sembid_traffic_aware,sembid,traffic_aware,development,1.125,2000,10.0,0.3,1.0,0.3,1.0,202.42884217449864,4.272950647763089,13.074616792852128,False,False,0.0,1.0,0.0,0.0,0.0,0.0
sembid_traffic_aware,sembid,traffic_aware,development,1.125,2000,20.0,0.3,1.0,0.3,1.0,202.42884217449864,4.272950647763089,13.074616792852128,False,False,0.0,1.0,0.0,0.0,0.0,0.0
sembid_traffic_aware,sembid,traffic_aware,development,1.125,4000,5.0,0.3,1.0,0.3,1.0,972.5138582939508,2.7398226068386187,3.9583128168313046,False,False,0.0,1.0,0.0,0.0,0.0,0.0
sembid_traffic_aware,sembid,traffic_aware,development,1.125,4000,10.0,0.5,1.0,0.5,1.0,1356.1312426144614,6.30528647888487,7.523776688877557,False,False,0.0,0.0,1.0,0.0,0.0,0.0
sembid_traffic_aware,sembid,traffic_aware,development,1.125,4000,20.0,0.5,1.0,0.5,1.0,1356.1312426144614,6.30528647888487,7.523776688877557,False,False,0.0,0.0,1.0,0.0,0.0,0.0
sembid_traffic_aware,sembid,traffic_aware,development,1.125,8000,5.0,0.3,1.0,0.3,1.0,1923.2238614620983,2.5379366734290274,2.5982175633341096,False,False,0.0,1.0,0.0,0.0,0.0,0.0
sembid_traffic_aware,sembid,traffic_aware,development,1.125,8000,10.0,0.5,1.0,0.5,1.0,2951.1190532978544,8.354627379492886,8.414908269397968,False,False,0.0,0.0,1.0,0.0,0.0,0.0
sembid_traffic_aware,sembid,traffic_aware,development,1.125,8000,20.0,0.5,1.0,0.5,1.0,2951.1190532978544,8.354627379492886,8.414908269397968,False,False,0.0,0.0,1.0,0.0,0.0,0.0
sembid_traffic_aware,sembid,traffic_aware,development,1.125,16000,5.0,0.3,1.0,0.3,1.0,2231.469506969981,2.357936075216211,2.448732648361427,False,False,0.0,1.0,0.0,0.0,0.0,0.0
sembid_traffic_aware,sembid,traffic_aware,development,1.125,16000,10.0,0.5,1.0,0.5,1.0,4063.5763672483754,8.354783788993279,8.445580362138495,False,False,0.0,0.0,1.0,0.0,0.0,0.0
sembid_traffic_aware,sembid,traffic_aware,development,1.125,16000,20.0,0.5,1.0,0.5,1.0,4063.5763672483754,8.354783788993279,8.445580362138495,False,False,0.0,0.0,1.0,0.0,0.0,0.0
sembid_traffic_aware,sembid,traffic_aware,development,1.125,Full,5.0,0.3,1.0,0.3,1.0,2457.26100200317,2.132035076899782,2.20557557612727,False,False,0.0,1.0,0.0,0.0,0.0,0.0
sembid_traffic_aware,sembid,traffic_aware,development,1.125,Full,10.0,0.5,1.0,0.5,1.0,4364.7874552454905,7.851446475316705,7.924986974544193,False,False,0.0,0.0,1.0,0.0,0.0,0.0
sembid_traffic_aware,sembid,traffic_aware,development,1.125,Full,20.0,0.5,1.0,0.5,1.0,4364.7874552454905,7.851446475316705,7.924986974544193,False,False,0.0,0.0,1.0,0.0,0.0,0.0
sembid_traffic_aware,sembid,traffic_aware,development,1.25,500,5.0,0.0,1.0,0.0,1.0,0.0,0.0,59.36318889432076,True,True,1.0,0.0,0.0,0.0,0.0,0.0
sembid_traffic_aware,sembid,traffic_aware,development,1.25,500,10.0,0.0,1.0,0.0,1.0,0.0,0.0,59.36318889432076,True,True,1.0,0.0,0.0,0.0,0.0,0.0
sembid_traffic_aware,sembid,traffic_aware,development,1.25,500,20.0,0.0,1.0,0.0,1.0,0.0,0.0,59.36318889432076,True,True,1.0,0.0,0.0,0.0,0.0,0.0
sembid_traffic_aware,sembid,traffic_aware,development,1.25,1000,5.0,0.0,1.0,0.0,1.0,0.0,0.0,34.662441197220666,True,True,1.0,0.0,0.0,0.0,0.0,0.0
sembid_traffic_aware,sembid,traffic_aware,development,1.25,1000,10.0,0.0,1.0,0.0,1.0,0.0,0.0,34.662441197220666,True,True,1.0,0.0,0.0,0.0,0.0,0.0
sembid_traffic_aware,sembid,traffic_aware,development,1.25,1000,20.0,0.0,1.0,0.0,1.0,0.0,0.0,34.662441197220666,True,True,1.0,0.0,0.0,0.0,0.0,0.0
sembid_traffic_aware,sembid,traffic_aware,development,1.25,2000,5.0,0.3,1.0,0.3,1.0,213.094383624466,4.108217819487065,15.51680653616993,False,True,0.0,1.0,0.0,0.0,0.0,0.0
sembid_traffic_aware,sembid,traffic_aware,development,1.25,2000,10.0,0.3,1.0,0.3,1.0,213.094383624466,4.108217819487065,15.51680653616993,False,True,0.0,1.0,0.0,0.0,0.0,0.0
sembid_traffic_aware,sembid,traffic_aware,development,1.25,2000,20.0,0.3,1.0,0.3,1.0,213.094383624466,4.108217819487065,15.51680653616993,False,True,0.0,1.0,0.0,0.0,0.0,0.0
sembid_traffic_aware,sembid,traffic_aware,development,1.25,4000,5.0,0.3,1.0,0.3,1.0,978.9359563000617,2.164496222906976,3.840443204170865,False,False,0.0,1.0,0.0,0.0,0.0,0.0
sembid_traffic_aware,sembid,traffic_aware,development,1.25,4000,10.0,0.5,1.0,0.5,1.0,1307.0137563698754,5.979351878704421,7.655298859968309,False,False,0.0,0.0,1.0,0.0,0.0,0.0
sembid_traffic_aware,sembid,traffic_aware,development,1.25,4000,20.0,0.5,1.0,0.5,1.0,1307.0137563698754,5.979351878704421,7.655298859968309,False,False,0.0,0.0,1.0,0.0,0.0,0.0
sembid_traffic_aware,sembid,traffic_aware,development,1.25,8000,5.0,0.3,1.0,0.3,1.0,1786.4365194943748,2.8846856433546355,3.035856826967097,False,False,0.0,1.0,0.0,0.0,0.0,0.0
sembid_traffic_aware,sembid,traffic_aware,development,1.25,8000,10.0,0.5,1.0,0.5,1.0,2980.628677167948,7.835039500944915,7.986210684557377,False,False,0.0,0.0,1.0,0.0,0.0,0.0
sembid_traffic_aware,sembid,traffic_aware,development,1.25,8000,20.0,0.5,1.0,0.5,1.0,2980.628677167948,7.835039500944915,7.986210684557377,False,False,0.0,0.0,1.0,0.0,0.0,0.0
sembid_traffic_aware,sembid,traffic_aware,development,1.25,16000,5.0,0.3,1.0,0.3,1.0,2192.4100561244195,2.3797549809905374,2.4761779981667225,False,False,0.0,1.0,0.0,0.0,0.0,0.0
sembid_traffic_aware,sembid,traffic_aware,development,1.25,16000,10.0,0.5,1.0,0.5,1.0,4238.113257447503,7.024822606265179,7.1212456234413635,False,False,0.0,0.0,1.0,0.0,0.0,0.0
sembid_traffic_aware,sembid,traffic_aware,development,1.25,16000,20.0,0.5,1.0,0.5,1.0,4238.113257447503,7.024822606265179,7.1212456234413635,False,False,0.0,0.0,1.0,0.0,0.0,0.0
sembid_traffic_aware,sembid,traffic_aware,development,1.25,Full,5.0,0.3,1.0,0.3,1.0,2346.6817162243988,2.2845314432642425,2.3632865068934783,False,False,0.0,1.0,0.0,0.0,0.0,0.0
sembid_traffic_aware,sembid,traffic_aware,development,1.25,Full,10.0,0.5,1.0,0.5,1.0,4439.389018428086,6.636800980142337,6.7155560437715724,False,False,0.0,0.0,1.0,0.0,0.0,0.0
sembid_traffic_aware,sembid,traffic_aware,development,1.25,Full,20.0,0.5,1.0,0.5,1.0,4439.389018428086,6.636800980142337,6.7155560437715724,False,False,0.0,0.0,1.0,0.0,0.0,0.0
sembid_traffic_aware,sembid,traffic_aware,development,1.375,500,5.0,0.0,1.0,0.0,1.0,0.0,0.0,62.276045554638706,True,True,1.0,0.0,0.0,0.0,0.0,0.0
sembid_traffic_aware,sembid,traffic_aware,development,1.375,500,10.0,0.0,1.0,0.0,1.0,0.0,0.0,62.276045554638706,True,True,1.0,0.0,0.0,0.0,0.0,0.0
sembid_traffic_aware,sembid,traffic_aware,development,1.375,500,20.0,0.0,1.0,0.0,1.0,0.0,0.0,62.276045554638706,True,True,1.0,0.0,0.0,0.0,0.0,0.0
sembid_traffic_aware,sembid,traffic_aware,development,1.375,1000,5.0,0.0,1.0,0.0,1.0,0.0,0.0,38.28432551003936,True,True,1.0,0.0,0.0,0.0,0.0,0.0
sembid_traffic_aware,sembid,traffic_aware,development,1.375,1000,10.0,0.0,1.0,0.0,1.0,0.0,0.0,38.28432551003936,True,True,1.0,0.0,0.0,0.0,0.0,0.0
sembid_traffic_aware,sembid,traffic_aware,development,1.375,1000,20.0,0.0,1.0,0.0,1.0,0.0,0.0,38.28432551003936,True,True,1.0,0.0,0.0,0.0,0.0,0.0
sembid_traffic_aware,sembid,traffic_aware,development,1.375,2000,5.0,0.3,1.0,0.3,1.0,188.44845976277065,4.195153518332241,18.107468060358435,False,True,0.0,1.0,0.0,0.0,0.0,0.0
sembid_traffic_aware,sembid,traffic_aware,development,1.375,2000,10.0,0.3,1.0,0.3,1.0,188.44845976277065,4.195153518332241,18.107468060358435,False,True,0.0,1.0,0.0,0.0,0.0,0.0
sembid_traffic_aware,sembid,traffic_aware,development,1.375,2000,20.0,0.3,1.0,0.3,1.0,188.44845976277065,4.195153518332241,18.107468060358435,False,True,0.0,1.0,0.0,0.0,0.0,0.0
sembid_traffic_aware,sembid,traffic_aware,development,1.375,4000,5.0,0.3,1.0,0.3,1.0,893.1274743508529,2.647943792704895,4.453106524009696,False,False,0.0,1.0,0.0,0.0,0.0,0.0
sembid_traffic_aware,sembid,traffic_aware,development,1.375,4000,10.0,0.5,1.0,0.5,1.0,1238.8413410174362,6.362042167070863,8.167204898375664,False,False,0.0,0.0,1.0,0.0,0.0,0.0
sembid_traffic_aware,sembid,traffic_aware,development,1.375,4000,20.0,0.5,1.0,0.5,1.0,1238.8413410174362,6.362042167070863,8.167204898375664,False,False,0.0,0.0,1.0,0.0,0.0,0.0
sembid_traffic_aware,sembid,traffic_aware,development,1.375,8000,5.0,0.3,1.0,0.3,1.0,1515.605567225215,2.7315206021432803,2.917850820977529,False,False,0.0,1.0,0.0,0.0,0.0,0.0
sembid_traffic_aware,sembid,traffic_aware,development,1.375,8000,10.0,0.5,1.0,0.5,1.0,2382.9754779839604,7.628584244198778,7.814914463033026,False,False,0.0,0.0,1.0,0.0,0.0,0.0
sembid_traffic_aware,sembid,traffic_aware,development,1.375,8000,20.0,0.5,1.0,0.5,1.0,2382.9754779839604,7.628584244198778,7.814914463033026,False,False,0.0,0.0,1.0,0.0,0.0,0.0
sembid_traffic_aware,sembid,traffic_aware,development,1.375,16000,5.0,0.3,1.0,0.3,1.0,1830.77545666086,2.7483511181945204,2.842444048003174,False,False,0.0,1.0,0.0,0.0,0.0,0.0
sembid_traffic_aware,sembid,traffic_aware,development,1.375,16000,10.0,0.5,1.0,0.5,1.0,3741.0984773147393,6.494733975529189,6.588826905337842,False,False,0.0,0.0,1.0,0.0,0.0,0.0
sembid_traffic_aware,sembid,traffic_aware,development,1.375,16000,20.0,0.5,1.0,0.5,1.0,3741.0984773147393,6.494733975529189,6.588826905337842,False,False,0.0,0.0,1.0,0.0,0.0,0.0
sembid_traffic_aware,sembid,traffic_aware,development,1.375,Full,5.0,0.3,1.0,0.3,1.0,1836.1721895929986,2.7506985512652333,2.8294518827063024,False,False,0.0,1.0,0.0,0.0,0.0,0.0
sembid_traffic_aware,sembid,traffic_aware,development,1.375,Full,10.0,0.5,1.0,0.5,1.0,3768.760393818524,6.347391053352825,6.426144384793894,False,False,0.0,0.0,1.0,0.0,0.0,0.0
sembid_traffic_aware,sembid,traffic_aware,development,1.375,Full,20.0,0.5,1.0,0.5,1.0,3768.760393818524,6.347391053352825,6.426144384793894,False,False,0.0,0.0,1.0,0.0,0.0,0.0
sembid_traffic_aware,sembid,traffic_aware,development,1.5,500,5.0,0.0,1.0,0.0,1.0,0.0,0.0,64.76193444213321,True,True,1.0,0.0,0.0,0.0,0.0,0.0
sembid_traffic_aware,sembid,traffic_aware,development,1.5,500,10.0,0.0,1.0,0.0,1.0,0.0,0.0,64.76193444213321,True,True,1.0,0.0,0.0,0.0,0.0,0.0
sembid_traffic_aware,sembid,traffic_aware,development,1.5,500,20.0,0.0,1.0,0.0,1.0,0.0,0.0,64.76193444213321,True,True,1.0,0.0,0.0,0.0,0.0,0.0
sembid_traffic_aware,sembid,traffic_aware,development,1.5,1000,5.0,0.0,1.0,0.0,1.0,0.0,0.0,41.58472486785632,True,True,1.0,0.0,0.0,0.0,0.0,0.0
sembid_traffic_aware,sembid,traffic_aware,development,1.5,1000,10.0,0.0,1.0,0.0,1.0,0.0,0.0,41.58472486785632,True,True,1.0,0.0,0.0,0.0,0.0,0.0
sembid_traffic_aware,sembid,traffic_aware,development,1.5,1000,20.0,0.0,1.0,0.0,1.0,0.0,0.0,41.58472486785632,True,True,1.0,0.0,0.0,0.0,0.0,0.0
sembid_traffic_aware,sembid,traffic_aware,development,1.5,2000,5.0,0.3,1.0,0.3,1.0,171.05712327351648,3.8131755673779786,20.348898450137977,False,True,0.0,1.0,0.0,0.0,0.0,0.0
sembid_traffic_aware,sembid,traffic_aware,development,1.5,2000,10.0,0.3,1.0,0.3,1.0,171.05712327351648,3.8131755673779786,20.348898450137977,False,True,0.0,1.0,0.0,0.0,0.0,0.0
sembid_traffic_aware,sembid,traffic_aware,development,1.5,2000,20.0,0.3,1.0,0.3,1.0,171.05712327351648,3.8131755673779786,20.348898450137977,False,True,0.0,1.0,0.0,0.0,0.0,0.0
sembid_traffic_aware,sembid,traffic_aware,development,1.5,4000,5.0,0.3,1.0,0.3,1.0,831.5647376777179,2.6631296728712255,5.530721752272954,False,False,0.0,1.0,0.0,0.0,0.0,0.0
sembid_traffic_aware,sembid,traffic_aware,development,1.5,4000,10.0,0.5,1.0,0.5,1.0,1087.9094917100574,5.605225825664913,8.472817905066641,False,False,0.0,0.0,1.0,0.0,0.0,0.0
sembid_traffic_aware,sembid,traffic_aware,development,1.5,4000,20.0,0.5,1.0,0.5,1.0,1087.9094917100574,5.605225825664913,8.472817905066641,False,False,0.0,0.0,1.0,0.0,0.0,0.0
sembid_traffic_aware,sembid,traffic_aware,development,1.5,8000,5.0,0.3,1.0,0.3,1.0,1396.1823155079474,2.842603462917517,3.037032552895201,False,False,0.0,1.0,0.0,0.0,0.0,0.0
sembid_traffic_aware,sembid,traffic_aware,development,1.5,8000,10.0,0.5,1.0,0.5,1.0,2104.3964106384956,7.304253073670534,7.498682163648218,False,False,0.0,0.0,1.0,0.0,0.0,0.0
sembid_traffic_aware,sembid,traffic_aware,development,1.5,8000,20.0,0.5,1.0,0.5,1.0,2104.3964106384956,7.304253073670534,7.498682163648218,False,False,0.0,0.0,1.0,0.0,0.0,0.0
sembid_traffic_aware,sembid,traffic_aware,development,1.5,16000,5.0,0.3,1.0,0.3,1.0,1750.2275849253783,2.6132716246719396,2.724380566377279,False,False,0.0,1.0,0.0,0.0,0.0,0.0
sembid_traffic_aware,sembid,traffic_aware,development,1.5,16000,10.0,0.5,1.0,0.5,1.0,3452.4127915338395,6.196864520276715,6.307973461982054,False,False,0.0,0.0,1.0,0.0,0.0,0.0
sembid_traffic_aware,sembid,traffic_aware,development,1.5,16000,20.0,0.5,1.0,0.5,1.0,3452.4127915338395,6.196864520276715,6.307973461982054,False,False,0.0,0.0,1.0,0.0,0.0,0.0
sembid_traffic_aware,sembid,traffic_aware,development,1.5,Full,5.0,0.3,1.0,0.3,1.0,1683.6845149369874,2.256032112236659,2.33818400696214,False,False,0.0,1.0,0.0,0.0,0.0,0.0
sembid_traffic_aware,sembid,traffic_aware,development,1.5,Full,10.0,0.5,1.0,0.5,1.0,3531.691210458779,5.817980688709785,5.900132583435266,False,False,0.0,0.0,1.0,0.0,0.0,0.0
sembid_traffic_aware,sembid,traffic_aware,development,1.5,Full,20.0,0.5,1.0,0.5,1.0,3531.691210458779,5.817980688709785,5.900132583435266,False,False,0.0,0.0,1.0,0.0,0.0,0.0
sembid_pid,sembid,pid,development,0.5,500,5.0,0.0,1.0,0.0,1.0,0.0,0.0,45.08143215207608,True,True,1.0,0.0,0.0,0.0,0.0,0.0
sembid_pid,sembid,pid,development,0.5,500,10.0,0.0,1.0,0.0,1.0,0.0,0.0,45.08143215207608,True,True,1.0,0.0,0.0,0.0,0.0,0.0
sembid_pid,sembid,pid,development,0.5,500,20.0,0.0,1.0,0.0,1.0,0.0,0.0,45.08143215207608,True,True,1.0,0.0,0.0,0.0,0.0,0.0
sembid_pid,sembid,pid,development,0.5,1000,5.0,0.0,1.0,0.0,1.0,0.0,0.0,23.36867710636655,True,True,1.0,0.0,0.0,0.0,0.0,0.0
sembid_pid,sembid,pid,development,0.5,1000,10.0,0.0,1.0,0.0,1.0,0.0,0.0,23.36867710636655,True,True,1.0,0.0,0.0,0.0,0.0,0.0
sembid_pid,sembid,pid,development,0.5,1000,20.0,0.0,1.0,0.0,1.0,0.0,0.0,23.36867710636655,True,True,1.0,0.0,0.0,0.0,0.0,0.0
sembid_pid,sembid,pid,development,0.5,2000,5.0,0.3,1.0,0.3,1.0,164.16355515366286,3.1625296895875312,11.701972083191855,False,False,0.0,1.0,0.0,0.0,0.0,0.0
sembid_pid,sembid,pid,development,0.5,2000,10.0,0.3,1.0,0.3,1.0,164.16355515366286,3.1625296895875312,11.701972083191855,False,False,0.0,1.0,0.0,0.0,0.0,0.0
sembid_pid,sembid,pid,development,0.5,2000,20.0,0.3,1.0,0.3,1.0,164.16355515366286,3.1625296895875312,11.701972083191855,False,False,0.0,1.0,0.0,0.0,0.0,0.0
sembid_pid,sembid,pid,development,0.5,4000,5.0,0.3,1.0,0.3,1.0,228.8445629174057,2.356937445247756,5.769744687166906,False,False,0.0,1.0,0.0,0.0,0.0,0.0
sembid_pid,sembid,pid,development,0.5,4000,10.0,0.3,1.0,0.3,1.0,228.8445629174057,2.356937445247756,5.769744687166906,False,False,0.0,1.0,0.0,0.0,0.0,0.0
sembid_pid,sembid,pid,development,0.5,4000,20.0,0.8,0.9675,0.8,0.9675,258.60625983379305,19.622266476609443,23.035073718528594,False,False,0.0,0.0325,0.0,0.9675,0.0,0.0
sembid_pid,sembid,pid,development,0.5,8000,5.0,0.5,1.0,0.5,1.0,342.27599988493876,3.6818752353602733,6.891893346227551,False,False,0.0,0.0,1.0,0.0,0.0,0.0
sembid_pid,sembid,pid,development,0.5,8000,10.0,0.5,0.9985,0.5,0.9985,342.27599988493876,3.6818752353602733,6.891893346227551,False,False,0.0,0.0,0.9985,0.0015,0.0,0.0
sembid_pid,sembid,pid,development,0.5,8000,20.0,0.8,1.0,0.8,1.0,1414.5146263039105,10.538330783039596,13.748348893906874,False,False,0.0,0.0,0.0,1.0,0.0,0.0
sembid_pid,sembid,pid,development,0.5,16000,5.0,0.5,0.986,0.5,0.986,83.74291936485861,1.76375554592483,4.6204488504910985,False,False,0.0,0.014,0.986,0.0,0.0,0.0
sembid_pid,sembid,pid,development,0.5,16000,10.0,0.8,1.0,0.8,1.0,1632.1123160485722,8.653062511511722,11.509755816077991,False,False,0.0,0.0,0.0,1.0,0.0,0.0
sembid_pid,sembid,pid,development,0.5,16000,20.0,0.8,1.0,0.8,1.0,1632.1123160485722,8.653062511511722,11.509755816077991,False,False,0.0,0.0,0.0,1.0,0.0,0.0
sembid_pid,sembid,pid,development,0.5,Full,5.0,0.5,1.0,0.5,1.0,118.946357212978,1.1001459130166187,3.740558344608949,False,False,0.0,0.0,1.0,0.0,0.0,0.0
sembid_pid,sembid,pid,development,0.5,Full,10.0,0.8,1.0,0.8,1.0,1563.75126404392,8.895644165355527,11.536056596947859,False,False,0.0,0.0,0.0,1.0,0.0,0.0
sembid_pid,sembid,pid,development,0.5,Full,20.0,0.8,1.0,0.8,1.0,1563.75126404392,8.895644165355527,11.536056596947859,False,False,0.0,0.0,0.0,1.0,0.0,0.0
sembid_pid,sembid,pid,development,0.625,500,5.0,0.0,1.0,0.0,1.0,0.0,0.0,52.28843473881758,True,True,1.0,0.0,0.0,0.0,0.0,0.0
sembid_pid,sembid,pid,development,0.625,500,10.0,0.0,1.0,0.0,1.0,0.0,0.0,52.28843473881758,True,True,1.0,0.0,0.0,0.0,0.0,0.0
sembid_pid,sembid,pid,development,0.625,500,20.0,0.0,1.0,0.0,1.0,0.0,0.0,52.28843473881758,True,True,1.0,0.0,0.0,0.0,0.0,0.0
sembid_pid,sembid,pid,development,0.625,1000,5.0,0.0,1.0,0.0,1.0,0.0,0.0,29.883886932877953,True,True,1.0,0.0,0.0,0.0,0.0,0.0
sembid_pid,sembid,pid,development,0.625,1000,10.0,0.0,1.0,0.0,1.0,0.0,0.0,29.883886932877953,True,True,1.0,0.0,0.0,0.0,0.0,0.0
sembid_pid,sembid,pid,development,0.625,1000,20.0,0.0,1.0,0.0,1.0,0.0,0.0,29.883886932877953,True,True,1.0,0.0,0.0,0.0,0.0,0.0
sembid_pid,sembid,pid,development,0.625,2000,5.0,0.3,1.0,0.3,1.0,29.40281185036838,3.707198693437242,15.286568442213193,False,True,0.0,1.0,0.0,0.0,0.0,0.0
sembid_pid,sembid,pid,development,0.625,2000,10.0,0.3,1.0,0.3,1.0,29.40281185036838,3.707198693437242,15.286568442213193,False,True,0.0,1.0,0.0,0.0,0.0,0.0
sembid_pid,sembid,pid,development,0.625,2000,20.0,0.3,1.0,0.3,1.0,29.40281185036838,3.707198693437242,15.286568442213193,False,True,0.0,1.0,0.0,0.0,0.0,0.0
sembid_pid,sembid,pid,development,0.625,4000,5.0,0.3,1.0,0.3,1.0,188.045480817731,2.9806001508948192,7.821401583149293,False,False,0.0,1.0,0.0,0.0,0.0,0.0
sembid_pid,sembid,pid,development,0.625,4000,10.0,0.5,0.9155,0.5,0.9155,211.38921027863762,8.21843966566587,13.059241097920342,False,False,0.0,0.0845,0.9155,0.0,0.0,0.0
sembid_pid,sembid,pid,development,0.625,4000,20.0,0.5,0.9155,0.5,0.9155,211.38921027863762,8.21843966566587,13.059241097920342,False,False,0.0,0.0845,0.9155,0.0,0.0,0.0
sembid_pid,sembid,pid,development,0.625,8000,5.0,0.5,1.0,0.5,1.0,596.1170617011849,4.2485881682672435,7.632383467575193,False,False,0.0,0.0,1.0,0.0,0.0,0.0
sembid_pid,sembid,pid,development,0.625,8000,10.0,0.5,1.0,0.5,1.0,596.1170617011849,4.2485881682672435,7.632383467575193,False,False,0.0,0.0,1.0,0.0,0.0,0.0
sembid_pid,sembid,pid,development,0.625,8000,20.0,0.8,1.0,0.8,1.0,1556.3831771801215,12.797221866416258,16.181017165724207,False,False,0.0,0.0,0.0,1.0,0.0,0.0
sembid_pid,sembid,pid,development,0.625,16000,5.0,0.5,1.0,0.5,1.0,415.80762997267993,3.3225326904623818,6.366509699010698,False,False,0.0,0.0,1.0,0.0,0.0,0.0
sembid_pid,sembid,pid,development,0.625,16000,10.0,0.8,1.0,0.8,1.0,2459.00998335871,8.868223004570972,11.912200013119287,False,False,0.0,0.0,0.0,1.0,0.0,0.0
sembid_pid,sembid,pid,development,0.625,16000,20.0,0.8,1.0,0.8,1.0,2459.00998335871,8.868223004570972,11.912200013119287,False,False,0.0,0.0,0.0,1.0,0.0,0.0
sembid_pid,sembid,pid,development,0.625,Full,5.0,0.5,1.0,0.5,1.0,410.68068402392964,1.7818027129156047,4.670259578042725,False,False,0.0,0.0,1.0,0.0,0.0,0.0
sembid_pid,sembid,pid,development,0.625,Full,10.0,0.8,1.0,0.8,1.0,2405.5990427617853,9.227713391300501,12.11617025642762,False,False,0.0,0.0,0.0,1.0,0.0,0.0
sembid_pid,sembid,pid,development,0.625,Full,20.0,0.8,1.0,0.8,1.0,2405.5990427617853,9.227713391300501,12.11617025642762,False,False,0.0,0.0,0.0,1.0,0.0,0.0
sembid_pid,sembid,pid,development,0.75,500,5.0,0.0,1.0,0.0,1.0,0.0,0.0,57.78758740375219,True,True,1.0,0.0,0.0,0.0,0.0,0.0
sembid_pid,sembid,pid,development,0.75,500,10.0,0.0,1.0,0.0,1.0,0.0,0.0,57.78758740375219,True,True,1.0,0.0,0.0,0.0,0.0,0.0
sembid_pid,sembid,pid,development,0.75,500,20.0,0.0,1.0,0.0,1.0,0.0,0.0,57.78758740375219,True,True,1.0,0.0,0.0,0.0,0.0,0.0
sembid_pid,sembid,pid,development,0.75,1000,5.0,0.0,1.0,0.0,1.0,0.0,0.0,35.65570228204128,True,True,1.0,0.0,0.0,0.0,0.0,0.0
sembid_pid,sembid,pid,development,0.75,1000,10.0,0.0,1.0,0.0,1.0,0.0,0.0,35.65570228204128,True,True,1.0,0.0,0.0,0.0,0.0,0.0
sembid_pid,sembid,pid,development,0.75,1000,20.0,0.0,1.0,0.0,1.0,0.0,0.0,35.65570228204128,True,True,1.0,0.0,0.0,0.0,0.0,0.0
sembid_pid,sembid,pid,development,0.75,2000,5.0,0.0,1.0,0.0,1.0,0.0,0.0,15.637012718423655,False,True,1.0,0.0,0.0,0.0,0.0,0.0
sembid_pid,sembid,pid,development,0.75,2000,10.0,0.0,1.0,0.0,1.0,0.0,0.0,15.637012718423655,False,True,1.0,0.0,0.0,0.0,0.0,0.0
sembid_pid,sembid,pid,development,0.75,2000,20.0,0.0,1.0,0.0,1.0,0.0,0.0,15.637012718423655,False,True,1.0,0.0,0.0,0.0,0.0,0.0
sembid_pid,sembid,pid,development,0.75,4000,5.0,0.3,1.0,0.3,1.0,263.9845373731714,2.819387728769999,9.35003782609392,False,False,0.0,1.0,0.0,0.0,0.0,0.0
sembid_pid,sembid,pid,development,0.75,4000,10.0,0.5,1.0,0.5,1.0,347.7544138312642,7.310593031264838,13.84124312858876,False,False,0.0,0.0,1.0,0.0,0.0,0.0
sembid_pid,sembid,pid,development,0.75,4000,20.0,0.5,1.0,0.5,1.0,347.7544138312642,7.310593031264838,13.84124312858876,False,False,0.0,0.0,1.0,0.0,0.0,0.0
sembid_pid,sembid,pid,development,0.75,8000,5.0,0.3,1.0,0.3,1.0,476.54884550526003,1.8979040803690475,5.40744921436531,False,False,0.0,1.0,0.0,0.0,0.0,0.0
sembid_pid,sembid,pid,development,0.75,8000,10.0,0.5,1.0,0.5,1.0,622.6670162474347,5.2835554790590304,8.793100613055293,False,False,0.0,0.0,1.0,0.0,0.0,0.0
sembid_pid,sembid,pid,development,0.75,8000,20.0,0.8,1.0,0.8,1.0,1348.2431657890265,15.326852116953852,18.836397250950114,False,False,0.0,0.0,0.0,1.0,0.0,0.0
sembid_pid,sembid,pid,development,0.75,16000,5.0,0.5,1.0,0.5,1.0,575.8257372726475,3.4238145667213518,7.564825769230311,False,False,0.0,0.0,1.0,0.0,0.0,0.0
sembid_pid,sembid,pid,development,0.75,16000,10.0,0.5,1.0,0.5,1.0,575.8257372726475,3.4238145667213518,7.564825769230311,False,False,0.0,0.0,1.0,0.0,0.0,0.0
sembid_pid,sembid,pid,development,0.75,16000,20.0,0.8,1.0,0.8,1.0,2422.612831566741,11.380596314563133,15.521607517072093,False,False,0.0,0.0,0.0,1.0,0.0,0.0
sembid_pid,sembid,pid,development,0.75,Full,5.0,0.5,1.0,0.5,1.0,485.1490935236434,2.272936953008026,5.72145205450078,False,False,0.0,0.0,1.0,0.0,0.0,0.0
sembid_pid,sembid,pid,development,0.75,Full,10.0,0.5,1.0,0.5,1.0,485.1490935236434,2.272936953008026,5.72145205450078,False,False,0.0,0.0,1.0,0.0,0.0,0.0
sembid_pid,sembid,pid,development,0.75,Full,20.0,0.8,1.0,0.8,1.0,2458.4559348993535,11.18893054360746,14.637445645100215,False,False,0.0,0.0,0.0,1.0,0.0,0.0
sembid_pid,sembid,pid,development,0.875,500,5.0,0.0,1.0,0.0,1.0,0.0,0.0,62.070838725139815,True,True,1.0,0.0,0.0,0.0,0.0,0.0
sembid_pid,sembid,pid,development,0.875,500,10.0,0.0,1.0,0.0,1.0,0.0,0.0,62.070838725139815,True,True,1.0,0.0,0.0,0.0,0.0,0.0
sembid_pid,sembid,pid,development,0.875,500,20.0,0.0,1.0,0.0,1.0,0.0,0.0,62.070838725139815,True,True,1.0,0.0,0.0,0.0,0.0,0.0
sembid_pid,sembid,pid,development,0.875,1000,5.0,0.0,1.0,0.0,1.0,0.0,0.0,40.64490418852911,True,True,1.0,0.0,0.0,0.0,0.0,0.0
sembid_pid,sembid,pid,development,0.875,1000,10.0,0.0,1.0,0.0,1.0,0.0,0.0,40.64490418852911,True,True,1.0,0.0,0.0,0.0,0.0,0.0
sembid_pid,sembid,pid,development,0.875,1000,20.0,0.0,1.0,0.0,1.0,0.0,0.0,40.64490418852911,True,True,1.0,0.0,0.0,0.0,0.0,0.0
sembid_pid,sembid,pid,development,0.875,2000,5.0,0.0,1.0,0.0,1.0,0.0,0.0,19.769242867302562,False,True,1.0,0.0,0.0,0.0,0.0,0.0
sembid_pid,sembid,pid,development,0.875,2000,10.0,0.0,1.0,0.0,1.0,0.0,0.0,19.769242867302562,False,True,1.0,0.0,0.0,0.0,0.0,0.0
sembid_pid,sembid,pid,development,0.875,2000,20.0,0.0,1.0,0.0,1.0,0.0,0.0,19.769242867302562,False,True,1.0,0.0,0.0,0.0,0.0,0.0
sembid_pid,sembid,pid,development,0.875,4000,5.0,0.3,1.0,0.3,1.0,242.87526125491786,3.1915663572731603,10.421065941238766,False,False,0.0,1.0,0.0,0.0,0.0,0.0
sembid_pid,sembid,pid,development,0.875,4000,10.0,0.5,1.0,0.5,1.0,283.90259795278325,7.847556406338057,15.077055990303663,False,False,0.0,0.0,1.0,0.0,0.0,0.0
sembid_pid,sembid,pid,development,0.875,4000,20.0,0.5,1.0,0.5,1.0,283.90259795278325,7.847556406338057,15.077055990303663,False,False,0.0,0.0,1.0,0.0,0.0,0.0
sembid_pid,sembid,pid,development,0.875,8000,5.0,0.3,1.0,0.3,1.0,181.5422394949419,3.272642398868528,6.950054202058145,False,False,0.0,1.0,0.0,0.0,0.0,0.0
sembid_pid,sembid,pid,development,0.875,8000,10.0,0.5,1.0,0.5,1.0,326.9895829614343,7.21189495070738,10.889306753896998,False,False,0.0,0.0,1.0,0.0,0.0,0.0
sembid_pid,sembid,pid,development,0.875,8000,20.0,0.8,1.0,0.8,1.0,960.6775535067081,18.18067298585086,21.858084789040475,False,False,0.0,0.0,0.0,1.0,0.0,0.0
sembid_pid,sembid,pid,development,0.875,16000,5.0,0.5,1.0,0.5,1.0,750.995601279621,3.7855220309554527,8.483611201630717,False,False,0.0,0.0,1.0,0.0,0.0,0.0
sembid_pid,sembid,pid,development,0.875,16000,10.0,0.5,1.0,0.5,1.0,750.995601279621,3.7855220309554527,8.483611201630717,False,False,0.0,0.0,1.0,0.0,0.0,0.0
sembid_pid,sembid,pid,development,0.875,16000,20.0,0.8,1.0,0.8,1.0,2659.280693884004,12.463876875189555,17.16196604586482,False,False,0.0,0.0,0.0,1.0,0.0,0.0
sembid_pid,sembid,pid,development,0.875,Full,5.0,0.5,1.0,0.5,1.0,618.0048773101335,3.9153736801954997,7.711398489222967,False,False,0.0,0.0,1.0,0.0,0.0,0.0
sembid_pid,sembid,pid,development,0.875,Full,10.0,0.5,1.0,0.5,1.0,618.0048773101335,3.9153736801954997,7.711398489222967,False,False,0.0,0.0,1.0,0.0,0.0,0.0
sembid_pid,sembid,pid,development,0.875,Full,20.0,0.8,1.0,0.8,1.0,2805.006875780311,13.003087145290024,16.799111954317492,False,False,0.0,0.0,0.0,1.0,0.0,0.0
sembid_pid,sembid,pid,development,1.0,500,5.0,0.0,1.0,0.0,1.0,0.0,0.0,65.52893671226012,True,True,1.0,0.0,0.0,0.0,0.0,0.0
sembid_pid,sembid,pid,development,1.0,500,10.0,0.0,1.0,0.0,1.0,0.0,0.0,65.52893671226012,True,True,1.0,0.0,0.0,0.0,0.0,0.0
sembid_pid,sembid,pid,development,1.0,500,20.0,0.0,1.0,0.0,1.0,0.0,0.0,65.52893671226012,True,True,1.0,0.0,0.0,0.0,0.0,0.0
sembid_pid,sembid,pid,development,1.0,1000,5.0,0.0,1.0,0.0,1.0,0.0,0.0,45.061037435040326,True,True,1.0,0.0,0.0,0.0,0.0,0.0
sembid_pid,sembid,pid,development,1.0,1000,10.0,0.0,1.0,0.0,1.0,0.0,0.0,45.061037435040326,True,True,1.0,0.0,0.0,0.0,0.0,0.0
sembid_pid,sembid,pid,development,1.0,1000,20.0,0.0,1.0,0.0,1.0,0.0,0.0,45.061037435040326,True,True,1.0,0.0,0.0,0.0,0.0,0.0
sembid_pid,sembid,pid,development,1.0,2000,5.0,0.0,1.0,0.0,1.0,0.0,0.0,23.32305494980881,True,True,1.0,0.0,0.0,0.0,0.0,0.0
sembid_pid,sembid,pid,development,1.0,2000,10.0,0.0,1.0,0.0,1.0,0.0,0.0,23.32305494980881,True,True,1.0,0.0,0.0,0.0,0.0,0.0
sembid_pid,sembid,pid,development,1.0,2000,20.0,0.0,1.0,0.0,1.0,0.0,0.0,23.32305494980881,True,True,1.0,0.0,0.0,0.0,0.0,0.0
sembid_pid,sembid,pid,development,1.0,4000,5.0,0.3,1.0,0.3,1.0,302.2823889531792,3.388367293005242,11.815468272136853,False,False,0.0,1.0,0.0,0.0,0.0,0.0
sembid_pid,sembid,pid,development,1.0,4000,10.0,0.3,1.0,0.3,1.0,302.2823889531792,3.388367293005242,11.815468272136853,False,False,0.0,1.0,0.0,0.0,0.0,0.0
sembid_pid,sembid,pid,development,1.0,4000,20.0,0.3,1.0,0.3,1.0,302.2823889531792,3.388367293005242,11.815468272136853,False,False,0.0,1.0,0.0,0.0,0.0,0.0
sembid_pid,sembid,pid,development,1.0,8000,5.0,0.3,1.0,0.3,1.0,137.6798281018655,2.7993631979552465,7.034056340921414,False,False,0.0,1.0,0.0,0.0,0.0,0.0
sembid_pid,sembid,pid,development,1.0,8000,10.0,0.5,1.0,0.5,1.0,306.10659994248635,7.427560641885949,11.662253784852117,False,False,0.0,0.0,1.0,0.0,0.0,0.0
sembid_pid,sembid,pid,development,1.0,8000,20.0,0.5,0.826,0.5,0.826,306.10659994248635,7.427560641885949,11.662253784852117,False,False,0.0,0.0,0.826,0.174,0.0,0.0
sembid_pid,sembid,pid,development,1.0,16000,5.0,0.3,0.9965,0.3,0.9965,226.24683261434257,1.5540992780091187,5.545718264033727,False,False,0.0,0.9965,0.0035,0.0,0.0,0.0
sembid_pid,sembid,pid,development,1.0,16000,10.0,0.5,1.0,0.5,1.0,848.6017642366751,5.144930870667929,9.136549856692538,False,False,0.0,0.0,1.0,0.0,0.0,0.0
sembid_pid,sembid,pid,development,1.0,16000,20.0,0.8,1.0,0.8,1.0,2778.9708030999427,14.801274849394225,18.792893835418834,False,False,0.0,0.0,0.0,1.0,0.0,0.0
sembid_pid,sembid,pid,development,1.0,Full,5.0,0.5,1.0,0.5,1.0,887.806170686792,4.5118157953943,8.573980381204018,False,False,0.0,0.0,1.0,0.0,0.0,0.0
sembid_pid,sembid,pid,development,1.0,Full,10.0,0.5,1.0,0.5,1.0,887.806170686792,4.5118157953943,8.573980381204018,False,False,0.0,0.0,1.0,0.0,0.0,0.0
sembid_pid,sembid,pid,development,1.0,Full,20.0,0.8,1.0,0.8,1.0,3127.7924970086187,14.76581088142423,18.827975467233948,False,False,0.0,0.0,0.0,1.0,0.0,0.0
sembid_pid,sembid,pid,development,1.125,500,5.0,0.0,1.0,0.0,1.0,0.0,0.0,68.40863659783825,True,True,1.0,0.0,0.0,0.0,0.0,0.0
sembid_pid,sembid,pid,development,1.125,500,10.0,0.0,1.0,0.0,1.0,0.0,0.0,68.40863659783825,True,True,1.0,0.0,0.0,0.0,0.0,0.0
sembid_pid,sembid,pid,development,1.125,500,20.0,0.0,1.0,0.0,1.0,0.0,0.0,68.40863659783825,True,True,1.0,0.0,0.0,0.0,0.0,0.0
sembid_pid,sembid,pid,development,1.125,1000,5.0,0.0,1.0,0.0,1.0,0.0,0.0,48.929720895282266,True,True,1.0,0.0,0.0,0.0,0.0,0.0
sembid_pid,sembid,pid,development,1.125,1000,10.0,0.0,1.0,0.0,1.0,0.0,0.0,48.929720895282266,True,True,1.0,0.0,0.0,0.0,0.0,0.0
sembid_pid,sembid,pid,development,1.125,1000,20.0,0.0,1.0,0.0,1.0,0.0,0.0,48.929720895282266,True,True,1.0,0.0,0.0,0.0,0.0,0.0
sembid_pid,sembid,pid,development,1.125,2000,5.0,0.0,1.0,0.0,1.0,0.0,0.0,26.759713678371142,True,True,1.0,0.0,0.0,0.0,0.0,0.0
sembid_pid,sembid,pid,development,1.125,2000,10.0,0.0,1.0,0.0,1.0,0.0,0.0,26.759713678371142,True,True,1.0,0.0,0.0,0.0,0.0,0.0
sembid_pid,sembid,pid,development,1.125,2000,20.0,0.0,1.0,0.0,1.0,0.0,0.0,26.759713678371142,True,True,1.0,0.0,0.0,0.0,0.0,0.0
sembid_pid,sembid,pid,development,1.125,4000,5.0,0.3,1.0,0.3,1.0,253.99744525670576,3.1838436524013662,13.278756089915753,False,True,0.0,1.0,0.0,0.0,0.0,0.0
sembid_pid,sembid,pid,development,1.125,4000,10.0,0.3,1.0,0.3,1.0,253.99744525670576,3.1838436524013662,13.278756089915753,False,True,0.0,1.0,0.0,0.0,0.0,0.0
sembid_pid,sembid,pid,development,1.125,4000,20.0,0.3,1.0,0.3,1.0,253.99744525670576,3.1838436524013662,13.278756089915753,False,True,0.0,1.0,0.0,0.0,0.0,0.0
sembid_pid,sembid,pid,development,1.125,8000,5.0,0.3,1.0,0.3,1.0,52.63294271223822,3.1012735315756563,7.936833240786336,False,False,0.0,1.0,0.0,0.0,0.0,0.0
sembid_pid,sembid,pid,development,1.125,8000,10.0,0.5,1.0,0.5,1.0,529.0723838256326,7.384239944611455,12.219799653822134,False,False,0.0,0.0,1.0,0.0,0.0,0.0
sembid_pid,sembid,pid,development,1.125,8000,20.0,0.5,1.0,0.5,1.0,529.0723838256326,7.384239944611455,12.219799653822134,False,False,0.0,0.0,1.0,0.0,0.0,0.0
sembid_pid,sembid,pid,development,1.125,16000,5.0,0.3,1.0,0.3,1.0,355.5785928567402,1.5881719293164975,5.908587604183392,False,False,0.0,1.0,0.0,0.0,0.0,0.0
sembid_pid,sembid,pid,development,1.125,16000,10.0,0.5,1.0,0.5,1.0,851.9338812269289,5.9335102436765625,10.253925918543457,False,False,0.0,0.0,1.0,0.0,0.0,0.0
sembid_pid,sembid,pid,development,1.125,16000,20.0,0.8,1.0,0.8,1.0,2937.0848038440563,16.078148451427587,20.39856412629448,False,False,0.0,0.0,0.0,1.0,0.0,0.0
sembid_pid,sembid,pid,development,1.125,Full,5.0,0.5,1.0,0.5,1.0,1118.8484818901834,4.810961692277442,9.65944179811055,False,False,0.0,0.0,1.0,0.0,0.0,0.0
sembid_pid,sembid,pid,development,1.125,Full,10.0,0.5,1.0,0.5,1.0,1118.8484818901834,4.810961692277442,9.65944179811055,False,False,0.0,0.0,1.0,0.0,0.0,0.0
sembid_pid,sembid,pid,development,1.125,Full,20.0,0.8,1.0,0.8,1.0,3499.5950357662205,15.366741493955047,20.215221599788155,False,False,0.0,0.0,0.0,1.0,0.0,0.0
sembid_pid,sembid,pid,development,1.25,500,5.0,0.0,1.0,0.0,1.0,0.0,0.0,70.93263480559754,True,True,1.0,0.0,0.0,0.0,0.0,0.0
sembid_pid,sembid,pid,development,1.25,500,10.0,0.0,1.0,0.0,1.0,0.0,0.0,70.93263480559754,True,True,1.0,0.0,0.0,0.0,0.0,0.0
sembid_pid,sembid,pid,development,1.25,500,20.0,0.0,1.0,0.0,1.0,0.0,0.0,70.93263480559754,True,True,1.0,0.0,0.0,0.0,0.0,0.0
sembid_pid,sembid,pid,development,1.25,1000,5.0,0.0,1.0,0.0,1.0,0.0,0.0,52.27499406988176,True,True,1.0,0.0,0.0,0.0,0.0,0.0
sembid_pid,sembid,pid,development,1.25,1000,10.0,0.0,1.0,0.0,1.0,0.0,0.0,52.27499406988176,True,True,1.0,0.0,0.0,0.0,0.0,0.0
sembid_pid,sembid,pid,development,1.25,1000,20.0,0.0,1.0,0.0,1.0,0.0,0.0,52.27499406988176,True,True,1.0,0.0,0.0,0.0,0.0,0.0
sembid_pid,sembid,pid,development,1.25,2000,5.0,0.0,1.0,0.0,1.0,0.0,0.0,29.92034111131979,True,True,1.0,0.0,0.0,0.0,0.0,0.0
sembid_pid,sembid,pid,development,1.25,2000,10.0,0.0,1.0,0.0,1.0,0.0,0.0,29.92034111131979,True,True,1.0,0.0,0.0,0.0,0.0,0.0
sembid_pid,sembid,pid,development,1.25,2000,20.0,0.0,1.0,0.0,1.0,0.0,0.0,29.92034111131979,True,True,1.0,0.0,0.0,0.0,0.0,0.0
sembid_pid,sembid,pid,development,1.25,4000,5.0,0.3,1.0,0.3,1.0,164.71486795017518,3.4048425863008394,15.188897184225036,False,True,0.0,1.0,0.0,0.0,0.0,0.0
sembid_pid,sembid,pid,development,1.25,4000,10.0,0.3,1.0,0.3,1.0,164.71486795017518,3.4048425863008394,15.188897184225036,False,True,0.0,1.0,0.0,0.0,0.0,0.0
sembid_pid,sembid,pid,development,1.25,4000,20.0,0.3,1.0,0.3,1.0,164.71486795017518,3.4048425863008394,15.188897184225036,False,True,0.0,1.0,0.0,0.0,0.0,0.0
sembid_pid,sembid,pid,development,1.25,8000,5.0,0.3,1.0,0.3,1.0,149.80414666908837,3.1154240597908123,8.549343493680887,False,False,0.0,1.0,0.0,0.0,0.0,0.0
sembid_pid,sembid,pid,development,1.25,8000,10.0,0.5,1.0,0.5,1.0,657.5814616226271,7.291207078958723,12.725126512848798,False,False,0.0,0.0,1.0,0.0,0.0,0.0
sembid_pid,sembid,pid,development,1.25,8000,20.0,0.5,1.0,0.5,1.0,657.5814616226271,7.291207078958723,12.725126512848798,False,False,0.0,0.0,1.0,0.0,0.0,0.0
sembid_pid,sembid,pid,development,1.25,16000,5.0,0.3,1.0,0.3,1.0,549.4720783864886,1.6572472818596884,6.012512416152462,False,False,0.0,1.0,0.0,0.0,0.0,0.0
sembid_pid,sembid,pid,development,1.25,16000,10.0,0.5,1.0,0.5,1.0,1006.4305408392229,6.098983498534761,10.454248632827534,False,False,0.0,0.0,1.0,0.0,0.0,0.0
sembid_pid,sembid,pid,development,1.25,16000,20.0,0.8,1.0,0.8,1.0,2789.771683421108,17.79735337743646,22.15261851172923,False,False,0.0,0.0,0.0,1.0,0.0,0.0
sembid_pid,sembid,pid,development,1.25,Full,5.0,0.3,1.0,0.3,1.0,457.328494246638,2.2886066503582017,6.339703445113738,False,False,0.0,1.0,0.0,0.0,0.0,0.0
sembid_pid,sembid,pid,development,1.25,Full,10.0,0.5,1.0,0.5,1.0,1033.7769143018522,6.823514995636814,10.87461179039235,False,False,0.0,0.0,1.0,0.0,0.0,0.0
sembid_pid,sembid,pid,development,1.25,Full,20.0,0.8,1.0,0.8,1.0,3443.0359398332985,17.858195706384826,21.909292501140364,False,False,0.0,0.0,0.0,1.0,0.0,0.0
sembid_pid,sembid,pid,development,1.375,500,5.0,0.0,1.0,0.0,1.0,0.0,0.0,73.10106894401153,True,True,1.0,0.0,0.0,0.0,0.0,0.0
sembid_pid,sembid,pid,development,1.375,500,10.0,0.0,1.0,0.0,1.0,0.0,0.0,73.10106894401153,True,True,1.0,0.0,0.0,0.0,0.0,0.0
sembid_pid,sembid,pid,development,1.375,500,20.0,0.0,1.0,0.0,1.0,0.0,0.0,73.10106894401153,True,True,1.0,0.0,0.0,0.0,0.0,0.0
sembid_pid,sembid,pid,development,1.375,1000,5.0,0.0,1.0,0.0,1.0,0.0,0.0,55.20213374796925,True,True,1.0,0.0,0.0,0.0,0.0,0.0
sembid_pid,sembid,pid,development,1.375,1000,10.0,0.0,1.0,0.0,1.0,0.0,0.0,55.20213374796925,True,True,1.0,0.0,0.0,0.0,0.0,0.0
sembid_pid,sembid,pid,development,1.375,1000,20.0,0.0,1.0,0.0,1.0,0.0,0.0,55.20213374796925,True,True,1.0,0.0,0.0,0.0,0.0,0.0
sembid_pid,sembid,pid,development,1.375,2000,5.0,0.0,1.0,0.0,1.0,0.0,0.0,32.88262610489711,True,True,1.0,0.0,0.0,0.0,0.0,0.0
sembid_pid,sembid,pid,development,1.375,2000,10.0,0.0,1.0,0.0,1.0,0.0,0.0,32.88262610489711,True,True,1.0,0.0,0.0,0.0,0.0,0.0
sembid_pid,sembid,pid,development,1.375,2000,20.0,0.0,1.0,0.0,1.0,0.0,0.0,32.88262610489711,True,True,1.0,0.0,0.0,0.0,0.0,0.0
sembid_pid,sembid,pid,development,1.375,4000,5.0,0.3,1.0,0.3,1.0,72.97232545843872,3.5795491851902437,17.28137189190917,False,True,0.0,1.0,0.0,0.0,0.0,0.0
sembid_pid,sembid,pid,development,1.375,4000,10.0,0.3,1.0,0.3,1.0,72.97232545843872,3.5795491851902437,17.28137189190917,False,True,0.0,1.0,0.0,0.0,0.0,0.0
sembid_pid,sembid,pid,development,1.375,4000,20.0,0.3,1.0,0.3,1.0,72.97232545843872,3.5795491851902437,17.28137189190917,False,True,0.0,1.0,0.0,0.0,0.0,0.0
sembid_pid,sembid,pid,development,1.375,8000,5.0,0.3,1.0,0.3,1.0,298.4697931975752,3.3083092315665796,9.222907724422901,False,False,0.0,1.0,0.0,0.0,0.0,0.0
sembid_pid,sembid,pid,development,1.375,8000,10.0,0.5,1.0,0.5,1.0,756.7786340077764,7.7507827080375185,13.66538120089384,False,False,0.0,0.0,1.0,0.0,0.0,0.0
sembid_pid,sembid,pid,development,1.375,8000,20.0,0.5,1.0,0.5,1.0,756.7786340077764,7.7507827080375185,13.66538120089384,False,False,0.0,0.0,1.0,0.0,0.0,0.0
sembid_pid,sembid,pid,development,1.375,16000,5.0,0.3,1.0,0.3,1.0,832.174810616667,1.5840468427072611,6.038985719588148,False,False,0.0,1.0,0.0,0.0,0.0,0.0
sembid_pid,sembid,pid,development,1.375,16000,10.0,0.5,1.0,0.5,1.0,1350.7300722132422,5.854665129346829,10.309604006227715,False,False,0.0,0.0,1.0,0.0,0.0,0.0
sembid_pid,sembid,pid,development,1.375,16000,20.0,0.8,1.0,0.8,1.0,2585.311380448369,19.380302993434277,23.835241870315162,False,False,0.0,0.0,0.0,1.0,0.0,0.0
sembid_pid,sembid,pid,development,1.375,Full,5.0,0.3,1.0,0.3,1.0,829.7219419625872,2.5683672808324136,6.949302318247673,False,False,0.0,1.0,0.0,0.0,0.0,0.0
sembid_pid,sembid,pid,development,1.375,Full,10.0,0.5,1.0,0.5,1.0,1234.487077469381,7.148746761412838,11.529681798828097,False,False,0.0,0.0,1.0,0.0,0.0,0.0
sembid_pid,sembid,pid,development,1.375,Full,20.0,0.8,1.0,0.8,1.0,3696.7495242390214,18.357820377874244,22.738755415289504,False,False,0.0,0.0,0.0,1.0,0.0,0.0
sembid_pid,sembid,pid,development,1.5,500,5.0,0.0,1.0,0.0,1.0,0.0,0.0,74.97890192594166,True,True,1.0,0.0,0.0,0.0,0.0,0.0
sembid_pid,sembid,pid,development,1.5,500,10.0,0.0,1.0,0.0,1.0,0.0,0.0,74.97890192594166,True,True,1.0,0.0,0.0,0.0,0.0,0.0
sembid_pid,sembid,pid,development,1.5,500,20.0,0.0,1.0,0.0,1.0,0.0,0.0,74.97890192594166,True,True,1.0,0.0,0.0,0.0,0.0,0.0
sembid_pid,sembid,pid,development,1.5,1000,5.0,0.0,1.0,0.0,1.0,0.0,0.0,57.771153328541374,True,True,1.0,0.0,0.0,0.0,0.0,0.0
sembid_pid,sembid,pid,development,1.5,1000,10.0,0.0,1.0,0.0,1.0,0.0,0.0,57.771153328541374,True,True,1.0,0.0,0.0,0.0,0.0,0.0
sembid_pid,sembid,pid,development,1.5,1000,20.0,0.0,1.0,0.0,1.0,0.0,0.0,57.771153328541374,True,True,1.0,0.0,0.0,0.0,0.0,0.0
sembid_pid,sembid,pid,development,1.5,2000,5.0,0.0,1.0,0.0,1.0,0.0,0.0,35.696768321513595,True,True,1.0,0.0,0.0,0.0,0.0,0.0
sembid_pid,sembid,pid,development,1.5,2000,10.0,0.0,1.0,0.0,1.0,0.0,0.0,35.696768321513595,True,True,1.0,0.0,0.0,0.0,0.0,0.0
sembid_pid,sembid,pid,development,1.5,2000,20.0,0.0,1.0,0.0,1.0,0.0,0.0,35.696768321513595,True,True,1.0,0.0,0.0,0.0,0.0,0.0
sembid_pid,sembid,pid,development,1.5,4000,5.0,0.3,0.758,0.3,0.758,4.169283022558375,3.7674373438930626,19.429291875456915,False,True,0.242,0.758,0.0,0.0,0.0,0.0
sembid_pid,sembid,pid,development,1.5,4000,10.0,0.3,0.758,0.3,0.758,4.169283022558375,3.7674373438930626,19.429291875456915,False,True,0.242,0.758,0.0,0.0,0.0,0.0
sembid_pid,sembid,pid,development,1.5,4000,20.0,0.3,0.758,0.3,0.758,4.169283022558375,3.7674373438930626,19.429291875456915,False,True,0.242,0.758,0.0,0.0,0.0,0.0
sembid_pid,sembid,pid,development,1.5,8000,5.0,0.3,1.0,0.3,1.0,400.9291516315134,3.3071028432178897,9.805660598056877,False,False,0.0,1.0,0.0,0.0,0.0,0.0
sembid_pid,sembid,pid,development,1.5,8000,10.0,0.5,1.0,0.5,1.0,763.1538318055755,7.829223730129297,14.327781484968284,False,False,0.0,0.0,1.0,0.0,0.0,0.0
sembid_pid,sembid,pid,development,1.5,8000,20.0,0.5,1.0,0.5,1.0,763.1538318055755,7.829223730129297,14.327781484968284,False,False,0.0,0.0,1.0,0.0,0.0,0.0
sembid_pid,sembid,pid,development,1.5,16000,5.0,0.3,1.0,0.3,1.0,790.361881644094,1.978687525701556,6.297676248875302,False,False,0.0,1.0,0.0,0.0,0.0,0.0
sembid_pid,sembid,pid,development,1.5,16000,10.0,0.5,1.0,0.5,1.0,1192.4493091606892,6.615371951961144,10.93436067513489,False,False,0.0,0.0,1.0,0.0,0.0,0.0
sembid_pid,sembid,pid,development,1.5,16000,20.0,0.5,1.0,0.5,1.0,1192.4493091606892,6.615371951961144,10.93436067513489,False,False,0.0,0.0,1.0,0.0,0.0,0.0
sembid_pid,sembid,pid,development,1.5,Full,5.0,0.3,1.0,0.3,1.0,899.0069687115756,2.835267426719912,7.365310149688933,False,False,0.0,1.0,0.0,0.0,0.0,0.0
sembid_pid,sembid,pid,development,1.5,Full,10.0,0.5,1.0,0.5,1.0,1254.067184909567,7.61161374140244,12.141656464371462,False,False,0.0,0.0,1.0,0.0,0.0,0.0
sembid_pid,sembid,pid,development,1.5,Full,20.0,0.8,1.0,0.8,1.0,3619.268026060974,19.223145660935884,23.753188383904906,False,False,0.0,0.0,0.0,1.0,0.0,0.0
sembid_dual,sembid,dual,development,0.5,500,5.0,0.0,1.0,0.0,1.0,0.0,0.0,36.153279443147454,True,True,1.0,0.0,0.0,0.0,0.0,0.0
sembid_dual,sembid,dual,development,0.5,500,10.0,0.0,1.0,0.0,1.0,0.0,0.0,36.153279443147454,True,True,1.0,0.0,0.0,0.0,0.0,0.0
sembid_dual,sembid,dual,development,0.5,500,20.0,0.0,1.0,0.0,1.0,0.0,0.0,36.153279443147454,True,True,1.0,0.0,0.0,0.0,0.0,0.0
sembid_dual,sembid,dual,development,0.5,1000,5.0,0.3,0.995,0.3,0.995,14.717261113153654,1.5504694916806834,17.631896867306693,False,True,0.005,0.995,0.0,0.0,0.0,0.0
sembid_dual,sembid,dual,development,0.5,1000,10.0,0.3,0.995,0.3,0.995,14.717261113153654,1.5504694916806834,17.631896867306693,False,True,0.005,0.995,0.0,0.0,0.0,0.0
sembid_dual,sembid,dual,development,0.5,1000,20.0,0.3,0.995,0.3,0.995,14.717261113153654,1.5504694916806834,17.631896867306693,False,True,0.005,0.995,0.0,0.0,0.0,0.0
sembid_dual,sembid,dual,development,0.5,2000,5.0,0.5,1.0,0.5,1.0,198.80981352492745,1.886982895793274,7.527585812353029,False,False,0.0,0.0,1.0,0.0,0.0,0.0
sembid_dual,sembid,dual,development,0.5,2000,10.0,0.5,1.0,0.5,1.0,198.80981352492745,1.886982895793274,7.527585812353029,False,False,0.0,0.0,1.0,0.0,0.0,0.0
sembid_dual,sembid,dual,development,0.5,2000,20.0,0.8,1.0,0.8,1.0,323.0078048888636,15.673493985227033,21.314096901786787,False,False,0.0,0.0,0.0,1.0,0.0,0.0
sembid_dual,sembid,dual,development,0.5,4000,5.0,0.5,1.0,0.5,1.0,462.5443649049612,2.3660386348210514,5.0798631997445645,False,False,0.0,0.0,1.0,0.0,0.0,0.0
sembid_dual,sembid,dual,development,0.5,4000,10.0,0.8,1.0,0.8,1.0,1155.2225841284144,7.907953487848978,10.621778052772491,False,False,0.0,0.0,0.0,1.0,0.0,0.0
sembid_dual,sembid,dual,development,0.5,4000,20.0,0.8,1.0,0.8,1.0,1155.2225841284144,7.907953487848978,10.621778052772491,False,False,0.0,0.0,0.0,1.0,0.0,0.0
sembid_dual,sembid,dual,development,0.5,8000,5.0,0.5,0.998,0.5,0.998,559.4766655820222,1.1036348104848455,1.8334129865506077,False,False,0.0,0.0,0.998,0.002,0.0,0.0
sembid_dual,sembid,dual,development,0.5,8000,10.0,0.8,1.0,0.8,1.0,1436.914265972122,5.317215927097018,6.04699410316278,False,False,0.0,0.0,0.0,1.0,0.0,0.0
sembid_dual,sembid,dual,development,0.5,8000,20.0,0.8,1.0,0.8,1.0,1436.914265972122,5.317215927097018,6.04699410316278,False,False,0.0,0.0,0.0,1.0,0.0,0.0
sembid_dual,sembid,dual,development,0.5,16000,5.0,0.8,1.0,0.8,1.0,1428.6335095425275,3.3565143560453077,3.614491870602148,False,False,0.0,0.0,0.0,1.0,0.0,0.0
sembid_dual,sembid,dual,development,0.5,16000,10.0,0.8,1.0,0.8,1.0,1428.6335095425275,3.3565143560453077,3.614491870602148,False,False,0.0,0.0,0.0,1.0,0.0,0.0
sembid_dual,sembid,dual,development,0.5,16000,20.0,0.8,1.0,0.8,1.0,1428.6335095425275,3.3565143560453077,3.614491870602148,False,False,0.0,0.0,0.0,1.0,0.0,0.0
sembid_dual,sembid,dual,development,0.5,Full,5.0,0.8,1.0,0.8,1.0,1451.6813699633158,3.3819455141023496,3.3867427836763913,False,False,0.0,0.0,0.0,1.0,0.0,0.0
sembid_dual,sembid,dual,development,0.5,Full,10.0,0.8,1.0,0.8,1.0,1451.6813699633158,3.3819455141023496,3.3867427836763913,False,False,0.0,0.0,0.0,1.0,0.0,0.0
sembid_dual,sembid,dual,development,0.5,Full,20.0,0.8,1.0,0.8,1.0,1451.6813699633158,3.3819455141023496,3.3867427836763913,False,False,0.0,0.0,0.0,1.0,0.0,0.0
sembid_dual,sembid,dual,development,0.625,500,5.0,0.0,1.0,0.0,1.0,0.0,0.0,43.84176162354905,True,True,1.0,0.0,0.0,0.0,0.0,0.0
sembid_dual,sembid,dual,development,0.625,500,10.0,0.0,1.0,0.0,1.0,0.0,0.0,43.84176162354905,True,True,1.0,0.0,0.0,0.0,0.0,0.0
sembid_dual,sembid,dual,development,0.625,500,20.0,0.0,1.0,0.0,1.0,0.0,0.0,43.84176162354905,True,True,1.0,0.0,0.0,0.0,0.0,0.0
sembid_dual,sembid,dual,development,0.625,1000,5.0,0.0,0.9565,0.0,0.9565,0.0,0.0,21.507108182949253,True,True,0.9565,0.0435,0.0,0.0,0.0,0.0
sembid_dual,sembid,dual,development,0.625,1000,10.0,0.0,0.9565,0.0,0.9565,0.0,0.0,21.507108182949253,True,True,0.9565,0.0435,0.0,0.0,0.0,0.0
sembid_dual,sembid,dual,development,0.625,1000,20.0,0.0,0.9565,0.0,0.9565,0.0,0.0,21.507108182949253,True,True,0.9565,0.0435,0.0,0.0,0.0,0.0
sembid_dual,sembid,dual,development,0.625,2000,5.0,0.5,1.0,0.5,1.0,134.97776907018851,2.7102559477579673,10.260577707770905,False,False,0.0,0.0,1.0,0.0,0.0,0.0
sembid_dual,sembid,dual,development,0.625,2000,10.0,0.5,1.0,0.5,1.0,134.97776907018851,2.7102559477579673,10.260577707770905,False,False,0.0,0.0,1.0,0.0,0.0,0.0
sembid_dual,sembid,dual,development,0.625,2000,20.0,0.5,1.0,0.5,1.0,134.97776907018851,2.7102559477579673,10.260577707770905,False,False,0.0,0.0,1.0,0.0,0.0,0.0
sembid_dual,sembid,dual,development,0.625,4000,5.0,0.5,1.0,0.5,1.0,691.6211494859599,2.043128037177156,4.993972778856182,False,False,0.0,0.0,1.0,0.0,0.0,0.0
sembid_dual,sembid,dual,development,0.625,4000,10.0,0.5,1.0,0.5,1.0,691.6211494859599,2.043128037177156,4.993972778856182,False,False,0.0,0.0,1.0,0.0,0.0,0.0
sembid_dual,sembid,dual,development,0.625,4000,20.0,0.8,1.0,0.8,1.0,1097.9485046519685,10.450246456872359,13.401091198551384,False,False,0.0,0.0,0.0,1.0,0.0,0.0
sembid_dual,sembid,dual,development,0.625,8000,5.0,0.5,1.0,0.5,1.0,655.5634142412164,2.3607497903659445,2.8890571383805193,False,False,0.0,0.0,1.0,0.0,0.0,0.0
sembid_dual,sembid,dual,development,0.625,8000,10.0,0.8,0.9975,0.8,0.9975,1366.5489472618,9.593005052304344,10.121312400318919,False,False,0.0,0.0,0.0025,0.9975,0.0,0.0
sembid_dual,sembid,dual,development,0.625,8000,20.0,0.8,1.0,0.8,1.0,1366.5489472618,9.593005052304344,10.121312400318919,False,False,0.0,0.0,0.0,1.0,0.0,0.0
sembid_dual,sembid,dual,development,0.625,16000,5.0,0.5,1.0,0.5,1.0,1461.6251255024663,1.7832538637671462,2.0851138570018874,False,False,0.0,0.0,1.0,0.0,0.0,0.0
sembid_dual,sembid,dual,development,0.625,16000,10.0,0.8,1.0,0.8,1.0,1829.798687394351,5.387566529630786,5.689426522865527,False,False,0.0,0.0,0.0,1.0,0.0,0.0
sembid_dual,sembid,dual,development,0.625,16000,20.0,0.8,1.0,0.8,1.0,1829.798687394351,5.387566529630786,5.689426522865527,False,False,0.0,0.0,0.0,1.0,0.0,0.0
sembid_dual,sembid,dual,development,0.625,Full,5.0,0.8,0.938,0.8,0.938,1706.526002085231,4.756128773893579,4.839444345518089,False,False,0.0,0.0,0.062,0.938,0.0,0.0
sembid_dual,sembid,dual,development,0.625,Full,10.0,0.8,1.0,0.8,1.0,1706.526002085231,4.756128773893579,4.839444345518089,False,False,0.0,0.0,0.0,1.0,0.0,0.0
sembid_dual,sembid,dual,development,0.625,Full,20.0,0.8,1.0,0.8,1.0,1706.526002085231,4.756128773893579,4.839444345518089,False,False,0.0,0.0,0.0,1.0,0.0,0.0
sembid_dual,sembid,dual,development,0.75,500,5.0,0.0,1.0,0.0,1.0,0.0,0.0,50.06861911914827,True,True,1.0,0.0,0.0,0.0,0.0,0.0
sembid_dual,sembid,dual,development,0.75,500,10.0,0.0,1.0,0.0,1.0,0.0,0.0,50.06861911914827,True,True,1.0,0.0,0.0,0.0,0.0,0.0
sembid_dual,sembid,dual,development,0.75,500,20.0,0.0,1.0,0.0,1.0,0.0,0.0,50.06861911914827,True,True,1.0,0.0,0.0,0.0,0.0,0.0
sembid_dual,sembid,dual,development,0.75,1000,5.0,0.0,1.0,0.0,1.0,0.0,0.0,26.757785497907772,True,True,1.0,0.0,0.0,0.0,0.0,0.0
sembid_dual,sembid,dual,development,0.75,1000,10.0,0.0,1.0,0.0,1.0,0.0,0.0,26.757785497907772,True,True,1.0,0.0,0.0,0.0,0.0,0.0
sembid_dual,sembid,dual,development,0.75,1000,20.0,0.0,1.0,0.0,1.0,0.0,0.0,26.757785497907772,True,True,1.0,0.0,0.0,0.0,0.0,0.0
sembid_dual,sembid,dual,development,0.75,2000,5.0,0.5,1.0,0.5,1.0,113.16912600848445,3.169409215485601,13.468522823271924,False,True,0.0,0.0,1.0,0.0,0.0,0.0
sembid_dual,sembid,dual,development,0.75,2000,10.0,0.5,1.0,0.5,1.0,113.16912600848445,3.169409215485601,13.468522823271924,False,True,0.0,0.0,1.0,0.0,0.0,0.0
sembid_dual,sembid,dual,development,0.75,2000,20.0,0.5,1.0,0.5,1.0,113.16912600848445,3.169409215485601,13.468522823271924,False,True,0.0,0.0,1.0,0.0,0.0,0.0
sembid_dual,sembid,dual,development,0.75,4000,5.0,0.3,0.823,0.3,0.823,383.77098402644333,1.7104406006044974,5.092975035627441,False,False,0.0,0.823,0.177,0.0,0.0,0.0
sembid_dual,sembid,dual,development,0.75,4000,10.0,0.3,0.823,0.3,0.823,383.77098402644333,1.7104406006044974,5.092975035627441,False,False,0.0,0.823,0.177,0.0,0.0,0.0
sembid_dual,sembid,dual,development,0.75,4000,20.0,0.8,1.0,0.8,1.0,964.0024806857946,13.141212768237587,16.52374720326053,False,False,0.0,0.0,0.0,1.0,0.0,0.0
sembid_dual,sembid,dual,development,0.75,8000,5.0,0.5,0.9965,0.5,0.9965,651.9218917189773,3.565812480905097,4.287337517268137,False,False,0.0,0.0035,0.9965,0.0,0.0,0.0
sembid_dual,sembid,dual,development,0.75,8000,10.0,0.5,0.571,0.5,0.571,651.9218917189773,3.565812480905097,4.287337517268137,False,False,0.0,0.002,0.571,0.427,0.0,0.0
sembid_dual,sembid,dual,development,0.75,8000,20.0,0.8,1.0,0.8,1.0,1574.3868468030269,10.013048424083243,10.734573460446283,False,False,0.0,0.0,0.0,1.0,0.0,0.0
sembid_dual,sembid,dual,development,0.75,16000,5.0,0.3,0.8925,0.3,0.8925,1217.059507982869,0.4931742758680907,1.0088231962514953,False,False,0.0,0.8925,0.1075,0.0,0.0,0.0
sembid_dual,sembid,dual,development,0.75,16000,10.0,0.8,1.0,0.8,1.0,1853.5355146905877,6.310570975890464,6.8262198962738685,False,False,0.0,0.0,0.0,1.0,0.0,0.0
sembid_dual,sembid,dual,development,0.75,16000,20.0,0.8,1.0,0.8,1.0,1853.5355146905877,6.310570975890464,6.8262198962738685,False,False,0.0,0.0,0.0,1.0,0.0,0.0
sembid_dual,sembid,dual,development,0.75,Full,5.0,0.8,1.0,0.8,1.0,1996.703972360392,4.03740556894637,5.3178628937391945,False,False,0.0,0.0,0.0,1.0,0.0,0.0
sembid_dual,sembid,dual,development,0.75,Full,10.0,0.8,1.0,0.8,1.0,1996.703972360392,4.03740556894637,5.3178628937391945,False,False,0.0,0.0,0.0,1.0,0.0,0.0
sembid_dual,sembid,dual,development,0.75,Full,20.0,0.8,1.0,0.8,1.0,1996.703972360392,4.03740556894637,5.3178628937391945,False,False,0.0,0.0,0.0,1.0,0.0,0.0
sembid_dual,sembid,dual,development,0.875,500,5.0,0.0,1.0,0.0,1.0,0.0,0.0,54.99172415903164,True,True,1.0,0.0,0.0,0.0,0.0,0.0
sembid_dual,sembid,dual,development,0.875,500,10.0,0.0,1.0,0.0,1.0,0.0,0.0,54.99172415903164,True,True,1.0,0.0,0.0,0.0,0.0,0.0
sembid_dual,sembid,dual,development,0.875,500,20.0,0.0,1.0,0.0,1.0,0.0,0.0,54.99172415903164,True,True,1.0,0.0,0.0,0.0,0.0,0.0
sembid_dual,sembid,dual,development,0.875,1000,5.0,0.0,1.0,0.0,1.0,0.0,0.0,31.631856071747,True,True,1.0,0.0,0.0,0.0,0.0,0.0
sembid_dual,sembid,dual,development,0.875,1000,10.0,0.0,1.0,0.0,1.0,0.0,0.0,31.631856071747,True,True,1.0,0.0,0.0,0.0,0.0,0.0
sembid_dual,sembid,dual,development,0.875,1000,20.0,0.0,1.0,0.0,1.0,0.0,0.0,31.631856071747,True,True,1.0,0.0,0.0,0.0,0.0,0.0
sembid_dual,sembid,dual,development,0.875,2000,5.0,0.3,1.0,0.3,1.0,157.93870103126937,1.4250982437069961,14.415090023171807,False,True,0.0,1.0,0.0,0.0,0.0,0.0
sembid_dual,sembid,dual,development,0.875,2000,10.0,0.3,1.0,0.3,1.0,157.93870103126937,1.4250982437069961,14.415090023171807,False,True,0.0,1.0,0.0,0.0,0.0,0.0
sembid_dual,sembid,dual,development,0.875,2000,20.0,0.3,1.0,0.3,1.0,157.93870103126937,1.4250982437069961,14.415090023171807,False,True,0.0,1.0,0.0,0.0,0.0,0.0
sembid_dual,sembid,dual,development,0.875,4000,5.0,0.3,0.561,0.3,0.561,311.3145282783498,1.2304384063713005,5.8676546190762044,False,False,0.0,0.561,0.439,0.0,0.0,0.0
sembid_dual,sembid,dual,development,0.875,4000,10.0,0.3,0.561,0.3,0.561,311.3145282783498,1.2304384063713005,5.8676546190762044,False,False,0.0,0.561,0.439,0.0,0.0,0.0
sembid_dual,sembid,dual,development,0.875,4000,20.0,0.8,1.0,0.8,1.0,766.1009225343732,14.635167473316095,19.272383686020998,False,False,0.0,0.0,0.0,1.0,0.0,0.0
sembid_dual,sembid,dual,development,0.875,8000,5.0,0.5,0.9815,0.5,0.9815,696.4573583961737,2.201814981359655,4.296403089582712,False,False,0.0,0.0185,0.9815,0.0,0.0,0.0
sembid_dual,sembid,dual,development,0.875,8000,10.0,0.5,0.6985,0.5,0.6985,696.4573583961737,2.201814981359655,4.296403089582712,False,False,0.0,0.0125,0.6985,0.289,0.0,0.0
sembid_dual,sembid,dual,development,0.875,8000,20.0,0.8,1.0,0.8,1.0,1564.3598235227018,10.073604614642404,12.168192722865461,False,False,0.0,0.0,0.0,1.0,0.0,0.0
sembid_dual,sembid,dual,development,0.875,16000,5.0,0.5,1.0,0.5,1.0,1101.8058786824586,2.522407858610331,3.6213596750193453,False,False,0.0,0.0,1.0,0.0,0.0,0.0
sembid_dual,sembid,dual,development,0.875,16000,10.0,0.8,1.0,0.8,1.0,1618.5877063905318,6.2942816096284275,7.393233426037441,False,False,0.0,0.0,0.0,1.0,0.0,0.0
sembid_dual,sembid,dual,development,0.875,16000,20.0,0.8,1.0,0.8,1.0,1618.5877063905318,6.2942816096284275,7.393233426037441,False,False,0.0,0.0,0.0,1.0,0.0,0.0
sembid_dual,sembid,dual,development,0.875,Full,5.0,0.5,1.0,0.5,1.0,1225.0271876166535,1.7849161929614716,2.7599251293122653,False,False,0.0,0.0,1.0,0.0,0.0,0.0
sembid_dual,sembid,dual,development,0.875,Full,10.0,0.8,0.671,0.8,0.671,1309.3877178287094,5.882378226541648,6.857387162892442,False,False,0.0,0.0,0.329,0.671,0.0,0.0
sembid_dual,sembid,dual,development,0.875,Full,20.0,0.8,0.671,0.8,0.671,1309.3877178287094,5.882378226541648,6.857387162892442,False,False,0.0,0.0,0.329,0.671,0.0,0.0
sembid_dual,sembid,dual,development,1.0,500,5.0,0.0,1.0,0.0,1.0,0.0,0.0,59.02930624990486,True,True,1.0,0.0,0.0,0.0,0.0,0.0
sembid_dual,sembid,dual,development,1.0,500,10.0,0.0,1.0,0.0,1.0,0.0,0.0,59.02930624990486,True,True,1.0,0.0,0.0,0.0,0.0,0.0
sembid_dual,sembid,dual,development,1.0,500,20.0,0.0,1.0,0.0,1.0,0.0,0.0,59.02930624990486,True,True,1.0,0.0,0.0,0.0,0.0,0.0
sembid_dual,sembid,dual,development,1.0,1000,5.0,0.0,1.0,0.0,1.0,0.0,0.0,36.12439569941592,True,True,1.0,0.0,0.0,0.0,0.0,0.0
sembid_dual,sembid,dual,development,1.0,1000,10.0,0.0,1.0,0.0,1.0,0.0,0.0,36.12439569941592,True,True,1.0,0.0,0.0,0.0,0.0,0.0
sembid_dual,sembid,dual,development,1.0,1000,20.0,0.0,1.0,0.0,1.0,0.0,0.0,36.12439569941592,True,True,1.0,0.0,0.0,0.0,0.0,0.0
sembid_dual,sembid,dual,development,1.0,2000,5.0,0.3,1.0,0.3,1.0,131.66333683105586,1.4848207515610738,17.559748494289952,False,True,0.0,1.0,0.0,0.0,0.0,0.0
sembid_dual,sembid,dual,development,1.0,2000,10.0,0.3,1.0,0.3,1.0,131.66333683105586,1.4848207515610738,17.559748494289952,False,True,0.0,1.0,0.0,0.0,0.0,0.0
sembid_dual,sembid,dual,development,1.0,2000,20.0,0.3,1.0,0.3,1.0,131.66333683105586,1.4848207515610738,17.559748494289952,False,True,0.0,1.0,0.0,0.0,0.0,0.0
sembid_dual,sembid,dual,development,1.0,4000,5.0,0.5,1.0,0.5,1.0,325.00906588285216,2.224422856051598,7.4649711167613555,False,False,0.0,0.0,1.0,0.0,0.0,0.0
sembid_dual,sembid,dual,development,1.0,4000,10.0,0.5,1.0,0.5,1.0,325.00906588285216,2.224422856051598,7.4649711167613555,False,False,0.0,0.0,1.0,0.0,0.0,0.0
sembid_dual,sembid,dual,development,1.0,4000,20.0,0.8,1.0,0.8,1.0,616.7258331459634,15.793182449540257,21.033730710250016,False,False,0.0,0.0,0.0,1.0,0.0,0.0
sembid_dual,sembid,dual,development,1.0,8000,5.0,0.5,1.0,0.5,1.0,737.2908386799973,2.3330664076322236,5.597303456600162,False,False,0.0,0.0,1.0,0.0,0.0,0.0
sembid_dual,sembid,dual,development,1.0,8000,10.0,0.8,1.0,0.8,1.0,1941.4368480520734,8.484688379624263,11.748925428592202,False,False,0.0,0.0,0.0,1.0,0.0,0.0
sembid_dual,sembid,dual,development,1.0,8000,20.0,0.8,1.0,0.8,1.0,1941.4368480520734,8.484688379624263,11.748925428592202,False,False,0.0,0.0,0.0,1.0,0.0,0.0
sembid_dual,sembid,dual,development,1.0,16000,5.0,0.5,0.951,0.5,0.951,1153.1707707651312,3.0466255712868424,4.596927168152279,False,False,0.0,0.049,0.951,0.0,0.0,0.0
sembid_dual,sembid,dual,development,1.0,16000,10.0,0.8,1.0,0.8,1.0,1931.7808509805,6.1632746366889055,7.713576233554342,False,False,0.0,0.0,0.0,1.0,0.0,0.0
sembid_dual,sembid,dual,development,1.0,16000,20.0,0.8,1.0,0.8,1.0,1931.7808509805,6.1632746366889055,7.713576233554342,False,False,0.0,0.0,0.0,1.0,0.0,0.0
sembid_dual,sembid,dual,development,1.0,Full,5.0,0.5,0.9765,0.5,0.9765,1261.750460409905,2.295201288345241,3.1308563385168675,False,False,0.0,0.0235,0.9765,0.0,0.0,0.0
sembid_dual,sembid,dual,development,1.0,Full,10.0,0.8,1.0,0.8,1.0,1669.9529665040118,7.91318543191694,8.748840482088566,False,False,0.0,0.0,0.0,1.0,0.0,0.0
sembid_dual,sembid,dual,development,1.0,Full,20.0,0.8,1.0,0.8,1.0,1669.9529665040118,7.91318543191694,8.748840482088566,False,False,0.0,0.0,0.0,1.0,0.0,0.0
sembid_dual,sembid,dual,development,1.125,500,5.0,0.0,1.0,0.0,1.0,0.0,0.0,62.41185518939276,True,True,1.0,0.0,0.0,0.0,0.0,0.0
sembid_dual,sembid,dual,development,1.125,500,10.0,0.0,1.0,0.0,1.0,0.0,0.0,62.41185518939276,True,True,1.0,0.0,0.0,0.0,0.0,0.0
sembid_dual,sembid,dual,development,1.125,500,20.0,0.0,1.0,0.0,1.0,0.0,0.0,62.41185518939276,True,True,1.0,0.0,0.0,0.0,0.0,0.0
sembid_dual,sembid,dual,development,1.125,1000,5.0,0.0,1.0,0.0,1.0,0.0,0.0,40.159329922263055,True,True,1.0,0.0,0.0,0.0,0.0,0.0
sembid_dual,sembid,dual,development,1.125,1000,10.0,0.0,1.0,0.0,1.0,0.0,0.0,40.159329922263055,True,True,1.0,0.0,0.0,0.0,0.0,0.0
sembid_dual,sembid,dual,development,1.125,1000,20.0,0.0,1.0,0.0,1.0,0.0,0.0,40.159329922263055,True,True,1.0,0.0,0.0,0.0,0.0,0.0
sembid_dual,sembid,dual,development,1.125,2000,5.0,0.3,1.0,0.3,1.0,49.459891165213776,1.8178451424234723,20.731670810348913,False,True,0.0,1.0,0.0,0.0,0.0,0.0
sembid_dual,sembid,dual,development,1.125,2000,10.0,0.3,1.0,0.3,1.0,49.459891165213776,1.8178451424234723,20.731670810348913,False,True,0.0,1.0,0.0,0.0,0.0,0.0
sembid_dual,sembid,dual,development,1.125,2000,20.0,0.3,1.0,0.3,1.0,49.459891165213776,1.8178451424234723,20.731670810348913,False,True,0.0,1.0,0.0,0.0,0.0,0.0
sembid_dual,sembid,dual,development,1.125,4000,5.0,0.5,0.7685,0.5,0.7685,347.28077697248955,2.661388807331357,9.097228374250621,False,False,0.0,0.2315,0.7685,0.0,0.0,0.0
sembid_dual,sembid,dual,development,1.125,4000,10.0,0.5,0.7685,0.5,0.7685,347.28077697248955,2.661388807331357,9.097228374250621,False,False,0.0,0.2315,0.7685,0.0,0.0,0.0
sembid_dual,sembid,dual,development,1.125,4000,20.0,0.8,1.0,0.8,1.0,449.96884902995225,16.612235033818376,23.04807460073764,False,False,0.0,0.0,0.0,1.0,0.0,0.0
sembid_dual,sembid,dual,development,1.125,8000,5.0,0.5,1.0,0.5,1.0,1030.0318579626273,2.387469055388323,5.20459428327004,False,False,0.0,0.0,1.0,0.0,0.0,0.0
sembid_dual,sembid,dual,development,1.125,8000,10.0,0.5,1.0,0.5,1.0,1030.0318579626273,2.387469055388323,5.20459428327004,False,False,0.0,0.0,1.0,0.0,0.0,0.0
sembid_dual,sembid,dual,development,1.125,8000,20.0,0.8,1.0,0.8,1.0,1753.9961296946585,12.825532518753494,15.64265774663521,False,False,0.0,0.0,0.0,1.0,0.0,0.0
sembid_dual,sembid,dual,development,1.125,16000,5.0,0.5,1.0,0.5,1.0,1103.761836248439,3.5188693396386554,4.906686402895912,False,False,0.0,0.0,1.0,0.0,0.0,0.0
sembid_dual,sembid,dual,development,1.125,16000,10.0,0.8,1.0,0.8,1.0,2071.354836727998,8.273270738164701,9.661087801421957,False,False,0.0,0.0,0.0,1.0,0.0,0.0
sembid_dual,sembid,dual,development,1.125,16000,20.0,0.8,1.0,0.8,1.0,2071.354836727998,8.273270738164701,9.661087801421957,False,False,0.0,0.0,0.0,1.0,0.0,0.0
sembid_dual,sembid,dual,development,1.125,Full,5.0,0.3,1.0,0.3,1.0,1084.2665763837485,1.872168118084505,2.7996501718859093,False,False,0.0,1.0,0.0,0.0,0.0,0.0
sembid_dual,sembid,dual,development,1.125,Full,10.0,0.8,1.0,0.8,1.0,2049.611105433498,8.00791902508397,8.935401078885373,False,False,0.0,0.0,0.0,1.0,0.0,0.0
sembid_dual,sembid,dual,development,1.125,Full,20.0,0.8,1.0,0.8,1.0,2049.611105433498,8.00791902508397,8.935401078885373,False,False,0.0,0.0,0.0,1.0,0.0,0.0
sembid_dual,sembid,dual,development,1.25,500,5.0,0.0,1.0,0.0,1.0,0.0,0.0,65.32261288410974,True,True,1.0,0.0,0.0,0.0,0.0,0.0
sembid_dual,sembid,dual,development,1.25,500,10.0,0.0,1.0,0.0,1.0,0.0,0.0,65.32261288410974,True,True,1.0,0.0,0.0,0.0,0.0,0.0
sembid_dual,sembid,dual,development,1.25,500,20.0,0.0,1.0,0.0,1.0,0.0,0.0,65.32261288410974,True,True,1.0,0.0,0.0,0.0,0.0,0.0
sembid_dual,sembid,dual,development,1.25,1000,5.0,0.0,1.0,0.0,1.0,0.0,0.0,43.81452823511243,True,True,1.0,0.0,0.0,0.0,0.0,0.0
sembid_dual,sembid,dual,development,1.25,1000,10.0,0.0,1.0,0.0,1.0,0.0,0.0,43.81452823511243,True,True,1.0,0.0,0.0,0.0,0.0,0.0
sembid_dual,sembid,dual,development,1.25,1000,20.0,0.0,1.0,0.0,1.0,0.0,0.0,43.81452823511243,True,True,1.0,0.0,0.0,0.0,0.0,0.0
sembid_dual,sembid,dual,development,1.25,2000,5.0,0.3,1.0,0.3,1.0,15.647089407273597,2.2735394711547308,23.84509802239948,True,True,0.0,1.0,0.0,0.0,0.0,0.0
sembid_dual,sembid,dual,development,1.25,2000,10.0,0.3,1.0,0.3,1.0,15.647089407273597,2.2735394711547308,23.84509802239948,True,True,0.0,1.0,0.0,0.0,0.0,0.0
sembid_dual,sembid,dual,development,1.25,2000,20.0,0.3,1.0,0.3,1.0,15.647089407273597,2.2735394711547308,23.84509802239948,True,True,0.0,1.0,0.0,0.0,0.0,0.0
sembid_dual,sembid,dual,development,1.25,4000,5.0,0.3,1.0,0.3,1.0,495.774970014465,1.2212486574215573,8.866237975469458,False,False,0.0,1.0,0.0,0.0,0.0,0.0
sembid_dual,sembid,dual,development,1.25,4000,10.0,0.3,1.0,0.3,1.0,495.774970014465,1.2212486574215573,8.866237975469458,False,False,0.0,1.0,0.0,0.0,0.0,0.0
sembid_dual,sembid,dual,development,1.25,4000,20.0,0.3,1.0,0.3,1.0,495.774970014465,1.2212486574215573,8.866237975469458,False,False,0.0,1.0,0.0,0.0,0.0,0.0
sembid_dual,sembid,dual,development,1.25,8000,5.0,0.3,0.953,0.3,0.953,950.8972778205643,1.671531964383035,4.928133981568389,False,False,0.0,0.953,0.047,0.0,0.0,0.0
sembid_dual,sembid,dual,development,1.25,8000,10.0,0.3,0.953,0.3,0.953,950.8972778205643,1.671531964383035,4.928133981568389,False,False,0.0,0.953,0.047,0.0,0.0,0.0
sembid_dual,sembid,dual,development,1.25,8000,20.0,0.8,1.0,0.8,1.0,1770.2594886885345,12.319893033581282,15.576495050766637,False,False,0.0,0.0,0.0,1.0,0.0,0.0
sembid_dual,sembid,dual,development,1.25,16000,5.0,0.3,0.995,0.3,0.995,757.1331317899476,1.32324046113501,3.4164549646907716,False,False,0.0,0.995,0.005,0.0,0.0,0.0
sembid_dual,sembid,dual,development,1.25,16000,10.0,0.3,0.9925,0.3,0.9925,757.1331317899476,1.32324046113501,3.4164549646907716,False,False,0.0,0.9925,0.005,0.0025,0.0,0.0
sembid_dual,sembid,dual,development,1.25,16000,20.0,0.8,1.0,0.8,1.0,1968.622309849632,10.607097614294418,12.70031211785018,False,False,0.0,0.0,0.0,1.0,0.0,0.0
sembid_dual,sembid,dual,development,1.25,Full,5.0,0.3,1.0,0.3,1.0,1150.1872316113004,1.5634124080374916,3.023868305301744,False,False,0.0,1.0,0.0,0.0,0.0,0.0
sembid_dual,sembid,dual,development,1.25,Full,10.0,0.8,1.0,0.8,1.0,2312.4192398704654,8.382244993393885,9.842700890658136,False,False,0.0,0.0,0.0,1.0,0.0,0.0
sembid_dual,sembid,dual,development,1.25,Full,20.0,0.8,1.0,0.8,1.0,2312.4192398704654,8.382244993393885,9.842700890658136,False,False,0.0,0.0,0.0,1.0,0.0,0.0
sembid_dual,sembid,dual,development,1.375,500,5.0,0.0,1.0,0.0,1.0,0.0,0.0,67.82895992211867,True,True,1.0,0.0,0.0,0.0,0.0,0.0
sembid_dual,sembid,dual,development,1.375,500,10.0,0.0,1.0,0.0,1.0,0.0,0.0,67.82895992211867,True,True,1.0,0.0,0.0,0.0,0.0,0.0
sembid_dual,sembid,dual,development,1.375,500,20.0,0.0,1.0,0.0,1.0,0.0,0.0,67.82895992211867,True,True,1.0,0.0,0.0,0.0,0.0,0.0
sembid_dual,sembid,dual,development,1.375,1000,5.0,0.0,1.0,0.0,1.0,0.0,0.0,47.07561121642821,True,True,1.0,0.0,0.0,0.0,0.0,0.0
sembid_dual,sembid,dual,development,1.375,1000,10.0,0.0,1.0,0.0,1.0,0.0,0.0,47.07561121642821,True,True,1.0,0.0,0.0,0.0,0.0,0.0
sembid_dual,sembid,dual,development,1.375,1000,20.0,0.0,1.0,0.0,1.0,0.0,0.0,47.07561121642821,True,True,1.0,0.0,0.0,0.0,0.0,0.0
sembid_dual,sembid,dual,development,1.375,2000,5.0,0.0,0.9635,0.0,0.9635,0.0,0.0,24.272490159522803,True,True,0.9635,0.0365,0.0,0.0,0.0,0.0
sembid_dual,sembid,dual,development,1.375,2000,10.0,0.0,0.9635,0.0,0.9635,0.0,0.0,24.272490159522803,True,True,0.9635,0.0365,0.0,0.0,0.0,0.0
sembid_dual,sembid,dual,development,1.375,2000,20.0,0.0,0.9635,0.0,0.9635,0.0,0.0,24.272490159522803,True,True,0.9635,0.0365,0.0,0.0,0.0,0.0
sembid_dual,sembid,dual,development,1.375,4000,5.0,0.3,1.0,0.3,1.0,618.8821956278534,0.7111926846401975,9.924444493724856,False,False,0.0,1.0,0.0,0.0,0.0,0.0
sembid_dual,sembid,dual,development,1.375,4000,10.0,0.3,1.0,0.3,1.0,618.8821956278534,0.7111926846401975,9.924444493724856,False,False,0.0,1.0,0.0,0.0,0.0,0.0
sembid_dual,sembid,dual,development,1.375,4000,20.0,0.3,1.0,0.3,1.0,618.8821956278534,0.7111926846401975,9.924444493724856,False,False,0.0,1.0,0.0,0.0,0.0,0.0
sembid_dual,sembid,dual,development,1.375,8000,5.0,0.5,1.0,0.5,1.0,1061.5298417472895,2.607637152578642,6.411443218444028,False,False,0.0,0.0,1.0,0.0,0.0,0.0
sembid_dual,sembid,dual,development,1.375,8000,10.0,0.5,1.0,0.5,1.0,1061.5298417472895,2.607637152578642,6.411443218444028,False,False,0.0,0.0,1.0,0.0,0.0,0.0
sembid_dual,sembid,dual,development,1.375,8000,20.0,0.8,1.0,0.8,1.0,1844.9257079866093,12.38834143287903,16.192147498744415,False,False,0.0,0.0,0.0,1.0,0.0,0.0
sembid_dual,sembid,dual,development,1.375,16000,5.0,0.3,0.9805,0.3,0.9805,701.1717005742685,2.136619601455043,4.74186330538964,False,False,0.0,0.9805,0.0195,0.0,0.0,0.0
sembid_dual,sembid,dual,development,1.375,16000,10.0,0.3,0.9805,0.3,0.9805,701.1717005742685,2.136619601455043,4.74186330538964,False,False,0.0,0.9805,0.0195,0.0,0.0,0.0
sembid_dual,sembid,dual,development,1.375,16000,20.0,0.8,1.0,0.8,1.0,1922.66830078579,12.394122780387777,14.999366484322374,False,False,0.0,0.0,0.0,1.0,0.0,0.0
sembid_dual,sembid,dual,development,1.375,Full,5.0,0.3,0.9965,0.3,0.9965,500.7584120495958,2.3415040105835665,3.6593645514661524,False,False,0.0,0.9965,0.0035,0.0,0.0,0.0
sembid_dual,sembid,dual,development,1.375,Full,10.0,0.3,0.9965,0.3,0.9965,500.7584120495958,2.3415040105835665,3.6593645514661524,False,False,0.0,0.9965,0.0035,0.0,0.0,0.0
sembid_dual,sembid,dual,development,1.375,Full,20.0,0.8,1.0,0.8,1.0,2217.4623363957544,10.395591042820575,11.713451583703161,False,False,0.0,0.0,0.0,1.0,0.0,0.0
sembid_dual,sembid,dual,development,1.5,500,5.0,0.0,1.0,0.0,1.0,0.0,0.0,70.01372902599125,True,True,1.0,0.0,0.0,0.0,0.0,0.0
sembid_dual,sembid,dual,development,1.5,500,10.0,0.0,1.0,0.0,1.0,0.0,0.0,70.01372902599125,True,True,1.0,0.0,0.0,0.0,0.0,0.0
sembid_dual,sembid,dual,development,1.5,500,20.0,0.0,1.0,0.0,1.0,0.0,0.0,70.01372902599125,True,True,1.0,0.0,0.0,0.0,0.0,0.0
sembid_dual,sembid,dual,development,1.5,1000,5.0,0.0,1.0,0.0,1.0,0.0,0.0,50.041425820343896,True,True,1.0,0.0,0.0,0.0,0.0,0.0
sembid_dual,sembid,dual,development,1.5,1000,10.0,0.0,1.0,0.0,1.0,0.0,0.0,50.041425820343896,True,True,1.0,0.0,0.0,0.0,0.0,0.0
sembid_dual,sembid,dual,development,1.5,1000,20.0,0.0,1.0,0.0,1.0,0.0,0.0,50.041425820343896,True,True,1.0,0.0,0.0,0.0,0.0,0.0
sembid_dual,sembid,dual,development,1.5,2000,5.0,0.0,1.0,0.0,1.0,0.0,0.0,26.84755020065776,True,True,1.0,0.0,0.0,0.0,0.0,0.0
sembid_dual,sembid,dual,development,1.5,2000,10.0,0.0,1.0,0.0,1.0,0.0,0.0,26.84755020065776,True,True,1.0,0.0,0.0,0.0,0.0,0.0
sembid_dual,sembid,dual,development,1.5,2000,20.0,0.0,1.0,0.0,1.0,0.0,0.0,26.84755020065776,True,True,1.0,0.0,0.0,0.0,0.0,0.0
sembid_dual,sembid,dual,development,1.5,4000,5.0,0.5,0.7935,0.5,0.7935,553.4303928101908,2.8288553661328937,13.33389275630239,False,True,0.0,0.2065,0.7935,0.0,0.0,0.0
sembid_dual,sembid,dual,development,1.5,4000,10.0,0.5,0.7935,0.5,0.7935,553.4303928101908,2.8288553661328937,13.33389275630239,False,True,0.0,0.2065,0.7935,0.0,0.0,0.0
sembid_dual,sembid,dual,development,1.5,4000,20.0,0.5,0.7935,0.5,0.7935,553.4303928101908,2.8288553661328937,13.33389275630239,False,True,0.0,0.2065,0.7935,0.0,0.0,0.0
sembid_dual,sembid,dual,development,1.5,8000,5.0,0.5,1.0,0.5,1.0,976.8111933608125,2.350548537882873,6.882036360365592,False,False,0.0,0.0,1.0,0.0,0.0,0.0
sembid_dual,sembid,dual,development,1.5,8000,10.0,0.5,1.0,0.5,1.0,976.8111933608125,2.350548537882873,6.882036360365592,False,False,0.0,0.0,1.0,0.0,0.0,0.0
sembid_dual,sembid,dual,development,1.5,8000,20.0,0.8,1.0,0.8,1.0,1705.145430330802,13.076670699397079,17.608158521879798,False,False,0.0,0.0,0.0,1.0,0.0,0.0
sembid_dual,sembid,dual,development,1.5,16000,5.0,0.5,1.0,0.5,1.0,516.536258105345,3.8315914416784356,6.80365084544831,False,False,0.0,0.0,1.0,0.0,0.0,0.0
sembid_dual,sembid,dual,development,1.5,16000,10.0,0.5,1.0,0.5,1.0,516.536258105345,3.8315914416784356,6.80365084544831,False,False,0.0,0.0,1.0,0.0,0.0,0.0
sembid_dual,sembid,dual,development,1.5,16000,20.0,0.8,1.0,0.8,1.0,1923.207509505326,11.521133349290551,14.493192753060425,False,False,0.0,0.0,0.0,1.0,0.0,0.0
sembid_dual,sembid,dual,development,1.5,Full,5.0,0.5,1.0,0.5,1.0,345.48571949738107,3.2402469292657363,5.380333193204996,False,False,0.0,0.0,1.0,0.0,0.0,0.0
sembid_dual,sembid,dual,development,1.5,Full,10.0,0.5,1.0,0.5,1.0,345.48571949738107,3.2402469292657363,5.380333193204996,False,False,0.0,0.0,1.0,0.0,0.0,0.0
sembid_dual,sembid,dual,development,1.5,Full,20.0,0.8,1.0,0.8,1.0,1795.1094033562476,11.381059860703381,13.521146124642641,False,False,0.0,0.0,0.0,1.0,0.0,0.0
