pair,bidder,reference,budget_multiplier,supply_cap,policy,selected_kappa,value_gain,extra_ud_pp,absolute_ud_pp,mean_cap_violation,violation_severity_pp,paired_realization_violation_rate,feasible_oracle_kappa,oracle_gain,value_gap_to_feasible_oracle,budget_normalized_value_gap,selected_test_feasible,retrospective_not_fresh_holdout
cql_traffic_aware,cql,traffic_aware,0.5,500,Fixed 0.0,0.0,0.0,0.0,21.668566835590116,False,0.0,0.0,0.3,23.879176648878456,23.879176648878456,0.0003183890219850461,True,True
cql_traffic_aware,cql,traffic_aware,0.5,500,Fixed 0.3,0.3,23.879176648878456,3.7317437227698598,25.400310558359976,False,0.0,0.0,0.3,23.879176648878456,0.0,0.0,True,True
cql_traffic_aware,cql,traffic_aware,0.5,500,Fixed 0.5,0.5,-67.43926425332393,8.625523028398085,30.2940898639882,False,0.0,0.0,0.3,23.879176648878456,91.31844090220238,0.001217579212029365,True,True
cql_traffic_aware,cql,traffic_aware,0.5,500,Fixed 0.8,0.8,-496.47590780923065,25.573324460308772,47.24189129589889,True,15.573324460308772,1.0,0.3,23.879176648878456,520.3550844581091,0.006938067792774788,False,True
cql_traffic_aware,cql,traffic_aware,0.5,500,Fixed 1.0,1.0,-675.697794635099,28.872472567631466,50.54103940322158,True,18.872472567631466,1.0,0.3,23.879176648878456,699.5769712839774,0.009327692950453033,False,True
cql_traffic_aware,cql,traffic_aware,0.5,500,Fixed 1.2,1.2,-581.701596959464,26.17573984130914,47.84430667689926,True,16.17573984130914,1.0,0.3,23.879176648878456,605.5807736083425,0.0080744103147779,False,True
cql_traffic_aware,cql,traffic_aware,0.5,500,Development near-best 10pp,0.3,23.879176648878456,3.7317437227698598,25.400310558359976,False,0.0,0.0,0.3,23.879176648878456,0.0,0.0,True,True
cql_traffic_aware,cql,traffic_aware,0.5,500,Development 5pp-buffer,0.0,0.0,0.0,21.668566835590116,False,0.0,0.0,0.3,23.879176648878456,23.879176648878456,0.0003183890219850461,True,True
cql_traffic_aware,cql,traffic_aware,0.5,2000,Fixed 0.0,0.0,0.0,0.0,0.14628163956996126,False,0.0,0.0,0.3,418.3884549451295,418.3884549451295,0.0055785127326017266,True,True
cql_traffic_aware,cql,traffic_aware,0.5,2000,Fixed 0.3,0.3,418.3884549451295,6.2567875551470085,6.40306919471697,False,0.0,0.0,0.3,418.3884549451295,0.0,0.0,True,True
cql_traffic_aware,cql,traffic_aware,0.5,2000,Fixed 0.5,0.5,128.78886178273024,15.699164408973362,15.845446048543323,True,5.6991644089733615,1.0,0.3,418.3884549451295,289.5995931623993,0.0038613279088319905,False,True
cql_traffic_aware,cql,traffic_aware,0.5,2000,Fixed 0.8,0.8,-492.38078031843725,33.29886379367101,33.445145433240974,True,23.29886379367101,1.0,0.3,418.3884549451295,910.7692352635668,0.012143589803514224,False,True
cql_traffic_aware,cql,traffic_aware,0.5,2000,Fixed 1.0,1.0,-949.0536879835008,42.0927785257198,42.239060165289764,True,32.0927785257198,1.0,0.3,418.3884549451295,1367.4421429286303,0.01823256190571507,False,True
cql_traffic_aware,cql,traffic_aware,0.5,2000,Fixed 1.2,1.2,-840.0025913725694,38.77007882001524,38.916360459585206,True,28.770078820015243,1.0,0.3,418.3884549451295,1258.391046317699,0.016778547284235987,False,True
cql_traffic_aware,cql,traffic_aware,0.5,2000,Development near-best 10pp,0.3,418.3884549451295,6.2567875551470085,6.40306919471697,False,0.0,0.0,0.3,418.3884549451295,0.0,0.0,True,True
cql_traffic_aware,cql,traffic_aware,0.5,2000,Development 5pp-buffer,0.3,418.3884549451295,6.2567875551470085,6.40306919471697,False,0.0,0.0,0.3,418.3884549451295,0.0,0.0,True,True
cql_traffic_aware,cql,traffic_aware,0.5,8000,Fixed 0.0,0.0,0.0,0.0,0.0016658198026173827,False,0.0,0.0,0.3,1173.315675623503,1173.315675623503,0.015644209008313373,True,True
cql_traffic_aware,cql,traffic_aware,0.5,8000,Fixed 0.3,0.3,1173.315675623503,9.263190161652377,9.264855981454994,False,0.0,0.0,0.3,1173.315675623503,0.0,0.0,True,True
cql_traffic_aware,cql,traffic_aware,0.5,8000,Fixed 0.5,0.5,1318.5934631305017,23.154612330138026,23.156278149940643,True,13.154612330138026,1.0,0.3,1173.315675623503,-145.27778750699872,-0.001937037166759983,False,True
cql_traffic_aware,cql,traffic_aware,0.5,8000,Fixed 0.8,0.8,793.1549986487571,39.489101344871244,39.49076716467386,True,29.489101344871244,1.0,0.3,1173.315675623503,380.1606769747459,0.005068809026329946,False,True
cql_traffic_aware,cql,traffic_aware,0.5,8000,Fixed 1.0,1.0,619.1900724145053,42.22744315675607,42.229108976558685,True,32.22744315675607,1.0,0.3,1173.315675623503,554.1256032089977,0.00738834137611997,False,True
cql_traffic_aware,cql,traffic_aware,0.5,8000,Fixed 1.2,1.2,613.6841503473333,42.09565478558266,42.09732060538528,True,32.09565478558266,1.0,0.3,1173.315675623503,559.6315252761697,0.007461753670348929,False,True
cql_traffic_aware,cql,traffic_aware,0.5,8000,Development near-best 10pp,0.3,1173.315675623503,9.263190161652377,9.264855981454994,False,0.0,0.0,0.3,1173.315675623503,0.0,0.0,True,True
cql_traffic_aware,cql,traffic_aware,0.5,8000,Development 5pp-buffer,0.3,1173.315675623503,9.263190161652377,9.264855981454994,False,0.0,0.0,0.3,1173.315675623503,0.0,0.0,True,True
cql_traffic_aware,cql,traffic_aware,0.5,Full,Fixed 0.0,0.0,0.0,0.0,0.0016924030249841357,False,0.0,0.0,0.3,1886.6387242488154,1886.6387242488154,0.025155182989984204,True,True
cql_traffic_aware,cql,traffic_aware,0.5,Full,Fixed 0.3,0.3,1886.6387242488154,4.226893930763404,4.228586333788388,False,0.0,0.0,0.3,1886.6387242488154,0.0,0.0,True,True
cql_traffic_aware,cql,traffic_aware,0.5,Full,Fixed 0.5,0.5,3005.69420620284,12.908779839187975,12.91047224221296,True,2.908779839187975,1.0,0.3,1886.6387242488154,-1119.0554819540248,-0.014920739759386997,False,True
cql_traffic_aware,cql,traffic_aware,0.5,Full,Fixed 0.8,0.8,3157.0772110684984,21.53167490374653,21.533367306771513,True,11.53167490374653,1.0,0.3,1886.6387242488154,-1270.438486819683,-0.01693917982426244,False,True
cql_traffic_aware,cql,traffic_aware,0.5,Full,Fixed 1.0,1.0,3148.2871802631753,21.36623765092485,21.367930053949834,True,11.366237650924852,1.0,0.3,1886.6387242488154,-1261.64845601436,-0.0168219794135248,False,True
cql_traffic_aware,cql,traffic_aware,0.5,Full,Fixed 1.2,1.2,3146.825027414344,21.232897778596826,21.234590181621808,True,11.232897778596826,1.0,0.3,1886.6387242488154,-1260.1863031655284,-0.016802484042207046,False,True
cql_traffic_aware,cql,traffic_aware,0.5,Full,Development near-best 10pp,0.5,3005.69420620284,12.908779839187975,12.91047224221296,True,2.908779839187975,1.0,0.3,1886.6387242488154,-1119.0554819540248,-0.014920739759386997,False,True
cql_traffic_aware,cql,traffic_aware,0.5,Full,Development 5pp-buffer,0.3,1886.6387242488154,4.226893930763404,4.228586333788388,False,0.0,0.0,0.3,1886.6387242488154,0.0,0.0,True,True
cql_traffic_aware,cql,traffic_aware,0.75,500,Fixed 0.0,0.0,0.0,0.0,37.27164641335846,False,0.0,0.0,0.0,0.0,0.0,0.0,True,True
cql_traffic_aware,cql,traffic_aware,0.75,500,Fixed 0.3,0.3,-15.164418513052624,2.7546038807507074,40.02625029410917,False,0.0,0.0,0.0,0.0,15.164418513052624,0.00013479483122713444,True,True
cql_traffic_aware,cql,traffic_aware,0.75,500,Fixed 0.5,0.5,-109.84180081500836,6.814131379115089,44.08577779247355,False,0.0,0.0,0.0,0.0,109.84180081500836,0.0009763715628000743,True,True
cql_traffic_aware,cql,traffic_aware,0.75,500,Fixed 0.8,0.8,-645.6033279949997,21.316471157954858,58.58811757131332,True,11.316471157954858,1.0,0.0,0.0,645.6033279949997,0.005738696248844442,False,True
cql_traffic_aware,cql,traffic_aware,0.75,500,Fixed 1.0,1.0,-766.4698545451579,22.776752360500247,60.04839877385871,True,12.776752360500247,1.0,0.0,0.0,766.4698545451579,0.006813065373734737,False,True
cql_traffic_aware,cql,traffic_aware,0.75,500,Fixed 1.2,1.2,-656.5936307538973,20.667211710489312,57.93885812384777,True,10.667211710489312,1.0,0.0,0.0,656.5936307538973,0.0058363878289235315,False,True
cql_traffic_aware,cql,traffic_aware,0.75,500,Development near-best 10pp,0.0,0.0,0.0,37.27164641335846,False,0.0,0.0,0.0,0.0,0.0,0.0,True,True
cql_traffic_aware,cql,traffic_aware,0.75,500,Development 5pp-buffer,0.0,0.0,0.0,37.27164641335846,False,0.0,0.0,0.0,0.0,0.0,0.0,True,True
cql_traffic_aware,cql,traffic_aware,0.75,2000,Fixed 0.0,0.0,0.0,0.0,1.2951711430695552,False,0.0,0.0,0.3,348.87078697566903,348.87078697566903,0.003101073662005947,True,True
cql_traffic_aware,cql,traffic_aware,0.75,2000,Fixed 0.3,0.3,348.87078697566903,5.684587537290689,6.979758680360244,False,0.0,0.0,0.3,348.87078697566903,0.0,0.0,True,True
cql_traffic_aware,cql,traffic_aware,0.75,2000,Fixed 0.5,0.5,65.43981131488908,12.33317415213514,13.628345295204694,True,2.3331741521351397,1.0,0.3,348.87078697566903,283.43097566077995,0.002519386450318044,False,True
cql_traffic_aware,cql,traffic_aware,0.75,2000,Fixed 0.8,0.8,-1048.8405076782483,35.4033192736579,36.69849041672745,True,25.4033192736579,1.0,0.3,348.87078697566903,1397.7112946539173,0.01242410039692371,False,True
cql_traffic_aware,cql,traffic_aware,0.75,2000,Fixed 1.0,1.0,-1758.0164722362915,44.51142276812416,45.806593911193715,True,34.51142276812416,1.0,0.3,348.87078697566903,2106.8872592119606,0.018727886748550762,False,True
cql_traffic_aware,cql,traffic_aware,0.75,2000,Fixed 1.2,1.2,-1550.8707638572832,40.87738209242681,42.17255323549636,True,30.877382092426807,1.0,0.3,348.87078697566903,1899.7415508329523,0.016886591562959574,False,True
cql_traffic_aware,cql,traffic_aware,0.75,2000,Development near-best 10pp,0.3,348.87078697566903,5.684587537290689,6.979758680360244,False,0.0,0.0,0.3,348.87078697566903,0.0,0.0,True,True
cql_traffic_aware,cql,traffic_aware,0.75,2000,Development 5pp-buffer,0.3,348.87078697566903,5.684587537290689,6.979758680360244,False,0.0,0.0,0.3,348.87078697566903,0.0,0.0,True,True
cql_traffic_aware,cql,traffic_aware,0.75,8000,Fixed 0.0,0.0,0.0,0.0,0.007819085749026811,False,0.0,0.0,0.3,1601.4761630980993,1601.4761630980993,0.014235343671983104,True,True
cql_traffic_aware,cql,traffic_aware,0.75,8000,Fixed 0.3,0.3,1601.4761630980993,7.828523283369822,7.836342369118849,False,0.0,0.0,0.3,1601.4761630980993,0.0,0.0,True,True
cql_traffic_aware,cql,traffic_aware,0.75,8000,Fixed 0.5,0.5,1601.0065029858106,22.75089232432779,22.758711410076817,True,12.75089232432779,1.0,0.3,1601.4761630980993,0.4696601122886932,4.174756553677273e-06,False,True
cql_traffic_aware,cql,traffic_aware,0.75,8000,Fixed 0.8,0.8,893.7037650301427,37.33203606687027,37.3398551526193,True,27.332036066870273,1.0,0.3,1601.4761630980993,707.7723980679566,0.006291310205048503,False,True
cql_traffic_aware,cql,traffic_aware,0.75,8000,Fixed 1.0,1.0,641.8191303126478,40.68468559629744,40.69250468204647,True,30.68468559629744,1.0,0.3,1601.4761630980993,959.6570327854515,0.00853028473587068,False,True
cql_traffic_aware,cql,traffic_aware,0.75,8000,Fixed 1.2,1.2,655.711747162115,40.366995376084574,40.3748144618336,True,30.366995376084574,1.0,0.3,1601.4761630980993,945.7644159359843,0.008406794808319861,False,True
cql_traffic_aware,cql,traffic_aware,0.75,8000,Development near-best 10pp,0.3,1601.4761630980993,7.828523283369822,7.836342369118849,False,0.0,0.0,0.3,1601.4761630980993,0.0,0.0,True,True
cql_traffic_aware,cql,traffic_aware,0.75,8000,Development 5pp-buffer,0.3,1601.4761630980993,7.828523283369822,7.836342369118849,False,0.0,0.0,0.3,1601.4761630980993,0.0,0.0,True,True
cql_traffic_aware,cql,traffic_aware,0.75,Full,Fixed 0.0,0.0,0.0,0.0,0.0010694643236735526,False,0.0,0.0,0.3,2644.4770528030513,2644.4770528030513,0.02350646269158268,True,True
cql_traffic_aware,cql,traffic_aware,0.75,Full,Fixed 0.3,0.3,2644.4770528030513,4.638880904914562,4.639950369238236,False,0.0,0.0,0.3,2644.4770528030513,0.0,0.0,True,True
cql_traffic_aware,cql,traffic_aware,0.75,Full,Fixed 0.5,0.5,4178.913526893182,12.510311698701024,12.511381163024698,True,2.510311698701024,1.0,0.3,2644.4770528030513,-1534.436474090131,-0.013639435325245608,False,True
cql_traffic_aware,cql,traffic_aware,0.75,Full,Fixed 0.8,0.8,4533.094367566022,18.960207667576046,18.96127713189972,True,8.960207667576046,1.0,0.3,2644.4770528030513,-1888.6173147629706,-0.01678770946455974,False,True
cql_traffic_aware,cql,traffic_aware,0.75,Full,Fixed 1.0,1.0,4426.203021850577,21.184938280765046,21.18600774508872,True,11.184938280765046,1.0,0.3,2644.4770528030513,-1781.7259690475257,-0.01583756416931134,False,True
cql_traffic_aware,cql,traffic_aware,0.75,Full,Fixed 1.2,1.2,4425.686523446044,21.06499246478695,21.066061929110624,True,11.06499246478695,1.0,0.3,2644.4770528030513,-1781.2094706429925,-0.015832973072382156,False,True
cql_traffic_aware,cql,traffic_aware,0.75,Full,Development near-best 10pp,0.5,4178.913526893182,12.510311698701024,12.511381163024698,True,2.510311698701024,1.0,0.3,2644.4770528030513,-1534.436474090131,-0.013639435325245608,False,True
cql_traffic_aware,cql,traffic_aware,0.75,Full,Development 5pp-buffer,0.3,2644.4770528030513,4.638880904914562,4.639950369238236,False,0.0,0.0,0.3,2644.4770528030513,0.0,0.0,True,True
cql_traffic_aware,cql,traffic_aware,1.0,500,Fixed 0.0,0.0,0.0,0.0,47.905919171932815,False,0.0,0.0,0.0,0.0,0.0,0.0,True,True
cql_traffic_aware,cql,traffic_aware,1.0,500,Fixed 0.3,0.3,-17.973709660198438,2.0949752899671594,50.000894461899975,False,0.0,0.0,0.0,0.0,17.973709660198438,0.00011982473106798959,True,True
cql_traffic_aware,cql,traffic_aware,1.0,500,Fixed 0.5,0.5,-110.37163692399827,5.405021401367634,53.31094057330045,False,0.0,0.0,0.0,0.0,110.37163692399827,0.0007358109128266551,True,True
cql_traffic_aware,cql,traffic_aware,1.0,500,Fixed 0.8,0.8,-693.9776389278454,17.718714091610657,65.62463326354347,True,7.718714091610657,1.0,0.0,0.0,693.9776389278454,0.004626517592852303,False,True
cql_traffic_aware,cql,traffic_aware,1.0,500,Fixed 1.0,1.0,-807.961345866096,18.709257554287284,66.6151767262201,True,8.709257554287284,1.0,0.0,0.0,807.961345866096,0.005386408972440641,False,True
cql_traffic_aware,cql,traffic_aware,1.0,500,Fixed 1.2,1.2,-699.3185386849009,17.06926437480255,64.97518354673537,True,7.06926437480255,1.0,0.0,0.0,699.3185386849009,0.004662123591232673,False,True
cql_traffic_aware,cql,traffic_aware,1.0,500,Development near-best 10pp,0.0,0.0,0.0,47.905919171932815,False,0.0,0.0,0.0,0.0,0.0,0.0,True,True
cql_traffic_aware,cql,traffic_aware,1.0,500,Development 5pp-buffer,0.0,0.0,0.0,47.905919171932815,False,0.0,0.0,0.0,0.0,0.0,0.0,True,True
cql_traffic_aware,cql,traffic_aware,1.0,2000,Fixed 0.0,0.0,0.0,0.0,4.331694776402151,False,0.0,0.0,0.3,268.897160039498,268.897160039498,0.0017926477335966531,True,True
cql_traffic_aware,cql,traffic_aware,1.0,2000,Fixed 0.3,0.3,268.897160039498,4.599351782837863,8.931046559240015,False,0.0,0.0,0.3,268.897160039498,0.0,0.0,True,True
cql_traffic_aware,cql,traffic_aware,1.0,2000,Fixed 0.5,0.5,-64.00418705241464,10.626365314989116,14.958060091391268,True,0.6263653149891155,1.0,0.3,268.897160039498,332.9013470919126,0.002219342313946084,False,True
cql_traffic_aware,cql,traffic_aware,1.0,2000,Fixed 0.8,0.8,-1569.836806219224,35.8477325572457,40.17942733364785,True,25.8477325572457,1.0,0.3,268.897160039498,1838.733966258722,0.012258226441724814,False,True
cql_traffic_aware,cql,traffic_aware,1.0,2000,Fixed 1.0,1.0,-2469.233878875353,45.07280064340264,49.40449541980479,True,35.07280064340264,1.0,0.3,268.897160039498,2738.131038914851,0.01825420692609901,False,True
cql_traffic_aware,cql,traffic_aware,1.0,2000,Fixed 1.2,1.2,-2153.7620257022227,40.96546424651887,45.29715902292102,True,30.96546424651887,1.0,0.3,268.897160039498,2422.6591857417206,0.016151061238278138,False,True
cql_traffic_aware,cql,traffic_aware,1.0,2000,Development near-best 10pp,0.3,268.897160039498,4.599351782837863,8.931046559240015,False,0.0,0.0,0.3,268.897160039498,0.0,0.0,True,True
cql_traffic_aware,cql,traffic_aware,1.0,2000,Development 5pp-buffer,0.0,0.0,0.0,4.331694776402151,False,0.0,0.0,0.3,268.897160039498,268.897160039498,0.0017926477335966531,True,True
cql_traffic_aware,cql,traffic_aware,1.0,8000,Fixed 0.0,0.0,0.0,0.0,0.0007622208201096833,False,0.0,0.0,0.3,1992.1506230390441,1992.1506230390441,0.013281004153593628,True,True
cql_traffic_aware,cql,traffic_aware,1.0,8000,Fixed 0.3,0.3,1992.1506230390441,7.01074847790011,7.01151069872022,False,0.0,0.0,0.3,1992.1506230390441,0.0,0.0,True,True
cql_traffic_aware,cql,traffic_aware,1.0,8000,Fixed 0.5,0.5,1840.4693194957053,20.914905102216597,20.915667323036708,True,10.914905102216597,1.0,0.3,1992.1506230390441,151.6813035433388,0.0010112086902889254,False,True
cql_traffic_aware,cql,traffic_aware,1.0,8000,Fixed 0.8,0.8,1050.1113931471336,34.143607241181236,34.14436946200134,True,24.143607241181236,1.0,0.3,1992.1506230390441,942.0392298919105,0.0062802615326127366,False,True
cql_traffic_aware,cql,traffic_aware,1.0,8000,Fixed 1.0,1.0,576.125174470697,38.87369828397642,38.874460504796524,True,28.873698283976417,1.0,0.3,1992.1506230390441,1416.0254485683472,0.009440169657122315,False,True
cql_traffic_aware,cql,traffic_aware,1.0,8000,Fixed 1.2,1.2,599.9336322652398,38.51051853511448,38.511280755934585,True,28.51051853511448,1.0,0.3,1992.1506230390441,1392.2169907738044,0.009281446605158696,False,True
cql_traffic_aware,cql,traffic_aware,1.0,8000,Development near-best 10pp,0.3,1992.1506230390441,7.01074847790011,7.01151069872022,False,0.0,0.0,0.3,1992.1506230390441,0.0,0.0,True,True
cql_traffic_aware,cql,traffic_aware,1.0,8000,Development 5pp-buffer,0.0,0.0,0.0,0.0007622208201096833,False,0.0,0.0,0.3,1992.1506230390441,1992.1506230390441,0.013281004153593628,True,True
cql_traffic_aware,cql,traffic_aware,1.0,Full,Fixed 0.0,0.0,0.0,0.0,0.0008248663041740655,False,0.0,0.0,0.3,3113.958146407802,3113.958146407802,0.020759720976052012,True,True
cql_traffic_aware,cql,traffic_aware,1.0,Full,Fixed 0.3,0.3,3113.958146407802,4.736638777786681,4.737463644090855,False,0.0,0.0,0.3,3113.958146407802,0.0,0.0,True,True
cql_traffic_aware,cql,traffic_aware,1.0,Full,Fixed 0.5,0.5,5147.330384055465,10.196688770879792,10.197513637183967,True,0.19668877087979197,1.0,0.3,3113.958146407802,-2033.3722376476635,-0.01355581491765109,False,True
cql_traffic_aware,cql,traffic_aware,1.0,Full,Fixed 0.8,0.8,5471.780022090892,19.28788838793128,19.288713254235454,True,9.287888387931279,1.0,0.3,3113.958146407802,-2357.82187568309,-0.015718812504553935,False,True
cql_traffic_aware,cql,traffic_aware,1.0,Full,Fixed 1.0,1.0,5263.2628052907,21.499466257698113,21.50029112400229,True,11.499466257698113,1.0,0.3,3113.958146407802,-2149.3046588828984,-0.01432869772588599,False,True
cql_traffic_aware,cql,traffic_aware,1.0,Full,Fixed 1.2,1.2,5270.211448324993,21.368006198638938,21.368831064943112,True,11.368006198638938,1.0,0.3,3113.958146407802,-2156.2533019171915,-0.014375022012781277,False,True
cql_traffic_aware,cql,traffic_aware,1.0,Full,Development near-best 10pp,0.5,5147.330384055465,10.196688770879792,10.197513637183967,True,0.19668877087979197,1.0,0.3,3113.958146407802,-2033.3722376476635,-0.01355581491765109,False,True
cql_traffic_aware,cql,traffic_aware,1.0,Full,Development 5pp-buffer,0.3,3113.958146407802,4.736638777786681,4.737463644090855,False,0.0,0.0,0.3,3113.958146407802,0.0,0.0,True,True
cql_traffic_aware,cql,traffic_aware,1.25,500,Fixed 0.0,0.0,0.0,0.0,55.79530270559104,False,0.0,0.0,0.0,0.0,0.0,0.0,True,True
cql_traffic_aware,cql,traffic_aware,1.25,500,Fixed 0.3,0.3,-0.5528112259007685,1.6637968103719558,57.459099515963,False,0.0,0.0,0.0,0.0,0.5528112259007685,2.948326538137432e-06,True,True
cql_traffic_aware,cql,traffic_aware,1.25,500,Fixed 0.5,0.5,-109.02718939419447,4.512166497088565,60.307469202679606,False,0.0,0.0,0.0,0.0,109.02718939419447,0.0005814783434357038,True,True
cql_traffic_aware,cql,traffic_aware,1.25,500,Fixed 0.8,0.8,-705.3487655675717,14.804414341234633,70.59971704682567,True,4.804414341234633,1.0,0.0,0.0,705.3487655675717,0.0037618600830270493,False,True
cql_traffic_aware,cql,traffic_aware,1.25,500,Fixed 1.0,1.0,-821.3674734407241,15.620737746958369,71.41604045254941,True,5.620737746958369,1.0,0.0,0.0,821.3674734407241,0.004380626525017195,False,True
cql_traffic_aware,cql,traffic_aware,1.25,500,Fixed 1.2,1.2,-712.1782336823335,14.268651019578442,70.06395372516948,True,4.268651019578442,1.0,0.0,0.0,712.1782336823335,0.0037982839129724454,False,True
cql_traffic_aware,cql,traffic_aware,1.25,500,Development near-best 10pp,0.0,0.0,0.0,55.79530270559104,False,0.0,0.0,0.0,0.0,0.0,0.0,True,True
cql_traffic_aware,cql,traffic_aware,1.25,500,Development 5pp-buffer,0.0,0.0,0.0,55.79530270559104,False,0.0,0.0,0.0,0.0,0.0,0.0,True,True
cql_traffic_aware,cql,traffic_aware,1.25,2000,Fixed 0.0,0.0,0.0,0.0,7.583794075981949,False,0.0,0.0,0.3,164.46551695519156,164.46551695519156,0.0008771494237610216,True,True
cql_traffic_aware,cql,traffic_aware,1.25,2000,Fixed 0.3,0.3,164.46551695519156,5.298383806217595,12.882177882199544,False,0.0,0.0,0.3,164.46551695519156,0.0,0.0,True,True
cql_traffic_aware,cql,traffic_aware,1.25,2000,Fixed 0.5,0.5,-182.877065576713,11.171331121278836,18.755125197260785,True,1.1713311212788362,1.0,0.3,164.46551695519156,347.34258253190455,0.001852493773503491,False,True
cql_traffic_aware,cql,traffic_aware,1.25,2000,Fixed 0.8,0.8,-1935.8811025133218,35.374111603355644,42.95790567933759,True,25.374111603355644,1.0,0.3,164.46551695519156,2100.3466194685134,0.011201848637165404,False,True
cql_traffic_aware,cql,traffic_aware,1.25,2000,Fixed 1.0,1.0,-3138.4314369732638,45.57622866478498,53.16002274076693,True,35.57622866478498,1.0,0.3,164.46551695519156,3302.8969539284553,0.01761545042095176,False,True
cql_traffic_aware,cql,traffic_aware,1.25,2000,Fixed 1.2,1.2,-2689.4644652902134,40.99205933909015,48.575853415072096,True,30.992059339090147,1.0,0.3,164.46551695519156,2853.929982245405,0.015220959905308827,False,True
cql_traffic_aware,cql,traffic_aware,1.25,2000,Development near-best 10pp,0.3,164.46551695519156,5.298383806217595,12.882177882199544,False,0.0,0.0,0.3,164.46551695519156,0.0,0.0,True,True
cql_traffic_aware,cql,traffic_aware,1.25,2000,Development 5pp-buffer,0.0,0.0,0.0,7.583794075981949,False,0.0,0.0,0.3,164.46551695519156,164.46551695519156,0.0008771494237610216,True,True
cql_traffic_aware,cql,traffic_aware,1.25,8000,Fixed 0.0,0.0,0.0,0.0,0.0006826790950286927,False,0.0,0.0,0.3,2151.8571751824384,2151.8571751824384,0.011476571600973005,True,True
cql_traffic_aware,cql,traffic_aware,1.25,8000,Fixed 0.3,0.3,2151.8571751824384,6.978197960558361,6.978880639653389,False,0.0,0.0,0.3,2151.8571751824384,0.0,0.0,True,True
cql_traffic_aware,cql,traffic_aware,1.25,8000,Fixed 0.5,0.5,2089.8260460753845,18.380432852697,18.381115531792027,True,8.380432852696998,1.0,0.3,2151.8571751824384,62.03112910705386,0.0003308326885709539,False,True
cql_traffic_aware,cql,traffic_aware,1.25,8000,Fixed 0.8,0.8,863.500639686099,33.716740624324146,33.717423303419174,True,23.716740624324146,1.0,0.3,2151.8571751824384,1288.3565354963393,0.006871234855980476,False,True
cql_traffic_aware,cql,traffic_aware,1.25,8000,Fixed 1.0,1.0,319.09335307831316,37.91149824580326,37.91218092489829,True,27.91149824580326,1.0,0.3,2151.8571751824384,1832.7638221041252,0.009774740384555334,False,True
cql_traffic_aware,cql,traffic_aware,1.25,8000,Fixed 1.2,1.2,348.01718675183656,37.58412497783839,37.58480765693342,True,27.584124977838393,1.0,0.3,2151.8571751824384,1803.8399884306018,0.009620479938296542,False,True
cql_traffic_aware,cql,traffic_aware,1.25,8000,Development near-best 10pp,0.3,2151.8571751824384,6.978197960558361,6.978880639653389,False,0.0,0.0,0.3,2151.8571751824384,0.0,0.0,True,True
cql_traffic_aware,cql,traffic_aware,1.25,8000,Development 5pp-buffer,0.3,2151.8571751824384,6.978197960558361,6.978880639653389,False,0.0,0.0,0.3,2151.8571751824384,0.0,0.0,True,True
cql_traffic_aware,cql,traffic_aware,1.25,Full,Fixed 0.0,0.0,0.0,0.0,0.0005906585051794537,False,0.0,0.0,0.5,6029.988320271525,6029.988320271525,0.032159937708114796,True,True
cql_traffic_aware,cql,traffic_aware,1.25,Full,Fixed 0.3,0.3,3512.471588388031,4.526194549484334,4.526785207989513,False,0.0,0.0,0.5,6029.988320271525,2517.516731883494,0.013426755903378634,True,True
cql_traffic_aware,cql,traffic_aware,1.25,Full,Fixed 0.5,0.5,6029.988320271525,8.970205047660848,8.970795706166028,False,0.0,0.0,0.5,6029.988320271525,0.0,0.0,True,True
cql_traffic_aware,cql,traffic_aware,1.25,Full,Fixed 0.8,0.8,6186.657234326216,19.275207802324285,19.275798460829463,True,9.275207802324285,1.0,0.5,6029.988320271525,-156.6689140546914,-0.0008355675416250208,False,True
cql_traffic_aware,cql,traffic_aware,1.25,Full,Fixed 1.0,1.0,5851.726113936271,22.137810946217197,22.138401604722375,True,12.137810946217197,1.0,0.5,6029.988320271525,178.26220633525372,0.0009507317671213532,False,True
cql_traffic_aware,cql,traffic_aware,1.25,Full,Fixed 1.2,1.2,5860.069393053225,21.998791370325957,21.999382028831135,True,11.998791370325957,1.0,0.5,6029.988320271525,169.91892721829936,0.0009062342784975966,False,True
cql_traffic_aware,cql,traffic_aware,1.25,Full,Development near-best 10pp,0.5,6029.988320271525,8.970205047660848,8.970795706166028,False,0.0,0.0,0.5,6029.988320271525,0.0,0.0,True,True
cql_traffic_aware,cql,traffic_aware,1.25,Full,Development 5pp-buffer,0.3,3512.471588388031,4.526194549484334,4.526785207989513,False,0.0,0.0,0.5,6029.988320271525,2517.516731883494,0.013426755903378634,True,True
cql_traffic_aware,cql,traffic_aware,1.5,500,Fixed 0.0,0.0,0.0,0.0,61.9187477813185,False,0.0,0.0,0.3,7.692405171574137,7.692405171574137,3.4188467429218384e-05,True,True
cql_traffic_aware,cql,traffic_aware,1.5,500,Fixed 0.3,0.3,7.692405171574137,1.31629348841372,63.23504126973222,False,0.0,0.0,0.3,7.692405171574137,0.0,0.0,True,True
cql_traffic_aware,cql,traffic_aware,1.5,500,Fixed 0.5,0.5,-94.32043589052319,3.691842155526203,65.6105899368447,False,0.0,0.0,0.3,7.692405171574137,102.01284106209732,0.00045339040472043254,True,True
cql_traffic_aware,cql,traffic_aware,1.5,500,Fixed 0.8,0.8,-686.6937090478614,12.29017523398474,74.20892301530324,True,2.2901752339847405,1.0,0.3,7.692405171574137,694.3861142194355,0.0030861605076419356,False,True
cql_traffic_aware,cql,traffic_aware,1.5,500,Fixed 1.0,1.0,-804.3976719547236,12.972706795104031,74.89145457642253,True,2.972706795104031,1.0,0.3,7.692405171574137,812.0900771262977,0.003609289231672434,False,True
cql_traffic_aware,cql,traffic_aware,1.5,500,Fixed 1.2,1.2,-699.1116368481071,11.857465244093163,73.77621302541166,True,1.857465244093163,1.0,0.3,7.692405171574137,706.8040420196812,0.00314135129786525,False,True
cql_traffic_aware,cql,traffic_aware,1.5,500,Development near-best 10pp,0.0,0.0,0.0,61.9187477813185,False,0.0,0.0,0.3,7.692405171574137,7.692405171574137,3.4188467429218384e-05,True,True
cql_traffic_aware,cql,traffic_aware,1.5,500,Development 5pp-buffer,0.0,0.0,0.0,61.9187477813185,False,0.0,0.0,0.3,7.692405171574137,7.692405171574137,3.4188467429218384e-05,True,True
cql_traffic_aware,cql,traffic_aware,1.5,2000,Fixed 0.0,0.0,0.0,0.0,12.434547068877079,False,0.0,0.0,0.3,151.49699841498477,151.49699841498477,0.0006733199929554879,True,True
cql_traffic_aware,cql,traffic_aware,1.5,2000,Fixed 0.3,0.3,151.49699841498477,4.8977496116194335,17.332296680496512,False,0.0,0.0,0.3,151.49699841498477,0.0,0.0,True,True
cql_traffic_aware,cql,traffic_aware,1.5,2000,Fixed 0.5,0.5,-176.653429031443,10.52430208485841,22.95884915373549,True,0.5243020848584106,1.0,0.3,151.49699841498477,328.1504274464278,0.0014584463442063457,False,True
cql_traffic_aware,cql,traffic_aware,1.5,2000,Fixed 0.8,0.8,-2271.822113963741,34.31739596507415,46.75194303395123,True,24.317395965074148,1.0,0.3,151.49699841498477,2423.3191123787255,0.010770307166127669,False,True
cql_traffic_aware,cql,traffic_aware,1.5,2000,Fixed 1.0,1.0,-3623.9390162370382,43.88863223747315,56.323179306350234,True,33.88863223747315,1.0,0.3,151.49699841498477,3775.436014652023,0.016779715620675657,False,True
cql_traffic_aware,cql,traffic_aware,1.5,2000,Fixed 1.2,1.2,-3093.616264220347,39.46846833870278,51.90301540757986,True,29.468468338702777,1.0,0.3,151.49699841498477,3245.113262635332,0.014422725611712586,False,True
cql_traffic_aware,cql,traffic_aware,1.5,2000,Development near-best 10pp,0.3,151.49699841498477,4.8977496116194335,17.332296680496512,False,0.0,0.0,0.3,151.49699841498477,0.0,0.0,True,True
cql_traffic_aware,cql,traffic_aware,1.5,2000,Development 5pp-buffer,0.0,0.0,0.0,12.434547068877079,False,0.0,0.0,0.3,151.49699841498477,151.49699841498477,0.0006733199929554879,True,True
cql_traffic_aware,cql,traffic_aware,1.5,8000,Fixed 0.0,0.0,0.0,0.0,0.02177197499272707,False,0.0,0.0,0.3,2200.4746092431924,2200.4746092431924,0.009779887152191967,True,True
cql_traffic_aware,cql,traffic_aware,1.5,8000,Fixed 0.3,0.3,2200.4746092431924,6.854499508151901,6.876271483144627,False,0.0,0.0,0.3,2200.4746092431924,0.0,0.0,True,True
cql_traffic_aware,cql,traffic_aware,1.5,8000,Fixed 0.5,0.5,2303.8959213077433,16.625755278011848,16.647527253004576,True,6.625755278011848,1.0,0.3,2200.4746092431924,-103.42131206455088,-0.0004596502758424483,False,True
cql_traffic_aware,cql,traffic_aware,1.5,8000,Fixed 0.8,0.8,902.6301857306353,31.32129886732431,31.343070842317037,True,21.32129886732431,1.0,0.3,2200.4746092431924,1297.8444235125571,0.005768197437833587,False,True
cql_traffic_aware,cql,traffic_aware,1.5,8000,Fixed 1.0,1.0,-93.99015561988199,38.02303565263563,38.04480762762835,True,28.023035652635627,1.0,0.3,2200.4746092431924,2294.4647648630744,0.010197621177169219,False,True
cql_traffic_aware,cql,traffic_aware,1.5,8000,Fixed 1.2,1.2,-58.30562522701075,37.679729876145956,37.70150185113868,True,27.679729876145956,1.0,0.3,2200.4746092431924,2258.780234470203,0.010039023264312014,False,True
cql_traffic_aware,cql,traffic_aware,1.5,8000,Development near-best 10pp,0.3,2200.4746092431924,6.854499508151901,6.876271483144627,False,0.0,0.0,0.3,2200.4746092431924,0.0,0.0,True,True
cql_traffic_aware,cql,traffic_aware,1.5,8000,Development 5pp-buffer,0.3,2200.4746092431924,6.854499508151901,6.876271483144627,False,0.0,0.0,0.3,2200.4746092431924,0.0,0.0,True,True
cql_traffic_aware,cql,traffic_aware,1.5,Full,Fixed 0.0,0.0,0.0,0.0,0.00046173078967775736,False,0.0,0.0,0.5,6654.773082966292,6654.773082966292,0.029576769257627967,True,True
cql_traffic_aware,cql,traffic_aware,1.5,Full,Fixed 0.3,0.3,3810.542131269469,4.379229079020209,4.379690809809887,False,0.0,0.0,0.5,6654.773082966292,2844.2309516968235,0.012641026451985882,True,True
cql_traffic_aware,cql,traffic_aware,1.5,Full,Fixed 0.5,0.5,6654.773082966292,8.127116217984065,8.127577948773743,False,0.0,0.0,0.5,6654.773082966292,0.0,0.0,True,True
cql_traffic_aware,cql,traffic_aware,1.5,Full,Fixed 0.8,0.8,6782.817383438198,18.96238645426337,18.962848185053048,True,8.96238645426337,1.0,0.5,6654.773082966292,-128.04430047190544,-0.0005690857798751353,False,True
cql_traffic_aware,cql,traffic_aware,1.5,Full,Fixed 1.0,1.0,6218.501670786167,22.69812838551618,22.69859011630586,True,12.698128385516181,1.0,0.5,6654.773082966292,436.2714121801255,0.001938984054133891,False,True
cql_traffic_aware,cql,traffic_aware,1.5,Full,Fixed 1.2,1.2,6232.5840835530635,22.55742301967881,22.55788475046849,True,12.557423019678811,1.0,0.5,6654.773082966292,422.1889994132289,0.0018763955529476838,False,True
cql_traffic_aware,cql,traffic_aware,1.5,Full,Development near-best 10pp,0.5,6654.773082966292,8.127116217984065,8.127577948773743,False,0.0,0.0,0.5,6654.773082966292,0.0,0.0,True,True
cql_traffic_aware,cql,traffic_aware,1.5,Full,Development 5pp-buffer,0.3,3810.542131269469,4.379229079020209,4.379690809809887,False,0.0,0.0,0.5,6654.773082966292,2844.2309516968235,0.012641026451985882,True,True
cql_pid,cql,pid,0.5,500,Fixed 0.0,0.0,0.0,0.0,38.96613476032079,False,0.0,0.0,0.0,0.0,0.0,0.0,True,True
cql_pid,cql,pid,0.5,500,Fixed 0.3,0.3,-92.15240203228086,4.794653708145503,43.760788468466295,False,0.0,0.0,0.0,0.0,92.15240203228086,0.0012286986937637449,True,True
cql_pid,cql,pid,0.5,500,Fixed 0.5,0.5,-204.568683623198,9.066258875873636,48.03239363619443,False,0.0,0.0,0.0,0.0,204.568683623198,0.002727582448309307,True,True
cql_pid,cql,pid,0.5,500,Fixed 0.8,0.8,-527.133317729099,17.59863634479798,56.56477110511877,True,7.598636344797981,1.0,0.0,0.0,527.133317729099,0.0070284442363879865,False,True
cql_pid,cql,pid,0.5,500,Fixed 1.0,1.0,-561.0329699205504,17.234442895894446,56.20057765621524,True,7.234442895894446,1.0,0.0,0.0,561.0329699205504,0.0074804395989406716,False,True
cql_pid,cql,pid,0.5,500,Fixed 1.2,1.2,-440.1383321997523,14.135260918147338,53.10139567846813,True,4.135260918147338,1.0,0.0,0.0,440.1383321997523,0.0058685110959966974,False,True
cql_pid,cql,pid,0.5,500,Development near-best 10pp,0.0,0.0,0.0,38.96613476032079,False,0.0,0.0,0.0,0.0,0.0,0.0,True,True
cql_pid,cql,pid,0.5,500,Development 5pp-buffer,0.0,0.0,0.0,38.96613476032079,False,0.0,0.0,0.0,0.0,0.0,0.0,True,True
cql_pid,cql,pid,0.5,2000,Fixed 0.0,0.0,0.0,0.0,7.225159624872322,False,0.0,0.0,0.0,0.0,0.0,0.0,True,True
cql_pid,cql,pid,0.5,2000,Fixed 0.3,0.3,-19.261327710907608,5.34466653533031,12.569826160202632,False,0.0,0.0,0.0,0.0,19.261327710907608,0.00025681770281210144,True,True
cql_pid,cql,pid,0.5,2000,Fixed 0.5,0.5,-268.3828127474135,12.224056346672626,19.449215971544948,True,2.2240563466726258,1.0,0.0,0.0,268.3828127474135,0.0035784375032988465,False,True
cql_pid,cql,pid,0.5,2000,Fixed 0.8,0.8,-1052.850632479327,30.063483774301464,37.288643399173786,True,20.063483774301464,1.0,0.0,0.0,1052.850632479327,0.014038008433057693,False,True
cql_pid,cql,pid,0.5,2000,Fixed 1.0,1.0,-1592.7924780086987,39.31389905752067,46.539058682393,True,29.313899057520672,1.0,0.0,0.0,1592.7924780086987,0.02123723304011598,False,True
cql_pid,cql,pid,0.5,2000,Fixed 1.2,1.2,-1478.2635743530318,36.32313110755054,43.548290732422856,True,26.323131107550537,1.0,0.0,0.0,1478.2635743530318,0.019710180991373758,False,True
cql_pid,cql,pid,0.5,2000,Development near-best 10pp,0.3,-19.261327710907608,5.34466653533031,12.569826160202632,False,0.0,0.0,0.0,0.0,19.261327710907608,0.00025681770281210144,True,True
cql_pid,cql,pid,0.5,2000,Development 5pp-buffer,0.0,0.0,0.0,7.225159624872322,False,0.0,0.0,0.0,0.0,0.0,0.0,True,True
cql_pid,cql,pid,0.5,8000,Fixed 0.0,0.0,0.0,0.0,2.7076422218065628,False,0.0,0.0,0.5,418.13634007342716,418.13634007342716,0.005575151200979029,True,True
cql_pid,cql,pid,0.5,8000,Fixed 0.3,0.3,177.58480680136927,2.1677459270818678,4.8753881488884305,False,0.0,0.0,0.5,418.13634007342716,240.5515332720579,0.003207353776960772,True,True
cql_pid,cql,pid,0.5,8000,Fixed 0.5,0.5,418.13634007342716,6.392469218330991,9.100111440137553,False,0.0,0.0,0.5,418.13634007342716,0.0,0.0,True,True
cql_pid,cql,pid,0.5,8000,Fixed 0.8,0.8,649.5668981091085,21.21378899605176,23.921431217858323,True,11.213788996051761,1.0,0.5,418.13634007342716,-231.43055803568132,-0.003085740773809084,False,True
cql_pid,cql,pid,0.5,8000,Fixed 1.0,1.0,-327.758593719881,41.20965380805538,43.917296029861944,True,31.20965380805538,1.0,0.5,418.13634007342716,745.8949337933082,0.009945265783910775,False,True
cql_pid,cql,pid,0.5,8000,Fixed 1.2,1.2,-328.5266802438846,41.01684210408305,43.72448432588961,True,31.016842104083047,1.0,0.5,418.13634007342716,746.6630203173117,0.009955506937564156,False,True
cql_pid,cql,pid,0.5,8000,Development near-best 10pp,0.5,418.13634007342716,6.392469218330991,9.100111440137553,False,0.0,0.0,0.5,418.13634007342716,0.0,0.0,True,True
cql_pid,cql,pid,0.5,8000,Development 5pp-buffer,0.5,418.13634007342716,6.392469218330991,9.100111440137553,False,0.0,0.0,0.5,418.13634007342716,0.0,0.0,True,True
cql_pid,cql,pid,0.5,Full,Fixed 0.0,0.0,0.0,0.0,2.928241805811626,False,0.0,0.0,0.8,2164.6961559654746,2164.6961559654746,0.028862615412872994,True,True
cql_pid,cql,pid,0.5,Full,Fixed 0.3,0.3,463.0186286633407,-1.325645769042235,1.6025960367693912,False,0.0,0.0,0.8,2164.6961559654746,1701.677527302134,0.022689033697361787,True,True
cql_pid,cql,pid,0.5,Full,Fixed 0.5,0.5,940.2536957257862,2.2171331155568232,5.145374921368449,False,0.0,0.0,0.8,2164.6961559654746,1224.4424602396884,0.01632589946986251,True,True
cql_pid,cql,pid,0.5,Full,Fixed 0.8,0.8,2164.6961559654746,9.783193070363748,12.711434876175375,False,0.0,0.0,0.8,2164.6961559654746,0.0,0.0,True,True
cql_pid,cql,pid,0.5,Full,Fixed 1.0,1.0,2104.492539255115,18.93739984132697,21.8656416471386,True,8.937399841326972,1.0,0.8,2164.6961559654746,60.20361671035971,0.0008027148894714628,False,True
cql_pid,cql,pid,0.5,Full,Fixed 1.2,1.2,2105.988781432584,18.761237032145885,21.689478837957513,True,8.761237032145885,1.0,0.8,2164.6961559654746,58.70737453289075,0.0007827649937718767,False,True
cql_pid,cql,pid,0.5,Full,Development near-best 10pp,0.8,2164.6961559654746,9.783193070363748,12.711434876175375,False,0.0,0.0,0.8,2164.6961559654746,0.0,0.0,True,True
cql_pid,cql,pid,0.5,Full,Development 5pp-buffer,0.5,940.2536957257862,2.2171331155568232,5.145374921368449,False,0.0,0.0,0.8,2164.6961559654746,1224.4424602396884,0.01632589946986251,True,True
cql_pid,cql,pid,0.75,500,Fixed 0.0,0.0,0.0,0.0,52.58054026275094,False,0.0,0.0,0.0,0.0,0.0,0.0,True,True
cql_pid,cql,pid,0.75,500,Fixed 0.3,0.3,-128.30102368243752,3.843202972026745,56.42374323477768,False,0.0,0.0,0.0,0.0,128.30102368243752,0.001140453543843889,True,True
cql_pid,cql,pid,0.75,500,Fixed 0.5,0.5,-242.8307334990609,6.866750063162073,59.44729032591301,False,0.0,0.0,0.0,0.0,242.8307334990609,0.0021584954088805413,True,True
cql_pid,cql,pid,0.75,500,Fixed 0.8,0.8,-518.6655962659697,12.370593486513265,64.9511337492642,True,2.3705934865132647,1.0,0.0,0.0,518.6655962659697,0.0046103608556975085,False,True
cql_pid,cql,pid,0.75,500,Fixed 1.0,1.0,-492.12656005423923,11.370780492664316,63.95132075541525,True,1.3707804926643163,1.0,0.0,0.0,492.12656005423923,0.004374458311593238,False,True
cql_pid,cql,pid,0.75,500,Fixed 1.2,1.2,-344.34415594901066,8.831904597340227,61.41244486009116,False,0.0,0.0,0.0,0.0,344.34415594901066,0.0030608369417689835,True,True
cql_pid,cql,pid,0.75,500,Development near-best 10pp,0.0,0.0,0.0,52.58054026275094,False,0.0,0.0,0.0,0.0,0.0,0.0,True,True
cql_pid,cql,pid,0.75,500,Development 5pp-buffer,0.0,0.0,0.0,52.58054026275094,False,0.0,0.0,0.0,0.0,0.0,0.0,True,True
cql_pid,cql,pid,0.75,2000,Fixed 0.0,0.0,0.0,0.0,11.118812008843364,False,0.0,0.0,0.0,0.0,0.0,0.0,True,True
cql_pid,cql,pid,0.75,2000,Fixed 0.3,0.3,-223.44099549312705,6.673353512850074,17.792165521693438,False,0.0,0.0,0.0,0.0,223.44099549312705,0.0019861421821611293,True,True
cql_pid,cql,pid,0.75,2000,Fixed 0.5,0.5,-580.2454911788345,13.815038057844802,24.933850066688166,True,3.815038057844802,1.0,0.0,0.0,580.2454911788345,0.005157737699367418,False,True
cql_pid,cql,pid,0.75,2000,Fixed 0.8,0.8,-1813.7582036287677,32.052929922511325,43.17174193135469,True,22.052929922511325,1.0,0.0,0.0,1813.7582036287677,0.016122295143366824,False,True
cql_pid,cql,pid,0.75,2000,Fixed 1.0,1.0,-2357.365835464313,38.390044280593926,49.50885628943729,True,28.390044280593926,1.0,0.0,0.0,2357.365835464313,0.020954362981905006,False,True
cql_pid,cql,pid,0.75,2000,Fixed 1.2,1.2,-2117.0783871829817,34.79342241402434,45.912234422867705,True,24.79342241402434,1.0,0.0,0.0,2117.0783871829817,0.018818474552737614,False,True
cql_pid,cql,pid,0.75,2000,Development near-best 10pp,0.0,0.0,0.0,11.118812008843364,False,0.0,0.0,0.0,0.0,0.0,0.0,True,True
cql_pid,cql,pid,0.75,2000,Development 5pp-buffer,0.0,0.0,0.0,11.118812008843364,False,0.0,0.0,0.0,0.0,0.0,0.0,True,True
cql_pid,cql,pid,0.75,8000,Fixed 0.0,0.0,0.0,0.0,3.460011294301172,False,0.0,0.0,0.5,263.08533494028416,263.08533494028416,0.0023385363105803037,True,True
cql_pid,cql,pid,0.75,8000,Fixed 0.3,0.3,134.8026577278306,2.534268593031032,5.994279887332204,False,0.0,0.0,0.5,263.08533494028416,128.28267721245356,0.0011402904641106984,True,True
cql_pid,cql,pid,0.75,8000,Fixed 0.5,0.5,263.08533494028416,7.9400678759603895,11.400079170261561,False,0.0,0.0,0.5,263.08533494028416,0.0,0.0,True,True
cql_pid,cql,pid,0.75,8000,Fixed 0.8,0.8,477.67328055822327,20.531734682912422,23.991745977213593,True,10.531734682912422,1.0,0.5,263.08533494028416,-214.5879456179391,-0.001907448405492792,False,True
cql_pid,cql,pid,0.75,8000,Fixed 1.0,1.0,-868.0009810303873,38.230849718469294,41.69086101277047,True,28.230849718469294,1.0,0.5,263.08533494028416,1131.0863159706714,0.010054100586405969,False,True
cql_pid,cql,pid,0.75,8000,Fixed 1.2,1.2,-829.8414963548967,37.759308284130555,41.21931957843173,True,27.759308284130555,1.0,0.5,263.08533494028416,1092.9268312951808,0.009714905167068274,False,True
cql_pid,cql,pid,0.75,8000,Development near-best 10pp,0.5,263.08533494028416,7.9400678759603895,11.400079170261561,False,0.0,0.0,0.5,263.08533494028416,0.0,0.0,True,True
cql_pid,cql,pid,0.75,8000,Development 5pp-buffer,0.3,134.8026577278306,2.534268593031032,5.994279887332204,False,0.0,0.0,0.5,263.08533494028416,128.28267721245356,0.0011402904641106984,True,True
cql_pid,cql,pid,0.75,Full,Fixed 0.0,0.0,0.0,0.0,4.146719276287664,False,0.0,0.0,0.5,1433.5411772257703,1433.5411772257703,0.012742588242006848,True,True
cql_pid,cql,pid,0.75,Full,Fixed 0.3,0.3,197.45845730868677,1.1500875816896574,5.296806857977321,False,0.0,0.0,0.5,1433.5411772257703,1236.0827199170835,0.01098740195481852,True,True
cql_pid,cql,pid,0.75,Full,Fixed 0.5,0.5,1433.5411772257703,1.6430741205076984,5.789793396795362,False,0.0,0.0,0.5,1433.5411772257703,0.0,0.0,True,True
cql_pid,cql,pid,0.75,Full,Fixed 0.8,0.8,2704.24656770804,10.123240403792552,14.269959680080216,True,0.1232404037925523,0.75,0.5,1433.5411772257703,-1270.7053904822696,-0.011295159026509063,False,True
cql_pid,cql,pid,0.75,Full,Fixed 1.0,1.0,2719.141178277767,17.3845223672106,21.531241643498262,True,7.3845223672106,1.0,0.5,1433.5411772257703,-1285.6000010519965,-0.011427555564906636,False,True
cql_pid,cql,pid,0.75,Full,Fixed 1.2,1.2,2728.6942985947353,17.20355881057094,21.350278086858605,True,7.203558810570939,1.0,0.5,1433.5411772257703,-1295.153121368965,-0.011512472189946355,False,True
cql_pid,cql,pid,0.75,Full,Development near-best 10pp,0.8,2704.24656770804,10.123240403792552,14.269959680080216,True,0.1232404037925523,0.75,0.5,1433.5411772257703,-1270.7053904822696,-0.011295159026509063,False,True
cql_pid,cql,pid,0.75,Full,Development 5pp-buffer,0.5,1433.5411772257703,1.6430741205076984,5.789793396795362,False,0.0,0.0,0.5,1433.5411772257703,0.0,0.0,True,True
cql_pid,cql,pid,1.0,500,Fixed 0.0,0.0,0.0,0.0,61.418524014898225,False,0.0,0.0,0.0,0.0,0.0,0.0,True,True
cql_pid,cql,pid,1.0,500,Fixed 0.3,0.3,-142.05604219078077,3.07618599546727,64.4947100103655,False,0.0,0.0,0.0,0.0,142.05604219078077,0.0009470402812718718,True,True
cql_pid,cql,pid,1.0,500,Fixed 0.5,0.5,-253.24199395551796,5.382231010302533,66.80075502520076,False,0.0,0.0,0.0,0.0,253.24199395551796,0.001688279959703453,True,True
cql_pid,cql,pid,1.0,500,Fixed 0.8,0.8,-496.0688627995519,9.319258263505148,70.73778227840337,False,0.0,0.0,0.0,0.0,496.0688627995519,0.0033071257519970126,True,True
cql_pid,cql,pid,1.0,500,Fixed 1.0,1.0,-428.770697488048,8.154356279210376,69.5728802941086,False,0.0,0.0,0.0,0.0,428.770697488048,0.0028584713165869867,True,True
cql_pid,cql,pid,1.0,500,Fixed 1.2,1.2,-269.8817370223919,6.037433636673413,67.45595765157164,False,0.0,0.0,0.0,0.0,269.8817370223919,0.0017992115801492795,True,True
cql_pid,cql,pid,1.0,500,Development near-best 10pp,0.0,0.0,0.0,61.418524014898225,False,0.0,0.0,0.0,0.0,0.0,0.0,True,True
cql_pid,cql,pid,1.0,500,Development 5pp-buffer,0.0,0.0,0.0,61.418524014898225,False,0.0,0.0,0.0,0.0,0.0,0.0,True,True
cql_pid,cql,pid,1.0,2000,Fixed 0.0,0.0,0.0,0.0,17.27191529883378,False,0.0,0.0,0.0,0.0,0.0,0.0,True,True
cql_pid,cql,pid,1.0,2000,Fixed 0.3,0.3,-347.7260922601363,6.632933168200406,23.904848467034185,False,0.0,0.0,0.0,0.0,347.7260922601363,0.0023181739484009083,True,True
cql_pid,cql,pid,1.0,2000,Fixed 0.5,0.5,-760.5053831255063,13.493585953590792,30.76550125242457,True,3.4935859535907916,1.0,0.0,0.0,760.5053831255063,0.005070035887503376,False,True
cql_pid,cql,pid,1.0,2000,Fixed 0.8,0.8,-2231.362830868452,30.768838793967877,48.040754092801656,True,20.768838793967877,1.0,0.0,0.0,2231.362830868452,0.01487575220578968,False,True
cql_pid,cql,pid,1.0,2000,Fixed 1.0,1.0,-2747.018546710675,35.17143910348905,52.443354402322825,True,25.17143910348905,1.0,0.0,0.0,2747.018546710675,0.018313456978071165,False,True
cql_pid,cql,pid,1.0,2000,Fixed 1.2,1.2,-2402.491249340307,31.229333362576124,48.5012486614099,True,21.229333362576124,1.0,0.0,0.0,2402.491249340307,0.01601660832893538,False,True
cql_pid,cql,pid,1.0,2000,Development near-best 10pp,0.0,0.0,0.0,17.27191529883378,False,0.0,0.0,0.0,0.0,0.0,0.0,True,True
cql_pid,cql,pid,1.0,2000,Development 5pp-buffer,0.0,0.0,0.0,17.27191529883378,False,0.0,0.0,0.0,0.0,0.0,0.0,True,True
cql_pid,cql,pid,1.0,8000,Fixed 0.0,0.0,0.0,0.0,4.352952719645038,False,0.0,0.0,0.3,395.9041484088302,395.9041484088302,0.0026393609893922013,True,True
cql_pid,cql,pid,1.0,8000,Fixed 0.3,0.3,395.9041484088302,2.941770555055922,7.29472327470096,False,0.0,0.0,0.3,395.9041484088302,0.0,0.0,True,True
cql_pid,cql,pid,1.0,8000,Fixed 0.5,0.5,307.54750823505856,8.686628731191085,13.039581450836124,False,0.0,0.0,0.3,395.9041484088302,88.35664017377167,0.0005890442678251445,True,True
cql_pid,cql,pid,1.0,8000,Fixed 0.8,0.8,94.24968583011832,21.281844838497232,25.63479755814227,True,11.281844838497232,1.0,0.3,395.9041484088302,301.6544625787119,0.002011029750524746,False,True
cql_pid,cql,pid,1.0,8000,Fixed 1.0,1.0,-1190.996934630397,35.160942870882096,39.513895590527135,True,25.160942870882096,1.0,0.3,395.9041484088302,1586.9010830392272,0.010579340553594848,False,True
cql_pid,cql,pid,1.0,8000,Fixed 1.2,1.2,-1158.7757813586813,34.75219798184568,39.10515070149072,True,24.752197981845683,1.0,0.3,395.9041484088302,1554.6799297675116,0.010364532865116743,False,True
cql_pid,cql,pid,1.0,8000,Development near-best 10pp,0.5,307.54750823505856,8.686628731191085,13.039581450836124,False,0.0,0.0,0.3,395.9041484088302,88.35664017377167,0.0005890442678251445,True,True
cql_pid,cql,pid,1.0,8000,Development 5pp-buffer,0.3,395.9041484088302,2.941770555055922,7.29472327470096,False,0.0,0.0,0.3,395.9041484088302,0.0,0.0,True,True
cql_pid,cql,pid,1.0,Full,Fixed 0.0,0.0,0.0,0.0,4.422289364473797,False,0.0,0.0,0.5,1944.7253696365133,1944.7253696365133,0.012964835797576756,True,True
cql_pid,cql,pid,1.0,Full,Fixed 0.3,0.3,822.3967009615826,0.934736637820917,5.357026002294714,False,0.0,0.0,0.5,1944.7253696365133,1122.3286686749307,0.007482191124499537,True,True
cql_pid,cql,pid,1.0,Full,Fixed 0.5,0.5,1944.7253696365133,3.4799108411706934,7.90220020564449,False,0.0,0.0,0.5,1944.7253696365133,0.0,0.0,True,True
cql_pid,cql,pid,1.0,Full,Fixed 0.8,0.8,3548.237808052645,10.129747679643863,14.55203704411766,True,0.12974767964386302,1.0,0.5,1944.7253696365133,-1603.5124384161318,-0.010690082922774211,False,True
cql_pid,cql,pid,1.0,Full,Fixed 1.0,1.0,3390.644349903787,17.288769473817286,21.711058838291084,True,7.288769473817286,1.0,0.5,1944.7253696365133,-1445.9189802672736,-0.00963945986844849,False,True
cql_pid,cql,pid,1.0,Full,Fixed 1.2,1.2,3401.0651304842067,17.13430411017189,21.556593474645688,True,7.13430411017189,1.0,0.5,1944.7253696365133,-1456.3397608476935,-0.009708931738984622,False,True
cql_pid,cql,pid,1.0,Full,Development near-best 10pp,0.8,3548.237808052645,10.129747679643863,14.55203704411766,True,0.12974767964386302,1.0,0.5,1944.7253696365133,-1603.5124384161318,-0.010690082922774211,False,True
cql_pid,cql,pid,1.0,Full,Development 5pp-buffer,0.5,1944.7253696365133,3.4799108411706934,7.90220020564449,False,0.0,0.0,0.5,1944.7253696365133,0.0,0.0,True,True
cql_pid,cql,pid,1.25,500,Fixed 0.0,0.0,0.0,0.0,67.38602337496862,False,0.0,0.0,0.0,0.0,0.0,0.0,True,True
cql_pid,cql,pid,1.25,500,Fixed 0.3,0.3,-148.0285010991638,2.5711932300155524,69.95721660498417,False,0.0,0.0,0.0,0.0,148.0285010991638,0.0007894853391955403,True,True
cql_pid,cql,pid,1.25,500,Fixed 0.5,0.5,-254.46917179307638,4.4494135897987945,71.83543696476741,False,0.0,0.0,0.0,0.0,254.46917179307638,0.0013571689162297407,True,True
cql_pid,cql,pid,1.25,500,Fixed 0.8,0.8,-470.0364597309176,7.41235184962558,74.7983752245942,False,0.0,0.0,0.0,0.0,470.0364597309176,0.002506861118564894,True,True
cql_pid,cql,pid,1.25,500,Fixed 1.0,1.0,-387.64349306151644,6.312433151545434,73.69845652651405,False,0.0,0.0,0.0,0.0,387.64349306151644,0.0020674319629947545,True,True
cql_pid,cql,pid,1.25,500,Fixed 1.2,1.2,-232.81515048264555,4.589987055783666,71.97601043075228,False,0.0,0.0,0.0,0.0,232.81515048264555,0.0012416808025741096,True,True
cql_pid,cql,pid,1.25,500,Development near-best 10pp,0.0,0.0,0.0,67.38602337496862,False,0.0,0.0,0.0,0.0,0.0,0.0,True,True
cql_pid,cql,pid,1.25,500,Development 5pp-buffer,0.0,0.0,0.0,67.38602337496862,False,0.0,0.0,0.0,0.0,0.0,0.0,True,True
cql_pid,cql,pid,1.25,2000,Fixed 0.0,0.0,0.0,0.0,23.617390731206523,False,0.0,0.0,0.0,0.0,0.0,0.0,True,True
cql_pid,cql,pid,1.25,2000,Fixed 0.3,0.3,-411.3217967195633,6.275650661238181,29.893041392444704,False,0.0,0.0,0.0,0.0,411.3217967195633,0.002193716249171004,True,True
cql_pid,cql,pid,1.25,2000,Fixed 0.5,0.5,-823.8190626523319,12.458572944638146,36.07596367584467,True,2.4585729446381457,1.0,0.0,0.0,823.8190626523319,0.004393701667479104,False,True
cql_pid,cql,pid,1.25,2000,Fixed 0.8,0.8,-2478.834343683522,28.546775102801963,52.164165834008486,True,18.546775102801963,1.0,0.0,0.0,2478.834343683522,0.013220449832978785,False,True
cql_pid,cql,pid,1.25,2000,Fixed 1.0,1.0,-2942.5459423408392,31.69060431580648,55.307995047013,True,21.69060431580648,1.0,0.0,0.0,2942.5459423408392,0.015693578359151143,False,True
cql_pid,cql,pid,1.25,2000,Fixed 1.2,1.2,-2525.702384531489,27.70926138711246,51.32665211831898,True,17.70926138711246,1.0,0.0,0.0,2525.702384531489,0.013470412717501275,False,True
cql_pid,cql,pid,1.25,2000,Development near-best 10pp,0.0,0.0,0.0,23.617390731206523,False,0.0,0.0,0.0,0.0,0.0,0.0,True,True
cql_pid,cql,pid,1.25,2000,Development 5pp-buffer,0.0,0.0,0.0,23.617390731206523,False,0.0,0.0,0.0,0.0,0.0,0.0,True,True
cql_pid,cql,pid,1.25,8000,Fixed 0.0,0.0,0.0,0.0,5.016809573744837,False,0.0,0.0,0.3,424.5889655753017,424.5889655753017,0.0022644744830682757,True,True
cql_pid,cql,pid,1.25,8000,Fixed 0.3,0.3,424.5889655753017,4.256665916325305,9.273475490070142,False,0.0,0.0,0.3,424.5889655753017,0.0,0.0,True,True
cql_pid,cql,pid,1.25,8000,Fixed 0.5,0.5,207.02504576275896,9.513045373230641,14.529854946975478,False,0.0,0.0,0.3,424.5889655753017,217.56391981254274,0.0011603409056668945,True,True
cql_pid,cql,pid,1.25,8000,Fixed 0.8,0.8,-219.87181727110692,21.731950177438932,26.74875975118377,True,11.731950177438932,1.0,0.3,424.5889655753017,644.4607828464086,0.003437124175180846,False,True
cql_pid,cql,pid,1.25,8000,Fixed 1.0,1.0,-1572.1367475044826,33.36290327365007,38.379712847394906,True,23.36290327365007,1.0,0.3,424.5889655753017,1996.7257130797843,0.010649203803092182,False,True
cql_pid,cql,pid,1.25,8000,Fixed 1.2,1.2,-1527.642133534484,32.97961379996641,37.996423373711245,True,22.97961379996641,1.0,0.3,424.5889655753017,1952.2310991097856,0.01041189919525219,False,True
cql_pid,cql,pid,1.25,8000,Development near-best 10pp,0.5,207.02504576275896,9.513045373230641,14.529854946975478,False,0.0,0.0,0.3,424.5889655753017,217.56391981254274,0.0011603409056668945,True,True
cql_pid,cql,pid,1.25,8000,Development 5pp-buffer,0.3,424.5889655753017,4.256665916325305,9.273475490070142,False,0.0,0.0,0.3,424.5889655753017,0.0,0.0,True,True
cql_pid,cql,pid,1.25,Full,Fixed 0.0,0.0,0.0,0.0,4.053152895431026,False,0.0,0.0,0.5,2205.797099034513,2205.797099034513,0.011764251194850736,True,True
cql_pid,cql,pid,1.25,Full,Fixed 0.3,0.3,1107.7318758632355,2.4062159410626904,6.4593688364937165,False,0.0,0.0,0.5,2205.797099034513,1098.0652231712775,0.00585634785691348,True,True
cql_pid,cql,pid,1.25,Full,Fixed 0.5,0.5,2205.797099034513,4.663201553385909,8.716354448816935,False,0.0,0.0,0.5,2205.797099034513,0.0,0.0,True,True
cql_pid,cql,pid,1.25,Full,Fixed 0.8,0.8,3683.4405848889837,11.535932230173996,15.589085125605022,True,1.5359322301739962,1.0,0.5,2205.797099034513,-1477.6434858544708,-0.00788076525789051,False,True
cql_pid,cql,pid,1.25,Full,Fixed 1.0,1.0,3372.438352598063,18.246305662596754,22.29945855802778,True,8.246305662596754,1.0,0.5,2205.797099034513,-1166.64125356355,-0.006222086685672266,False,True
cql_pid,cql,pid,1.25,Full,Fixed 1.2,1.2,3388.6836554992915,18.076746872121902,22.129899767552928,True,8.076746872121902,1.0,0.5,2205.797099034513,-1182.8865564647786,-0.006308728301145486,False,True
cql_pid,cql,pid,1.25,Full,Development near-best 10pp,0.8,3683.4405848889837,11.535932230173996,15.589085125605022,True,1.5359322301739962,1.0,0.5,2205.797099034513,-1477.6434858544708,-0.00788076525789051,False,True
cql_pid,cql,pid,1.25,Full,Development 5pp-buffer,0.5,2205.797099034513,4.663201553385909,8.716354448816935,False,0.0,0.0,0.5,2205.797099034513,0.0,0.0,True,True
cql_pid,cql,pid,1.5,500,Fixed 0.0,0.0,0.0,0.0,71.67082791473253,False,0.0,0.0,0.0,0.0,0.0,0.0,True,True
cql_pid,cql,pid,1.5,500,Fixed 0.3,0.3,-148.3806694101213,2.206999402648762,73.87782731738129,False,0.0,0.0,0.0,0.0,148.3806694101213,0.0006594696418227614,True,True
cql_pid,cql,pid,1.5,500,Fixed 0.5,0.5,-246.99468072605669,3.766666011501144,75.43749392623367,False,0.0,0.0,0.0,0.0,246.99468072605669,0.0010977541365602519,True,True
cql_pid,cql,pid,1.5,500,Fixed 0.8,0.8,-448.64215575291473,6.133805462276953,77.80463337700948,False,0.0,0.0,0.0,0.0,448.64215575291473,0.001993965136679621,True,True
cql_pid,cql,pid,1.5,500,Fixed 1.0,1.0,-351.67900958067185,5.080404104981639,76.75123201971417,False,0.0,0.0,0.0,0.0,351.67900958067185,0.0015630178203585416,True,True
cql_pid,cql,pid,1.5,500,Fixed 1.2,1.2,-199.5940388334957,3.627829769775957,75.29865768450848,False,0.0,0.0,0.0,0.0,199.5940388334957,0.0008870846170377586,True,True
cql_pid,cql,pid,1.5,500,Development near-best 10pp,1.2,-199.5940388334957,3.627829769775957,75.29865768450848,False,0.0,0.0,0.0,0.0,199.5940388334957,0.0008870846170377586,True,True
cql_pid,cql,pid,1.5,500,Development 5pp-buffer,1.2,-199.5940388334957,3.627829769775957,75.29865768450848,False,0.0,0.0,0.0,0.0,199.5940388334957,0.0008870846170377586,True,True
cql_pid,cql,pid,1.5,2000,Fixed 0.0,0.0,0.0,0.0,29.352741143532715,False,0.0,0.0,0.0,0.0,0.0,0.0,True,True
cql_pid,cql,pid,1.5,2000,Fixed 0.3,0.3,-426.00087050964066,5.786067507671053,35.13880865120377,False,0.0,0.0,0.0,0.0,426.00087050964066,0.0018933372022650696,True,True
cql_pid,cql,pid,1.5,2000,Fixed 0.5,0.5,-880.2056792354397,11.500389560716489,40.8531307042492,True,1.5003895607164885,1.0,0.0,0.0,880.2056792354397,0.0039120252410463985,False,True
cql_pid,cql,pid,1.5,2000,Fixed 0.8,0.8,-2645.282526768402,26.255792824708838,55.60853396824155,True,16.255792824708838,1.0,0.0,0.0,2645.282526768402,0.011756811230081786,False,True
cql_pid,cql,pid,1.5,2000,Fixed 1.0,1.0,-3085.736364298129,28.662430812508962,58.01517195604168,True,18.662430812508962,1.0,0.0,0.0,3085.736364298129,0.013714383841325018,False,True
cql_pid,cql,pid,1.5,2000,Fixed 1.2,1.2,-2622.1841491054256,24.872011738722282,54.224752882255,True,14.872011738722282,1.0,0.0,0.0,2622.1841491054256,0.011654151773801892,False,True
cql_pid,cql,pid,1.5,2000,Development near-best 10pp,0.0,0.0,0.0,29.352741143532715,False,0.0,0.0,0.0,0.0,0.0,0.0,True,True
cql_pid,cql,pid,1.5,2000,Development 5pp-buffer,0.0,0.0,0.0,29.352741143532715,False,0.0,0.0,0.0,0.0,0.0,0.0,True,True
cql_pid,cql,pid,1.5,8000,Fixed 0.0,0.0,0.0,0.0,6.453412719546065,False,0.0,0.0,0.3,478.8246706446116,478.8246706446116,0.002128109647309385,True,True
cql_pid,cql,pid,1.5,8000,Fixed 0.3,0.3,478.8246706446116,3.6339110564559602,10.087323776002025,False,0.0,0.0,0.3,478.8246706446116,0.0,0.0,True,True
cql_pid,cql,pid,1.5,8000,Fixed 0.5,0.5,95.96040157596144,9.379681115746688,15.833093835292752,False,0.0,0.0,0.3,478.8246706446116,382.8642690686502,0.0017016189736384453,True,True
cql_pid,cql,pid,1.5,8000,Fixed 0.8,0.8,-522.870780418325,21.086612455042413,27.54002517458848,True,11.086612455042413,1.0,0.3,478.8246706446116,1001.6954510629366,0.004451979782501941,False,True
cql_pid,cql,pid,1.5,8000,Fixed 1.0,1.0,-2041.7465413982718,31.86995358960224,38.323366309148305,True,21.86995358960224,1.0,0.3,478.8246706446116,2520.5712120428834,0.011202538720190593,False,True
cql_pid,cql,pid,1.5,8000,Fixed 1.2,1.2,-1984.6502115527146,31.45417711087898,37.907589830425046,True,21.45417711087898,1.0,0.3,478.8246706446116,2463.474882197326,0.010948777254210338,False,True
cql_pid,cql,pid,1.5,8000,Development near-best 10pp,0.5,95.96040157596144,9.379681115746688,15.833093835292752,False,0.0,0.0,0.3,478.8246706446116,382.8642690686502,0.0017016189736384453,True,True
cql_pid,cql,pid,1.5,8000,Development 5pp-buffer,0.0,0.0,0.0,6.453412719546065,False,0.0,0.0,0.3,478.8246706446116,478.8246706446116,0.002128109647309385,True,True
cql_pid,cql,pid,1.5,Full,Fixed 0.0,0.0,0.0,0.0,4.309167958858099,False,0.0,0.0,0.5,2240.427132518773,2240.427132518773,0.009957453922305657,True,True
cql_pid,cql,pid,1.5,Full,Fixed 0.3,0.3,1284.0507325571125,2.2790570964011687,6.588225055259268,False,0.0,0.0,0.5,2240.427132518773,956.3763999616604,0.0042505617776073795,True,True
cql_pid,cql,pid,1.5,Full,Fixed 0.5,0.5,2240.427132518773,5.144471033724985,9.453638992583084,False,0.0,0.0,0.5,2240.427132518773,0.0,0.0,True,True
cql_pid,cql,pid,1.5,Full,Fixed 0.8,0.8,3591.4377823350587,12.146791250185556,16.455959209043655,True,2.146791250185556,1.0,0.5,2240.427132518773,-1351.0106498162859,-0.00600449177696127,False,True
cql_pid,cql,pid,1.5,Full,Fixed 1.0,1.0,3108.4989593430946,18.528861442198853,22.83802940105695,True,8.528861442198853,1.0,0.5,2240.427132518773,-868.0718268243218,-0.0038580970081080967,False,True
cql_pid,cql,pid,1.5,Full,Fixed 1.2,1.2,3135.1663568350377,18.344495963385754,22.65366392224385,True,8.344495963385754,1.0,0.5,2240.427132518773,-894.7392243162649,-0.003976618774738955,False,True
cql_pid,cql,pid,1.5,Full,Development near-best 10pp,0.8,3591.4377823350587,12.146791250185556,16.455959209043655,True,2.146791250185556,1.0,0.5,2240.427132518773,-1351.0106498162859,-0.00600449177696127,False,True
cql_pid,cql,pid,1.5,Full,Development 5pp-buffer,0.5,2240.427132518773,5.144471033724985,9.453638992583084,False,0.0,0.0,0.5,2240.427132518773,0.0,0.0,True,True
cql_dual,cql,dual,0.5,500,Fixed 0.0,0.0,0.0,0.0,31.128623168578205,False,0.0,0.0,0.0,0.0,0.0,0.0,True,True
cql_dual,cql,dual,0.5,500,Fixed 0.3,0.3,-20.022688520372867,3.331899697426511,34.460522866004716,False,0.0,0.0,0.0,0.0,20.022688520372867,0.0002669691802716382,True,True
cql_dual,cql,dual,0.5,500,Fixed 0.5,0.5,-72.25882850691778,6.588310298045879,37.716933466624084,False,0.0,0.0,0.0,0.0,72.25882850691778,0.0009634510467589038,True,True
cql_dual,cql,dual,0.5,500,Fixed 0.8,0.8,-329.38220057092894,17.732163917958463,48.86078708653667,True,7.732163917958463,1.0,0.0,0.0,329.38220057092894,0.004391762674279052,False,True
cql_dual,cql,dual,0.5,500,Fixed 1.0,1.0,-605.0980993776211,22.65117480756035,53.77979797613855,True,12.651174807560349,1.0,0.0,0.0,605.0980993776211,0.008067974658368282,False,True
cql_dual,cql,dual,0.5,500,Fixed 1.2,1.2,-523.4744723418698,20.43726622475611,51.56588939333432,True,10.437266224756112,1.0,0.0,0.0,523.4744723418698,0.006979659631224931,False,True
cql_dual,cql,dual,0.5,500,Development near-best 10pp,0.0,0.0,0.0,31.128623168578205,False,0.0,0.0,0.0,0.0,0.0,0.0,True,True
cql_dual,cql,dual,0.5,500,Development 5pp-buffer,0.0,0.0,0.0,31.128623168578205,False,0.0,0.0,0.0,0.0,0.0,0.0,True,True
cql_dual,cql,dual,0.5,2000,Fixed 0.0,0.0,0.0,0.0,4.949490488633197,False,0.0,0.0,0.5,154.64390402554727,154.64390402554727,0.0020619187203406303,True,True
cql_dual,cql,dual,0.5,2000,Fixed 0.3,0.3,-48.63120853130113,3.166178068180759,8.115668556813956,False,0.0,0.0,0.5,154.64390402554727,203.2751125568484,0.002710334834091312,True,True
cql_dual,cql,dual,0.5,2000,Fixed 0.5,0.5,154.64390402554727,5.301901937428388,10.251392426061585,False,0.0,0.0,0.5,154.64390402554727,0.0,0.0,True,True
cql_dual,cql,dual,0.5,2000,Fixed 0.8,0.8,-74.56427552750392,20.21259948915413,25.16208997778733,True,10.21259948915413,1.0,0.5,154.64390402554727,229.2081795530512,0.0030561090607073493,False,True
cql_dual,cql,dual,0.5,2000,Fixed 1.0,1.0,-1075.4166887613374,42.14599547533436,47.095485963967555,True,32.14599547533436,1.0,0.5,154.64390402554727,1230.0605927868846,0.01640080790382513,False,True
cql_dual,cql,dual,0.5,2000,Fixed 1.2,1.2,-945.7158717007851,38.88627573867649,43.83576622730968,True,28.88627573867649,1.0,0.5,154.64390402554727,1100.3597757263324,0.014671463676351098,False,True
cql_dual,cql,dual,0.5,2000,Development near-best 10pp,0.5,154.64390402554727,5.301901937428388,10.251392426061585,False,0.0,0.0,0.5,154.64390402554727,0.0,0.0,True,True
cql_dual,cql,dual,0.5,2000,Development 5pp-buffer,0.3,-48.63120853130113,3.166178068180759,8.115668556813956,False,0.0,0.0,0.5,154.64390402554727,203.2751125568484,0.002710334834091312,True,True
cql_dual,cql,dual,0.5,8000,Fixed 0.0,0.0,0.0,0.0,0.5743555219067429,False,0.0,0.0,0.8,1321.2694278079698,1321.2694278079698,0.017616925704106265,True,True
cql_dual,cql,dual,0.5,8000,Fixed 0.3,0.3,-291.63676392476464,0.5882788462998771,1.16263436820662,False,0.0,0.0,0.8,1321.2694278079698,1612.9061917327344,0.021505415889769793,True,True
cql_dual,cql,dual,0.5,8000,Fixed 0.5,0.5,150.08586227598698,1.5170582657174267,2.0914137876241696,False,0.0,0.0,0.8,1321.2694278079698,1171.1835655319828,0.01561578087375977,True,True
cql_dual,cql,dual,0.5,8000,Fixed 0.8,0.8,1321.2694278079698,7.735242390418652,8.309597912325394,False,0.0,0.0,0.8,1321.2694278079698,0.0,0.0,True,True
cql_dual,cql,dual,0.5,8000,Fixed 1.0,1.0,570.7884312059532,43.74248496657096,44.31684048847771,True,33.74248496657096,1.0,0.8,1321.2694278079698,750.4809966020166,0.010006413288026888,False,True
cql_dual,cql,dual,0.5,8000,Fixed 1.2,1.2,580.4565001781166,43.47142634013875,44.045781862045494,True,33.47142634013875,1.0,0.8,1321.2694278079698,740.8129276298532,0.009877505701731376,False,True
cql_dual,cql,dual,0.5,8000,Development near-best 10pp,0.8,1321.2694278079698,7.735242390418652,8.309597912325394,False,0.0,0.0,0.8,1321.2694278079698,0.0,0.0,True,True
cql_dual,cql,dual,0.5,8000,Development 5pp-buffer,0.5,150.08586227598698,1.5170582657174267,2.0914137876241696,False,0.0,0.0,0.8,1321.2694278079698,1171.1835655319828,0.01561578087375977,True,True
cql_dual,cql,dual,0.5,Full,Fixed 0.0,0.0,0.0,0.0,0.07637771924278544,False,0.0,0.0,0.8,1845.407373741723,1845.407373741723,0.02460543164988964,True,True
cql_dual,cql,dual,0.5,Full,Fixed 0.3,0.3,57.98448625376659,0.0955833326487773,0.17196105189156274,False,0.0,0.0,0.8,1845.407373741723,1787.4228874879564,0.023832305166506085,True,True
cql_dual,cql,dual,0.5,Full,Fixed 0.5,0.5,419.14311833908323,1.151581193543078,1.2279589127858634,False,0.0,0.0,0.8,1845.407373741723,1426.2642554026397,0.019016856738701862,True,True
cql_dual,cql,dual,0.5,Full,Fixed 0.8,0.8,1845.407373741723,1.7625516767127944,1.83892939595558,False,0.0,0.0,0.8,1845.407373741723,0.0,0.0,True,True
cql_dual,cql,dual,0.5,Full,Fixed 1.0,1.0,2929.7923755763622,23.21822394324419,23.294601662486976,True,13.21822394324419,1.0,0.8,1845.407373741723,-1084.3850018346393,-0.014458466691128524,False,True
cql_dual,cql,dual,0.5,Full,Fixed 1.2,1.2,2964.373408004916,22.980196339275956,23.05657405851874,True,12.980196339275956,1.0,0.8,1845.407373741723,-1118.9660342631933,-0.014919547123509243,False,True
cql_dual,cql,dual,0.5,Full,Development near-best 10pp,0.8,1845.407373741723,1.7625516767127944,1.83892939595558,False,0.0,0.0,0.8,1845.407373741723,0.0,0.0,True,True
cql_dual,cql,dual,0.5,Full,Development 5pp-buffer,0.8,1845.407373741723,1.7625516767127944,1.83892939595558,False,0.0,0.0,0.8,1845.407373741723,0.0,0.0,True,True
cql_dual,cql,dual,0.75,500,Fixed 0.0,0.0,0.0,0.0,45.34624257894826,False,0.0,0.0,0.0,0.0,0.0,0.0,True,True
cql_dual,cql,dual,0.75,500,Fixed 0.3,0.3,-26.746552630464066,2.670185910425168,48.016428489373425,False,0.0,0.0,0.0,0.0,26.746552630464066,0.00023774713449301393,True,True
cql_dual,cql,dual,0.75,500,Fixed 0.5,0.5,-67.9685255786294,5.43813478103543,50.78437735998369,False,0.0,0.0,0.0,0.0,67.9685255786294,0.000604164671810039,True,True
cql_dual,cql,dual,0.75,500,Fixed 0.8,0.8,-378.46422467438015,14.066683980821168,59.412926559769424,True,4.066683980821168,1.0,0.0,0.0,378.46422467438015,0.003364126441550046,False,True
cql_dual,cql,dual,0.75,500,Fixed 1.0,1.0,-549.4451048057499,16.14106747438406,61.487310053332315,True,6.141067474384059,1.0,0.0,0.0,549.4451048057499,0.004883956487162221,False,True
cql_dual,cql,dual,0.75,500,Fixed 1.2,1.2,-462.7401351370672,14.503238344855504,59.84948092380376,True,4.503238344855504,1.0,0.0,0.0,462.7401351370672,0.00411324564566282,False,True
cql_dual,cql,dual,0.75,500,Development near-best 10pp,0.0,0.0,0.0,45.34624257894826,False,0.0,0.0,0.0,0.0,0.0,0.0,True,True
cql_dual,cql,dual,0.75,500,Development 5pp-buffer,0.0,0.0,0.0,45.34624257894826,False,0.0,0.0,0.0,0.0,0.0,0.0,True,True
cql_dual,cql,dual,0.75,2000,Fixed 0.0,0.0,0.0,0.0,7.8782118860238795,False,0.0,0.0,0.0,0.0,0.0,0.0,True,True
cql_dual,cql,dual,0.75,2000,Fixed 0.3,0.3,-132.57479428400347,3.2800011179726214,11.1582130039965,False,0.0,0.0,0.0,0.0,132.57479428400347,0.0011784426158578086,True,True
cql_dual,cql,dual,0.75,2000,Fixed 0.5,0.5,-18.356155837672304,6.114320180991544,13.992532067015423,False,0.0,0.0,0.0,0.0,18.356155837672304,0.00016316582966819827,True,True
cql_dual,cql,dual,0.75,2000,Fixed 0.8,0.8,-595.8274082604685,23.94834639432167,31.82655828034555,True,13.948346394321671,1.0,0.0,0.0,595.8274082604685,0.005296243628981942,False,True
cql_dual,cql,dual,0.75,2000,Fixed 1.0,1.0,-1980.6978342470475,42.37013644811038,50.248348334134256,True,32.37013644811038,1.0,0.0,0.0,1980.6978342470475,0.017606202971084867,False,True
cql_dual,cql,dual,0.75,2000,Fixed 1.2,1.2,-1750.0993208400414,38.788485026746834,46.66669691277071,True,28.788485026746834,1.0,0.0,0.0,1750.0993208400414,0.015556438407467035,False,True
cql_dual,cql,dual,0.75,2000,Development near-best 10pp,0.5,-18.356155837672304,6.114320180991544,13.992532067015423,False,0.0,0.0,0.0,0.0,18.356155837672304,0.00016316582966819827,True,True
cql_dual,cql,dual,0.75,2000,Development 5pp-buffer,0.3,-132.57479428400347,3.2800011179726214,11.1582130039965,False,0.0,0.0,0.0,0.0,132.57479428400347,0.0011784426158578086,True,True
cql_dual,cql,dual,0.75,8000,Fixed 0.0,0.0,0.0,0.0,1.107443691437427,False,0.0,0.0,0.5,696.3192874794731,696.3192874794731,0.0061895047775953164,True,True
cql_dual,cql,dual,0.75,8000,Fixed 0.3,0.3,83.19042899718988,-0.4787456487610342,0.6286980426763928,False,0.0,0.0,0.5,696.3192874794731,613.1288584822832,0.005450034297620296,True,True
cql_dual,cql,dual,0.75,8000,Fixed 0.5,0.5,696.3192874794731,1.4750202890889603,2.5824639805263874,False,0.0,0.0,0.5,696.3192874794731,0.0,0.0,True,True
cql_dual,cql,dual,0.75,8000,Fixed 0.8,0.8,1789.3959206993168,10.832378244678997,11.939821936116424,True,0.8323782446789973,1.0,0.5,696.3192874794731,-1093.0766332198436,-0.009716236739731944,False,True
cql_dual,cql,dual,0.75,8000,Fixed 1.0,1.0,734.2882099333292,41.05834563791393,42.165789329351355,True,31.05834563791393,1.0,0.5,696.3192874794731,-37.96892245385607,-0.00033750153292316505,False,True
cql_dual,cql,dual,0.75,8000,Fixed 1.2,1.2,754.8571724183421,40.70219735790817,41.80964104934559,True,30.70219735790817,1.0,0.5,696.3192874794731,-58.537884938868956,-0.0005203367550121685,False,True
cql_dual,cql,dual,0.75,8000,Development near-best 10pp,0.5,696.3192874794731,1.4750202890889603,2.5824639805263874,False,0.0,0.0,0.5,696.3192874794731,0.0,0.0,True,True
cql_dual,cql,dual,0.75,8000,Development 5pp-buffer,0.5,696.3192874794731,1.4750202890889603,2.5824639805263874,False,0.0,0.0,0.5,696.3192874794731,0.0,0.0,True,True
cql_dual,cql,dual,0.75,Full,Fixed 0.0,0.0,0.0,0.0,0.3877977094866413,False,0.0,0.0,0.8,2572.352741421455,2572.352741421455,0.022865357701524043,True,True
cql_dual,cql,dual,0.75,Full,Fixed 0.3,0.3,338.0877927587062,0.6478824223892651,1.0356801318759064,False,0.0,0.0,0.8,2572.352741421455,2234.264948662749,0.019860132877002213,True,True
cql_dual,cql,dual,0.75,Full,Fixed 0.5,0.5,338.7124242095906,1.1304818641462062,1.5182795736328474,False,0.0,0.0,0.8,2572.352741421455,2233.6403172118644,0.019854580597438793,True,True
cql_dual,cql,dual,0.75,Full,Fixed 0.8,0.8,2572.352741421455,5.627262502246662,6.015060211733303,False,0.0,0.0,0.8,2572.352741421455,0.0,0.0,True,True
cql_dual,cql,dual,0.75,Full,Fixed 1.0,1.0,3941.4138805786934,22.92357757168712,23.31137528117376,True,12.923577571687119,1.0,0.8,2572.352741421455,-1369.0611391572384,-0.01216943234806434,False,True
cql_dual,cql,dual,0.75,Full,Fixed 1.2,1.2,3979.734660507029,22.690267790966338,23.07806550045298,True,12.690267790966338,1.0,0.8,2572.352741421455,-1407.3819190855738,-0.012510061502982879,False,True
cql_dual,cql,dual,0.75,Full,Development near-best 10pp,0.8,2572.352741421455,5.627262502246662,6.015060211733303,False,0.0,0.0,0.8,2572.352741421455,0.0,0.0,True,True
cql_dual,cql,dual,0.75,Full,Development 5pp-buffer,0.8,2572.352741421455,5.627262502246662,6.015060211733303,False,0.0,0.0,0.8,2572.352741421455,0.0,0.0,True,True
cql_dual,cql,dual,1.0,500,Fixed 0.0,0.0,0.0,0.0,55.06359984066702,False,0.0,0.0,0.0,0.0,0.0,0.0,True,True
cql_dual,cql,dual,1.0,500,Fixed 0.3,0.3,-51.94462596933772,2.340906460947224,57.40450630161424,False,0.0,0.0,0.0,0.0,51.94462596933772,0.0003462975064622515,True,True
cql_dual,cql,dual,1.0,500,Fixed 0.5,0.5,-104.03639975679198,4.704249654349354,59.76784949501637,False,0.0,0.0,0.0,0.0,104.03639975679198,0.0006935759983786132,True,True
cql_dual,cql,dual,1.0,500,Fixed 0.8,0.8,-423.789711767472,11.441463788686853,66.50506362935387,True,1.4414637886868533,1.0,0.0,0.0,423.789711767472,0.00282526474511648,False,True
cql_dual,cql,dual,1.0,500,Fixed 1.0,1.0,-528.3323744188956,12.282001997929378,67.3456018385964,True,2.2820019979293775,1.0,0.0,0.0,528.3323744188956,0.003522215829459304,False,True
cql_dual,cql,dual,1.0,500,Fixed 1.2,1.2,-428.47822261346573,10.831489709113377,65.8950895497804,True,0.8314897091133773,1.0,0.0,0.0,428.47822261346573,0.0028565214840897716,False,True
cql_dual,cql,dual,1.0,500,Development near-best 10pp,0.0,0.0,0.0,55.06359984066702,False,0.0,0.0,0.0,0.0,0.0,0.0,True,True
cql_dual,cql,dual,1.0,500,Development 5pp-buffer,0.0,0.0,0.0,55.06359984066702,False,0.0,0.0,0.0,0.0,0.0,0.0,True,True
cql_dual,cql,dual,1.0,2000,Fixed 0.0,0.0,0.0,0.0,12.43125142499528,False,0.0,0.0,0.0,0.0,0.0,0.0,True,True
cql_dual,cql,dual,1.0,2000,Fixed 0.3,0.3,-87.44204003524646,2.9935908270507525,15.424842252046032,False,0.0,0.0,0.0,0.0,87.44204003524646,0.0005829469335683098,True,True
cql_dual,cql,dual,1.0,2000,Fixed 0.5,0.5,-64.07556379193738,6.454245661561016,18.885497086556295,False,0.0,0.0,0.0,0.0,64.07556379193738,0.00042717042527958254,True,True
cql_dual,cql,dual,1.0,2000,Fixed 0.8,0.8,-880.9684741664587,24.218041031398513,36.649292456393795,True,14.218041031398513,1.0,0.0,0.0,880.9684741664587,0.005873123161109725,False,True
cql_dual,cql,dual,1.0,2000,Fixed 1.0,1.0,-2546.505054582808,40.78863350552882,53.2198849305241,True,30.78863350552882,1.0,0.0,0.0,2546.505054582808,0.016976700363885388,False,True
cql_dual,cql,dual,1.0,2000,Fixed 1.2,1.2,-2219.8034859031186,36.941866883323236,49.37311830831852,True,26.941866883323236,1.0,0.0,0.0,2219.8034859031186,0.01479868990602079,False,True
cql_dual,cql,dual,1.0,2000,Development near-best 10pp,0.3,-87.44204003524646,2.9935908270507525,15.424842252046032,False,0.0,0.0,0.0,0.0,87.44204003524646,0.0005829469335683098,True,True
cql_dual,cql,dual,1.0,2000,Development 5pp-buffer,0.3,-87.44204003524646,2.9935908270507525,15.424842252046032,False,0.0,0.0,0.0,0.0,87.44204003524646,0.0005829469335683098,True,True
cql_dual,cql,dual,1.0,8000,Fixed 0.0,0.0,0.0,0.0,1.4133403384292178,False,0.0,0.0,0.5,443.2966029109066,443.2966029109066,0.0029553106860727104,True,True
cql_dual,cql,dual,1.0,8000,Fixed 0.3,0.3,101.99292118991252,2.032781420452913,3.4461217588821307,False,0.0,0.0,0.5,443.2966029109066,341.30368172099406,0.0022753578781399605,True,True
cql_dual,cql,dual,1.0,8000,Fixed 0.5,0.5,443.2966029109066,6.075795331632368,7.489135670061586,False,0.0,0.0,0.5,443.2966029109066,0.0,0.0,True,True
cql_dual,cql,dual,1.0,8000,Fixed 0.8,0.8,1700.5075844463718,13.311367299355389,14.724707637784606,True,3.311367299355389,1.0,0.5,443.2966029109066,-1257.2109815354652,-0.008381406543569768,False,True
cql_dual,cql,dual,1.0,8000,Fixed 1.0,1.0,474.74828438955956,38.74257922029754,40.15591955872676,True,28.742579220297543,1.0,0.5,443.2966029109066,-31.451681478652972,-0.00020967787652435315,False,True
cql_dual,cql,dual,1.0,8000,Fixed 1.2,1.2,521.8620239011798,38.285503858374554,39.69884419680377,True,28.285503858374554,1.0,0.5,443.2966029109066,-78.5654209902732,-0.000523769473268488,False,True
cql_dual,cql,dual,1.0,8000,Development near-best 10pp,0.5,443.2966029109066,6.075795331632368,7.489135670061586,False,0.0,0.0,0.5,443.2966029109066,0.0,0.0,True,True
cql_dual,cql,dual,1.0,8000,Development 5pp-buffer,0.5,443.2966029109066,6.075795331632368,7.489135670061586,False,0.0,0.0,0.5,443.2966029109066,0.0,0.0,True,True
cql_dual,cql,dual,1.0,Full,Fixed 0.0,0.0,0.0,0.0,0.13594679206954122,False,0.0,0.0,0.8,3476.1103469030713,3476.1103469030713,0.02317406897935381,True,True
cql_dual,cql,dual,1.0,Full,Fixed 0.3,0.3,-84.30717794925113,1.2822114524256418,1.418158244495183,False,0.0,0.0,0.8,3476.1103469030713,3560.4175248523225,0.023736116832348816,True,True
cql_dual,cql,dual,1.0,Full,Fixed 0.5,0.5,529.4416736307976,1.5820450722668127,1.7179918643363539,False,0.0,0.0,0.8,3476.1103469030713,2946.6686732722737,0.019644457821815158,True,True
cql_dual,cql,dual,1.0,Full,Fixed 0.8,0.8,3476.1103469030713,8.837074540767542,8.973021332837083,False,0.0,0.0,0.8,3476.1103469030713,0.0,0.0,True,True
cql_dual,cql,dual,1.0,Full,Fixed 1.0,1.0,4624.38381931782,23.081080112646,23.217026904715542,True,13.081080112646,1.0,0.8,3476.1103469030713,-1148.2734724147485,-0.00765515648276499,False,True
cql_dual,cql,dual,1.0,Full,Fixed 1.2,1.2,4704.731081342987,22.726096894489498,22.86204368655904,True,12.726096894489498,1.0,0.8,3476.1103469030713,-1228.6207344399154,-0.008190804896266102,False,True
cql_dual,cql,dual,1.0,Full,Development near-best 10pp,0.8,3476.1103469030713,8.837074540767542,8.973021332837083,False,0.0,0.0,0.8,3476.1103469030713,0.0,0.0,True,True
cql_dual,cql,dual,1.0,Full,Development 5pp-buffer,0.5,529.4416736307976,1.5820450722668127,1.7179918643363539,False,0.0,0.0,0.8,3476.1103469030713,2946.6686732722737,0.019644457821815158,True,True
cql_dual,cql,dual,1.25,500,Fixed 0.0,0.0,0.0,0.0,61.96870196626589,False,0.0,0.0,0.0,0.0,0.0,0.0,True,True
cql_dual,cql,dual,1.25,500,Fixed 0.3,0.3,-70.49353591048202,1.9684255702008997,63.93712753646679,False,0.0,0.0,0.0,0.0,70.49353591048202,0.00037596552485590415,True,True
cql_dual,cql,dual,1.25,500,Fixed 0.5,0.5,-133.6562553487256,4.016936288757485,65.98563825502337,False,0.0,0.0,0.0,0.0,133.6562553487256,0.0007128333618598699,True,True
cql_dual,cql,dual,1.25,500,Fixed 0.8,0.8,-449.8472077451679,9.46196332694398,71.43066529320987,False,0.0,0.0,0.0,0.0,449.8472077451679,0.002399185107974229,True,True
cql_dual,cql,dual,1.25,500,Fixed 1.0,1.0,-521.3129260752712,9.86432948852616,71.83303145479205,False,0.0,0.16666666666666666,0.0,0.0,521.3129260752712,0.0027803356057347797,True,True
cql_dual,cql,dual,1.25,500,Fixed 1.2,1.2,-417.6590375168489,8.64243776411113,70.61113973037702,False,0.0,0.0,0.0,0.0,417.6590375168489,0.0022275148667565275,True,True
cql_dual,cql,dual,1.25,500,Development near-best 10pp,0.0,0.0,0.0,61.96870196626589,False,0.0,0.0,0.0,0.0,0.0,0.0,True,True
cql_dual,cql,dual,1.25,500,Development 5pp-buffer,0.0,0.0,0.0,61.96870196626589,False,0.0,0.0,0.0,0.0,0.0,0.0,True,True
cql_dual,cql,dual,1.25,2000,Fixed 0.0,0.0,0.0,0.0,16.81871234507531,False,0.0,0.0,0.0,0.0,0.0,0.0,True,True
cql_dual,cql,dual,1.25,2000,Fixed 0.3,0.3,-95.46554630137143,3.2246331445707703,20.04334548964608,False,0.0,0.0,0.0,0.0,95.46554630137143,0.000509149580273981,True,True
cql_dual,cql,dual,1.25,2000,Fixed 0.5,0.5,-191.4749570020067,7.011996608757968,23.830708953833277,False,0.0,0.0,0.0,0.0,191.4749570020067,0.0010211997706773691,True,True
cql_dual,cql,dual,1.25,2000,Fixed 0.8,0.8,-1300.6255142463706,25.295436791988177,42.114149137063485,True,15.295436791988177,1.0,0.0,0.0,1300.6255142463706,0.006936669409313976,False,True
cql_dual,cql,dual,1.25,2000,Fixed 1.0,1.0,-3046.1262130362957,39.2275506745992,56.04626301967451,True,29.2275506745992,1.0,0.0,0.0,3046.1262130362957,0.01624600646952691,False,True
cql_dual,cql,dual,1.25,2000,Fixed 1.2,1.2,-2632.266618056252,35.24820664884545,52.06691899392076,True,25.248206648845454,1.0,0.0,0.0,2632.266618056252,0.01403875529630001,False,True
cql_dual,cql,dual,1.25,2000,Development near-best 10pp,0.0,0.0,0.0,16.81871234507531,False,0.0,0.0,0.0,0.0,0.0,0.0,True,True
cql_dual,cql,dual,1.25,2000,Development 5pp-buffer,0.0,0.0,0.0,16.81871234507531,False,0.0,0.0,0.0,0.0,0.0,0.0,True,True
cql_dual,cql,dual,1.25,8000,Fixed 0.0,0.0,0.0,0.0,2.780914313215439,False,0.0,0.0,0.5,1366.7656901789505,1366.7656901789505,0.007289417014287736,True,True
cql_dual,cql,dual,1.25,8000,Fixed 0.3,0.3,228.77065433779353,2.2580361753791043,5.038950488594543,False,0.0,0.0,0.5,1366.7656901789505,1137.995035841157,0.006069306857819504,True,True
cql_dual,cql,dual,1.25,8000,Fixed 0.5,0.5,1366.7656901789505,3.8131211286645432,6.594035441879982,False,0.0,0.0,0.5,1366.7656901789505,0.0,0.0,True,True
cql_dual,cql,dual,1.25,8000,Fixed 0.8,0.8,2193.4891436048674,12.447421021213653,15.228335334429092,True,2.4474210212136533,1.0,0.5,1366.7656901789505,-826.7234534259169,-0.00440919175160489,False,True
cql_dual,cql,dual,1.25,8000,Fixed 1.0,1.0,400.4178191077808,36.06154084781687,38.84245516103231,True,26.06154084781687,1.0,0.5,1366.7656901789505,966.3478710711697,0.005153855312379572,False,True
cql_dual,cql,dual,1.25,8000,Fixed 1.2,1.2,450.91151335658833,35.665727999313816,38.44664231252926,True,25.665727999313816,1.0,0.5,1366.7656901789505,915.8541768223622,0.004884555609719265,False,True
cql_dual,cql,dual,1.25,8000,Development near-best 10pp,0.3,228.77065433779353,2.2580361753791043,5.038950488594543,False,0.0,0.0,0.5,1366.7656901789505,1137.995035841157,0.006069306857819504,True,True
cql_dual,cql,dual,1.25,8000,Development 5pp-buffer,0.3,228.77065433779353,2.2580361753791043,5.038950488594543,False,0.0,0.0,0.5,1366.7656901789505,1137.995035841157,0.006069306857819504,True,True
cql_dual,cql,dual,1.25,Full,Fixed 0.0,0.0,0.0,0.0,0.6613053325985132,False,0.0,0.0,0.8,4609.3759741091235,4609.3759741091235,0.02458333852858199,True,True
cql_dual,cql,dual,1.25,Full,Fixed 0.3,0.3,327.8750479556893,0.9423405402012479,1.6036458727997611,False,0.0,0.0,0.8,4609.3759741091235,4281.500926153434,0.02283467160615165,True,True
cql_dual,cql,dual,1.25,Full,Fixed 0.5,0.5,1348.155415962674,1.7828565019252474,2.4441618345237606,False,0.0,0.0,0.8,4609.3759741091235,3261.2205581464495,0.0173931763101144,True,True
cql_dual,cql,dual,1.25,Full,Fixed 0.8,0.8,4609.3759741091235,8.67900184379835,9.340307176396863,False,0.0,0.0,0.8,4609.3759741091235,0.0,0.0,True,True
cql_dual,cql,dual,1.25,Full,Fixed 1.0,1.0,5625.799773756531,22.74358165599662,23.404886988595134,True,12.743581655996621,1.0,0.8,4609.3759741091235,-1016.4237996474076,-0.005420926931452841,False,True
cql_dual,cql,dual,1.25,Full,Fixed 1.2,1.2,5706.065726202982,22.42961181338325,23.090917145981763,True,12.42961181338325,1.0,0.8,4609.3759741091235,-1096.6897520938583,-0.005849012011167244,False,True
cql_dual,cql,dual,1.25,Full,Development near-best 10pp,0.8,4609.3759741091235,8.67900184379835,9.340307176396863,False,0.0,0.0,0.8,4609.3759741091235,0.0,0.0,True,True
cql_dual,cql,dual,1.25,Full,Development 5pp-buffer,0.5,1348.155415962674,1.7828565019252474,2.4441618345237606,False,0.0,0.0,0.8,4609.3759741091235,3261.2205581464495,0.0173931763101144,True,True
cql_dual,cql,dual,1.5,500,Fixed 0.0,0.0,0.0,0.0,67.01483258847384,False,0.0,0.0,0.0,0.0,0.0,0.0,True,True
cql_dual,cql,dual,1.5,500,Fixed 0.3,0.3,-80.38581347413765,1.7542624339649109,68.76909502243875,False,0.0,0.0,0.0,0.0,80.38581347413765,0.00035727028210727843,True,True
cql_dual,cql,dual,1.5,500,Fixed 0.5,0.5,-147.91000374353007,3.5125099328331544,70.52734252130699,False,0.0,0.0,0.0,0.0,147.91000374353007,0.0006573777944156892,True,True
cql_dual,cql,dual,1.5,500,Fixed 0.8,0.8,-456.63318342603,7.9794293276203945,74.99426191609423,False,0.0,0.0,0.0,0.0,456.63318342603,0.0020294808152268,True,True
cql_dual,cql,dual,1.5,500,Fixed 1.0,1.0,-503.0681873243866,8.114803079143329,75.12963566761717,False,0.0,0.0,0.0,0.0,503.0681873243866,0.002235858610330607,True,True
cql_dual,cql,dual,1.5,500,Fixed 1.2,1.2,-400.56582478625387,7.075956723340724,74.09078931181456,False,0.0,0.0,0.0,0.0,400.56582478625387,0.0017802925546055728,True,True
cql_dual,cql,dual,1.5,500,Development near-best 10pp,0.0,0.0,0.0,67.01483258847384,False,0.0,0.0,0.0,0.0,0.0,0.0,True,True
cql_dual,cql,dual,1.5,500,Development 5pp-buffer,0.0,0.0,0.0,67.01483258847384,False,0.0,0.0,0.0,0.0,0.0,0.0,True,True
cql_dual,cql,dual,1.5,2000,Fixed 0.0,0.0,0.0,0.0,21.728404496885375,False,0.0,0.0,0.0,0.0,0.0,0.0,True,True
cql_dual,cql,dual,1.5,2000,Fixed 0.3,0.3,-188.98467825439002,3.226138225252779,24.954542722138154,False,0.0,0.0,0.0,0.0,188.98467825439002,0.0008399319033528445,True,True
cql_dual,cql,dual,1.5,2000,Fixed 0.5,0.5,-303.33915084185355,7.032439237386228,28.760843734271603,False,0.0,0.0,0.0,0.0,303.33915084185355,0.0013481740037415714,True,True
cql_dual,cql,dual,1.5,2000,Fixed 0.8,0.8,-1629.3711210339025,25.151554954265478,46.87995945115085,True,15.151554954265478,1.0,0.0,0.0,1629.3711210339025,0.007241649426817345,False,True
cql_dual,cql,dual,1.5,2000,Fixed 1.0,1.0,-3389.6230390200326,36.847178359908455,58.57558285679383,True,26.847178359908455,1.0,0.0,0.0,3389.6230390200326,0.015064991284533478,False,True
cql_dual,cql,dual,1.5,2000,Fixed 1.2,1.2,-2928.752060211151,33.05323000445204,54.781634501337415,True,23.05323000445204,1.0,0.0,0.0,2928.752060211151,0.01301667582316067,False,True
cql_dual,cql,dual,1.5,2000,Development near-best 10pp,0.0,0.0,0.0,21.728404496885375,False,0.0,0.0,0.0,0.0,0.0,0.0,True,True
cql_dual,cql,dual,1.5,2000,Development 5pp-buffer,0.0,0.0,0.0,21.728404496885375,False,0.0,0.0,0.0,0.0,0.0,0.0,True,True
cql_dual,cql,dual,1.5,8000,Fixed 0.0,0.0,0.0,0.0,3.5986448493770014,False,0.0,0.0,0.5,1363.6798063601636,1363.6798063601636,0.006060799139378505,True,True
cql_dual,cql,dual,1.5,8000,Fixed 0.3,0.3,545.3740657602211,3.096869754109624,6.695514603486625,False,0.0,0.0,0.5,1363.6798063601636,818.3057405999425,0.0036369144026664113,True,True
cql_dual,cql,dual,1.5,8000,Fixed 0.5,0.5,1363.6798063601636,5.247079665085517,8.845724514462518,False,0.0,0.0,0.5,1363.6798063601636,0.0,0.0,True,True
cql_dual,cql,dual,1.5,8000,Fixed 0.8,0.8,2349.0927323749856,14.072079359396716,17.670724208773716,True,4.0720793593967155,1.0,0.5,1363.6798063601636,-985.412926014822,-0.00437961300451032,False,True
cql_dual,cql,dual,1.5,8000,Fixed 1.0,1.0,246.26976784805447,35.10543492423046,38.70407977360746,True,25.105434924230458,1.0,0.5,1363.6798063601636,1117.4100385121092,0.004966266837831596,False,True
cql_dual,cql,dual,1.5,8000,Fixed 1.2,1.2,293.905983615452,34.71002908420408,38.30867393358108,True,24.71002908420408,1.0,0.5,1363.6798063601636,1069.7738227447117,0.004754550323309829,False,True
cql_dual,cql,dual,1.5,8000,Development near-best 10pp,0.5,1363.6798063601636,5.247079665085517,8.845724514462518,False,0.0,0.0,0.5,1363.6798063601636,0.0,0.0,True,True
cql_dual,cql,dual,1.5,8000,Development 5pp-buffer,0.5,1363.6798063601636,5.247079665085517,8.845724514462518,False,0.0,0.0,0.5,1363.6798063601636,0.0,0.0,True,True
cql_dual,cql,dual,1.5,Full,Fixed 0.0,0.0,0.0,0.0,1.5826306440985292,False,0.0,0.0,0.8,5060.212948914916,5060.212948914916,0.022489835328510736,True,True
cql_dual,cql,dual,1.5,Full,Fixed 0.3,0.3,371.478635820833,1.0109387648015913,2.5935694089001204,False,0.0,0.0,0.8,5060.212948914916,4688.734313094083,0.020838819169307035,True,True
cql_dual,cql,dual,1.5,Full,Fixed 0.5,0.5,2006.5376907122882,3.3289812844078206,4.91161192850635,False,0.0,0.0,0.8,5060.212948914916,3053.6752582026274,0.013571890036456122,True,True
cql_dual,cql,dual,1.5,Full,Fixed 0.8,0.8,5060.212948914916,8.286526951295134,9.869157595393663,False,0.0,0.0,0.8,5060.212948914916,0.0,0.0,True,True
cql_dual,cql,dual,1.5,Full,Fixed 1.0,1.0,5808.570748810653,22.28044763810949,23.86307828220802,True,12.28044763810949,1.0,0.8,5060.212948914916,-748.3577998957371,-0.003326034666203276,False,True
cql_dual,cql,dual,1.5,Full,Fixed 1.2,1.2,5861.257189784526,22.0436758123752,23.626306456473728,True,12.043675812375199,1.0,0.8,5060.212948914916,-801.0442408696108,-0.003560196626087159,False,True
cql_dual,cql,dual,1.5,Full,Development near-best 10pp,0.8,5060.212948914916,8.286526951295134,9.869157595393663,False,0.0,0.0,0.8,5060.212948914916,0.0,0.0,True,True
cql_dual,cql,dual,1.5,Full,Development 5pp-buffer,0.5,2006.5376907122882,3.3289812844078206,4.91161192850635,False,0.0,0.0,0.8,5060.212948914916,3053.6752582026274,0.013571890036456122,True,True
iql_traffic_aware,iql,traffic_aware,0.5,500,Fixed 0.0,0.0,0.0,0.0,21.668566835590116,False,0.0,0.0,0.3,64.61970826802826,64.61970826802826,0.0008615961102403768,True,True
iql_traffic_aware,iql,traffic_aware,0.5,500,Fixed 0.3,0.3,64.61970826802826,2.671765215188209,24.340332050778326,False,0.0,0.0,0.3,64.61970826802826,0.0,0.0,True,True
iql_traffic_aware,iql,traffic_aware,0.5,500,Fixed 0.5,0.5,32.134508541912055,6.613905556869703,28.28247239245982,False,0.0,0.0,0.3,64.61970826802826,32.48519972611621,0.0004331359963482161,True,True
iql_traffic_aware,iql,traffic_aware,0.5,500,Fixed 0.8,0.8,-442.4924526680861,25.324212083050487,46.9927789186406,True,15.324212083050487,1.0,0.3,64.61970826802826,507.1121609361144,0.006761495479148192,False,True
iql_traffic_aware,iql,traffic_aware,0.5,500,Fixed 1.0,1.0,-830.1481578715379,32.6102836596466,54.27885049523672,True,22.610283659646598,1.0,0.3,64.61970826802826,894.7678661395662,0.011930238215194216,False,True
iql_traffic_aware,iql,traffic_aware,0.5,500,Fixed 1.2,1.2,-708.6570305338228,29.409012425630568,51.077579261220684,True,19.409012425630568,1.0,0.3,64.61970826802826,773.276738801851,0.010310356517358014,False,True
iql_traffic_aware,iql,traffic_aware,0.5,500,Development near-best 10pp,0.3,64.61970826802826,2.671765215188209,24.340332050778326,False,0.0,0.0,0.3,64.61970826802826,0.0,0.0,True,True
iql_traffic_aware,iql,traffic_aware,0.5,500,Development 5pp-buffer,0.3,64.61970826802826,2.671765215188209,24.340332050778326,False,0.0,0.0,0.3,64.61970826802826,0.0,0.0,True,True
iql_traffic_aware,iql,traffic_aware,0.5,2000,Fixed 0.0,0.0,0.0,0.0,0.14628163956996126,False,0.0,0.0,0.5,741.0123698901225,741.0123698901225,0.0098801649318683,True,True
iql_traffic_aware,iql,traffic_aware,0.5,2000,Fixed 0.3,0.3,667.8378428986625,2.5015840616611404,2.6478657012311015,False,0.0,0.0,0.5,741.0123698901225,73.17452699145997,0.000975660359886133,True,True
iql_traffic_aware,iql,traffic_aware,0.5,2000,Fixed 0.5,0.5,741.0123698901225,5.352456956148099,5.49873859571806,False,0.0,0.0,0.5,741.0123698901225,0.0,0.0,True,True
iql_traffic_aware,iql,traffic_aware,0.5,2000,Fixed 0.8,0.8,234.66490405669992,19.478125385125775,19.624407024695735,True,9.478125385125775,1.0,0.5,741.0123698901225,506.3474658334226,0.006751299544445634,False,True
iql_traffic_aware,iql,traffic_aware,0.5,2000,Fixed 1.0,1.0,-206.60909003218876,27.193000354485036,27.339281994054996,True,17.193000354485036,1.0,0.5,741.0123698901225,947.6214599223113,0.01263495279896415,False,True
iql_traffic_aware,iql,traffic_aware,0.5,2000,Fixed 1.2,1.2,-181.66928290701435,26.086327856953176,26.232609496523136,True,16.086327856953176,1.0,0.5,741.0123698901225,922.6816527971368,0.012302422037295159,False,True
iql_traffic_aware,iql,traffic_aware,0.5,2000,Development near-best 10pp,0.5,741.0123698901225,5.352456956148099,5.49873859571806,False,0.0,0.0,0.5,741.0123698901225,0.0,0.0,True,True
iql_traffic_aware,iql,traffic_aware,0.5,2000,Development 5pp-buffer,0.3,667.8378428986625,2.5015840616611404,2.6478657012311015,False,0.0,0.0,0.5,741.0123698901225,73.17452699145997,0.000975660359886133,True,True
iql_traffic_aware,iql,traffic_aware,0.5,8000,Fixed 0.0,0.0,0.0,0.0,0.0016658198026173827,False,0.0,0.0,0.5,2272.8704394968963,2272.8704394968963,0.03030493919329195,True,True
iql_traffic_aware,iql,traffic_aware,0.5,8000,Fixed 0.3,0.3,1540.6202216926895,0.7338397100763153,0.7355055298789327,False,0.0,0.0,0.5,2272.8704394968963,732.2502178042068,0.009763336237389425,True,True
iql_traffic_aware,iql,traffic_aware,0.5,8000,Fixed 0.5,0.5,2272.8704394968963,4.565756233100391,4.567422052903009,False,0.0,0.0,0.5,2272.8704394968963,0.0,0.0,True,True
iql_traffic_aware,iql,traffic_aware,0.5,8000,Fixed 0.8,0.8,2545.57278110915,11.916405912100549,11.918071731903167,True,1.916405912100549,1.0,0.5,2272.8704394968963,-272.7023416122538,-0.0036360312214967173,False,True
iql_traffic_aware,iql,traffic_aware,0.5,8000,Fixed 1.0,1.0,2504.6057801010293,12.772475674437885,12.774141494240503,True,2.772475674437885,1.0,0.5,2272.8704394968963,-231.73534060413294,-0.003089804541388439,False,True
iql_traffic_aware,iql,traffic_aware,0.5,8000,Fixed 1.2,1.2,2504.1881349226105,12.772478235308784,12.774144055111401,True,2.7724782353087836,1.0,0.5,2272.8704394968963,-231.3176954257142,-0.0030842359390095228,False,True
iql_traffic_aware,iql,traffic_aware,0.5,8000,Development near-best 10pp,0.8,2545.57278110915,11.916405912100549,11.918071731903167,True,1.916405912100549,1.0,0.5,2272.8704394968963,-272.7023416122538,-0.0036360312214967173,False,True
iql_traffic_aware,iql,traffic_aware,0.5,8000,Development 5pp-buffer,0.8,2545.57278110915,11.916405912100549,11.918071731903167,True,1.916405912100549,1.0,0.5,2272.8704394968963,-272.7023416122538,-0.0036360312214967173,False,True
iql_traffic_aware,iql,traffic_aware,0.5,Full,Fixed 0.0,0.0,0.0,0.0,0.0016924030249841357,False,0.0,0.0,0.8,3340.638241618434,3340.638241618434,0.04454184322157912,True,True
iql_traffic_aware,iql,traffic_aware,0.5,Full,Fixed 0.3,0.3,1556.4805199621414,0.14062961792459827,0.1423220209495824,False,0.0,0.0,0.8,3340.638241618434,1784.1577216562928,0.023788769622083903,True,True
iql_traffic_aware,iql,traffic_aware,0.5,Full,Fixed 0.5,0.5,2629.7357615212104,1.1947607547980832,1.1964531578230673,False,0.0,0.0,0.8,3340.638241618434,710.9024800972238,0.00947869973462965,True,True
iql_traffic_aware,iql,traffic_aware,0.5,Full,Fixed 0.8,0.8,3340.638241618434,7.736396110689723,7.7380885137147075,False,0.0,0.0,0.8,3340.638241618434,0.0,0.0,True,True
iql_traffic_aware,iql,traffic_aware,0.5,Full,Fixed 1.0,1.0,3263.095480593577,8.856476443485425,8.85816884651041,False,0.0,0.0,0.8,3340.638241618434,77.5427610248571,0.001033903480331428,True,True
iql_traffic_aware,iql,traffic_aware,0.5,Full,Fixed 1.2,1.2,3262.8696667251215,8.856436615503751,8.858129018528736,False,0.0,0.0,0.8,3340.638241618434,77.76857489331269,0.001036914331910836,True,True
iql_traffic_aware,iql,traffic_aware,0.5,Full,Development near-best 10pp,0.8,3340.638241618434,7.736396110689723,7.7380885137147075,False,0.0,0.0,0.8,3340.638241618434,0.0,0.0,True,True
iql_traffic_aware,iql,traffic_aware,0.5,Full,Development 5pp-buffer,0.5,2629.7357615212104,1.1947607547980832,1.1964531578230673,False,0.0,0.0,0.8,3340.638241618434,710.9024800972238,0.00947869973462965,True,True
iql_traffic_aware,iql,traffic_aware,0.75,500,Fixed 0.0,0.0,0.0,0.0,37.27164641335846,False,0.0,0.0,0.3,19.72509690865445,19.72509690865445,0.0001753341947435951,True,True
iql_traffic_aware,iql,traffic_aware,0.75,500,Fixed 0.3,0.3,19.72509690865445,2.146110376913306,39.41775679027177,False,0.0,0.0,0.3,19.72509690865445,0.0,0.0,True,True
iql_traffic_aware,iql,traffic_aware,0.75,500,Fixed 0.5,0.5,-51.905442683437286,5.796259636746143,43.067906050104604,False,0.0,0.0,0.3,19.72509690865445,71.63053959209174,0.0006367159074852598,True,True
iql_traffic_aware,iql,traffic_aware,0.75,500,Fixed 0.8,0.8,-620.0343113523554,21.678265956222198,58.94991236958066,True,11.678265956222198,1.0,0.3,19.72509690865445,639.7594082610099,0.005686750295653421,False,True
iql_traffic_aware,iql,traffic_aware,0.75,500,Fixed 1.0,1.0,-991.7653713051236,26.458338949605533,63.729985362963994,True,16.458338949605533,1.0,0.3,19.72509690865445,1011.4904682137781,0.00899102638412247,False,True
iql_traffic_aware,iql,traffic_aware,0.75,500,Fixed 1.2,1.2,-846.9393787827057,23.850638974840024,61.122285388198485,True,13.850638974840024,1.0,0.3,19.72509690865445,866.6644756913602,0.007703684228367646,False,True
iql_traffic_aware,iql,traffic_aware,0.75,500,Development near-best 10pp,0.3,19.72509690865445,2.146110376913306,39.41775679027177,False,0.0,0.0,0.3,19.72509690865445,0.0,0.0,True,True
iql_traffic_aware,iql,traffic_aware,0.75,500,Development 5pp-buffer,0.3,19.72509690865445,2.146110376913306,39.41775679027177,False,0.0,0.0,0.3,19.72509690865445,0.0,0.0,True,True
iql_traffic_aware,iql,traffic_aware,0.75,2000,Fixed 0.0,0.0,0.0,0.0,1.2951711430695552,False,0.0,0.0,0.3,625.5491247226892,625.5491247226892,0.005560436664201682,True,True
iql_traffic_aware,iql,traffic_aware,0.75,2000,Fixed 0.3,0.3,625.5491247226892,2.5652781839558,3.8604493270253553,False,0.0,0.0,0.3,625.5491247226892,0.0,0.0,True,True
iql_traffic_aware,iql,traffic_aware,0.75,2000,Fixed 0.5,0.5,612.7879932931828,6.653334942645829,7.948506085715384,False,0.0,0.0,0.3,625.5491247226892,12.76113142950635,0.00011343227937338977,True,True
iql_traffic_aware,iql,traffic_aware,0.75,2000,Fixed 0.8,0.8,-369.67838655515425,27.202746847245592,28.49791799031515,True,17.202746847245592,1.0,0.3,625.5491247226892,995.2275112778434,0.008846466766914163,False,True
iql_traffic_aware,iql,traffic_aware,0.75,2000,Fixed 1.0,1.0,-1343.3832963248633,38.96037005904248,40.255541202112035,True,28.960370059042482,1.0,0.3,625.5491247226892,1968.9324210475525,0.01750162152042269,False,True
iql_traffic_aware,iql,traffic_aware,0.75,2000,Fixed 1.2,1.2,-1254.5938318862845,37.49038695927682,38.78555810234637,True,27.49038695927682,1.0,0.3,625.5491247226892,1880.1429566089737,0.01671238183652421,False,True
iql_traffic_aware,iql,traffic_aware,0.75,2000,Development near-best 10pp,0.3,625.5491247226892,2.5652781839558,3.8604493270253553,False,0.0,0.0,0.3,625.5491247226892,0.0,0.0,True,True
iql_traffic_aware,iql,traffic_aware,0.75,2000,Development 5pp-buffer,0.3,625.5491247226892,2.5652781839558,3.8604493270253553,False,0.0,0.0,0.3,625.5491247226892,0.0,0.0,True,True
iql_traffic_aware,iql,traffic_aware,0.75,8000,Fixed 0.0,0.0,0.0,0.0,0.007819085749026811,False,0.0,0.0,0.5,2929.3387780333615,2929.3387780333615,0.0260385669158521,True,True
iql_traffic_aware,iql,traffic_aware,0.75,8000,Fixed 0.3,0.3,2012.9965823316525,2.1817170661441065,2.1895361518931336,False,0.0,0.0,0.5,2929.3387780333615,916.342195701709,0.008145263961792968,True,True
iql_traffic_aware,iql,traffic_aware,0.75,8000,Fixed 0.5,0.5,2929.3387780333615,5.980472542608498,5.988291628357525,False,0.0,0.0,0.5,2929.3387780333615,0.0,0.0,True,True
iql_traffic_aware,iql,traffic_aware,0.75,8000,Fixed 0.8,0.8,2923.4189756401174,16.258681545866978,16.266500631616005,True,6.258681545866978,1.0,0.5,2929.3387780333615,5.9198023932440265,5.262046571772468e-05,False,True
iql_traffic_aware,iql,traffic_aware,0.75,8000,Fixed 1.0,1.0,2519.7412030785636,21.258081436514974,21.265900522264,True,11.258081436514974,1.0,0.5,2929.3387780333615,409.5975749547979,0.003640867332931537,False,True
iql_traffic_aware,iql,traffic_aware,0.75,8000,Fixed 1.2,1.2,2513.6795198115124,21.256702780404016,21.264521866153043,True,11.256702780404016,1.0,0.5,2929.3387780333615,415.6592582218491,0.003694748961971992,False,True
iql_traffic_aware,iql,traffic_aware,0.75,8000,Development near-best 10pp,0.8,2923.4189756401174,16.258681545866978,16.266500631616005,True,6.258681545866978,1.0,0.5,2929.3387780333615,5.9198023932440265,5.262046571772468e-05,False,True
iql_traffic_aware,iql,traffic_aware,0.75,8000,Development 5pp-buffer,0.5,2929.3387780333615,5.980472542608498,5.988291628357525,False,0.0,0.0,0.5,2929.3387780333615,0.0,0.0,True,True
iql_traffic_aware,iql,traffic_aware,0.75,Full,Fixed 0.0,0.0,0.0,0.0,0.0010694643236735526,False,0.0,0.0,0.8,4825.740933564017,4825.740933564017,0.04289547496501348,True,True
iql_traffic_aware,iql,traffic_aware,0.75,Full,Fixed 0.3,0.3,2334.855847668954,0.43244182879909127,0.4335112931227648,False,0.0,0.0,0.8,4825.740933564017,2490.8850858950627,0.02214120076351167,True,True
iql_traffic_aware,iql,traffic_aware,0.75,Full,Fixed 0.5,0.5,3846.3661648055895,2.2806814681816614,2.281750932505335,False,0.0,0.0,0.8,4825.740933564017,979.3747687584273,0.00870555350007491,True,True
iql_traffic_aware,iql,traffic_aware,0.75,Full,Fixed 0.8,0.8,4825.740933564017,9.732236399508253,9.733305863831927,False,0.0,0.25,0.8,4825.740933564017,0.0,0.0,True,True
iql_traffic_aware,iql,traffic_aware,0.75,Full,Fixed 1.0,1.0,4639.292742948004,11.841264270738519,11.842333735062192,True,1.8412642707385185,1.0,0.8,4825.740933564017,186.44819061601265,0.0016573172499201125,False,True
iql_traffic_aware,iql,traffic_aware,0.75,Full,Fixed 1.2,1.2,4639.179900360112,11.841115964554367,11.842185428878041,True,1.8411159645543673,1.0,0.8,4825.740933564017,186.56103320390503,0.0016583202951458225,False,True
iql_traffic_aware,iql,traffic_aware,0.75,Full,Development near-best 10pp,0.8,4825.740933564017,9.732236399508253,9.733305863831927,False,0.0,0.25,0.8,4825.740933564017,0.0,0.0,True,True
iql_traffic_aware,iql,traffic_aware,0.75,Full,Development 5pp-buffer,0.5,3846.3661648055895,2.2806814681816614,2.281750932505335,False,0.0,0.0,0.8,4825.740933564017,979.3747687584273,0.00870555350007491,True,True
iql_traffic_aware,iql,traffic_aware,1.0,500,Fixed 0.0,0.0,0.0,0.0,47.905919171932815,False,0.0,0.0,0.3,10.267459442703512,10.267459442703512,6.844972961802341e-05,True,True
iql_traffic_aware,iql,traffic_aware,1.0,500,Fixed 0.3,0.3,10.267459442703512,1.5924461180046379,49.49836528993745,False,0.0,0.0,0.3,10.267459442703512,0.0,0.0,True,True
iql_traffic_aware,iql,traffic_aware,1.0,500,Fixed 0.5,0.5,-69.72144677432243,4.701120830839713,52.60704000277253,False,0.0,0.0,0.3,10.267459442703512,79.98890621702594,0.0005332593747801729,True,True
iql_traffic_aware,iql,traffic_aware,1.0,500,Fixed 0.8,0.8,-706.5550662976843,18.37530294877329,66.2812221207061,True,8.375302948773289,1.0,0.3,10.267459442703512,716.8225257403878,0.004778816838269253,False,True
iql_traffic_aware,iql,traffic_aware,1.0,500,Fixed 1.0,1.0,-1061.7880436822875,21.93166883645454,69.83758800838736,True,11.931668836454541,1.0,0.3,10.267459442703512,1072.055503124991,0.00714703668749994,False,True
iql_traffic_aware,iql,traffic_aware,1.0,500,Fixed 1.2,1.2,-906.88861203648,19.801472373046558,67.70739154497937,True,9.801472373046558,1.0,0.3,10.267459442703512,917.1560714791835,0.006114373809861223,False,True
iql_traffic_aware,iql,traffic_aware,1.0,500,Development near-best 10pp,0.0,0.0,0.0,47.905919171932815,False,0.0,0.0,0.3,10.267459442703512,10.267459442703512,6.844972961802341e-05,True,True
iql_traffic_aware,iql,traffic_aware,1.0,500,Development 5pp-buffer,0.0,0.0,0.0,47.905919171932815,False,0.0,0.0,0.3,10.267459442703512,10.267459442703512,6.844972961802341e-05,True,True
iql_traffic_aware,iql,traffic_aware,1.0,2000,Fixed 0.0,0.0,0.0,0.0,4.331694776402151,False,0.0,0.0,0.3,554.307846751999,554.307846751999,0.003695385645013327,True,True
iql_traffic_aware,iql,traffic_aware,1.0,2000,Fixed 0.3,0.3,554.307846751999,2.298113155882671,6.629807932284822,False,0.0,0.0,0.3,554.307846751999,0.0,0.0,True,True
iql_traffic_aware,iql,traffic_aware,1.0,2000,Fixed 0.5,0.5,512.3258584694122,6.5219195738551585,10.85361435025731,False,0.0,0.0,0.3,554.307846751999,41.981988282586826,0.00027987992188391217,True,True
iql_traffic_aware,iql,traffic_aware,1.0,2000,Fixed 0.8,0.8,-928.2010124770859,30.54389814293431,34.87559291933646,True,20.54389814293431,1.0,0.3,554.307846751999,1482.508859229085,0.009883392394860566,False,True
iql_traffic_aware,iql,traffic_aware,1.0,2000,Fixed 1.0,1.0,-2416.4026088855007,44.6820256534639,49.013720429866055,True,34.6820256534639,1.0,0.3,554.307846751999,2970.7104556374998,0.019804736370916665,False,True
iql_traffic_aware,iql,traffic_aware,1.0,2000,Fixed 1.2,1.2,-2284.568430999867,43.20599116575424,47.53768594215639,True,33.20599116575424,1.0,0.3,554.307846751999,2838.876277751866,0.018925841851679105,False,True
iql_traffic_aware,iql,traffic_aware,1.0,2000,Development near-best 10pp,0.3,554.307846751999,2.298113155882671,6.629807932284822,False,0.0,0.0,0.3,554.307846751999,0.0,0.0,True,True
iql_traffic_aware,iql,traffic_aware,1.0,2000,Development 5pp-buffer,0.3,554.307846751999,2.298113155882671,6.629807932284822,False,0.0,0.0,0.3,554.307846751999,0.0,0.0,True,True
iql_traffic_aware,iql,traffic_aware,1.0,8000,Fixed 0.0,0.0,0.0,0.0,0.0007622208201096833,False,0.0,0.0,0.5,3364.3620423709,3364.3620423709,0.022429080282472667,True,True
iql_traffic_aware,iql,traffic_aware,1.0,8000,Fixed 0.3,0.3,2355.1588274019214,2.7937928930896705,2.79455511390978,False,0.0,0.0,0.5,3364.3620423709,1009.2032149689785,0.006728021433126523,True,True
iql_traffic_aware,iql,traffic_aware,1.0,8000,Fixed 0.5,0.5,3364.3620423709,7.117527670204046,7.118289891024156,False,0.0,0.0,0.5,3364.3620423709,0.0,0.0,True,True
iql_traffic_aware,iql,traffic_aware,1.0,8000,Fixed 0.8,0.8,3082.892727810002,18.721065847659062,18.721828068479173,True,8.721065847659062,1.0,0.5,3364.3620423709,281.46931456089806,0.0018764620970726537,False,True
iql_traffic_aware,iql,traffic_aware,1.0,8000,Fixed 1.0,1.0,2029.9355294079742,28.23810700658786,28.23886922740797,True,18.23810700658786,1.0,0.5,3364.3620423709,1334.4265129629257,0.008896176753086172,False,True
iql_traffic_aware,iql,traffic_aware,1.0,8000,Fixed 1.2,1.2,2025.4617935763254,28.238637058765104,28.239399279585214,True,18.238637058765104,1.0,0.5,3364.3620423709,1338.9002487945745,0.008926001658630497,False,True
iql_traffic_aware,iql,traffic_aware,1.0,8000,Development near-best 10pp,0.5,3364.3620423709,7.117527670204046,7.118289891024156,False,0.0,0.0,0.5,3364.3620423709,0.0,0.0,True,True
iql_traffic_aware,iql,traffic_aware,1.0,8000,Development 5pp-buffer,0.5,3364.3620423709,7.117527670204046,7.118289891024156,False,0.0,0.0,0.5,3364.3620423709,0.0,0.0,True,True
iql_traffic_aware,iql,traffic_aware,1.0,Full,Fixed 0.0,0.0,0.0,0.0,0.0008248663041740655,False,0.0,0.0,0.8,6296.054184241286,6296.054184241286,0.04197369456160857,True,True
iql_traffic_aware,iql,traffic_aware,1.0,Full,Fixed 0.3,0.3,2821.4531303370695,0.7993821953566173,0.8002070616607914,False,0.0,0.0,0.8,6296.054184241286,3474.6010539042163,0.023164007026028107,True,True
iql_traffic_aware,iql,traffic_aware,1.0,Full,Fixed 0.5,0.5,4684.574839553165,2.777750759383843,2.778575625688017,False,0.0,0.0,0.8,6296.054184241286,1611.4793446881213,0.010743195631254141,True,True
iql_traffic_aware,iql,traffic_aware,1.0,Full,Fixed 0.8,0.8,6296.054184241286,7.747639770756131,7.748464637060305,False,0.0,0.0,0.8,6296.054184241286,0.0,0.0,True,True
iql_traffic_aware,iql,traffic_aware,1.0,Full,Fixed 1.0,1.0,5644.27745883086,14.044490294100545,14.04531516040472,True,4.0444902941005445,1.0,0.8,6296.054184241286,651.7767254104256,0.004345178169402837,False,True
iql_traffic_aware,iql,traffic_aware,1.0,Full,Fixed 1.2,1.2,5643.681653663283,14.043228546730356,14.044053413034531,True,4.043228546730356,1.0,0.8,6296.054184241286,652.3725305780026,0.00434915020385335,False,True
iql_traffic_aware,iql,traffic_aware,1.0,Full,Development near-best 10pp,0.8,6296.054184241286,7.747639770756131,7.748464637060305,False,0.0,0.0,0.8,6296.054184241286,0.0,0.0,True,True
iql_traffic_aware,iql,traffic_aware,1.0,Full,Development 5pp-buffer,0.5,4684.574839553165,2.777750759383843,2.778575625688017,False,0.0,0.0,0.8,6296.054184241286,1611.4793446881213,0.010743195631254141,True,True
iql_traffic_aware,iql,traffic_aware,1.25,500,Fixed 0.0,0.0,0.0,0.0,55.79530270559104,False,0.0,0.0,0.3,12.277918064325604,12.277918064325604,6.548222967640322e-05,True,True
iql_traffic_aware,iql,traffic_aware,1.25,500,Fixed 0.3,0.3,12.277918064325604,1.328787754180098,57.12409045977114,False,0.0,0.0,0.3,12.277918064325604,0.0,0.0,True,True
iql_traffic_aware,iql,traffic_aware,1.25,500,Fixed 0.5,0.5,-70.5945639581305,3.8781652711918966,59.67346797678294,False,0.0,0.0,0.3,12.277918064325604,82.8724820224561,0.0004419865707864325,True,True
iql_traffic_aware,iql,traffic_aware,1.25,500,Fixed 0.8,0.8,-716.3175305309414,15.306165388781835,71.10146809437288,True,5.306165388781835,1.0,0.3,12.277918064325604,728.595448595267,0.0038858423925080907,False,True
iql_traffic_aware,iql,traffic_aware,1.25,500,Fixed 1.0,1.0,-1084.3799026405118,18.403595588332323,74.19889829392336,True,8.403595588332323,1.0,0.3,12.277918064325604,1096.6578207048374,0.005848841710425799,False,True
iql_traffic_aware,iql,traffic_aware,1.25,500,Fixed 1.2,1.2,-920.8743721100559,16.59356728676832,72.38886999235936,True,6.5935672867683195,1.0,0.3,12.277918064325604,933.1522901743815,0.004976812214263368,False,True
iql_traffic_aware,iql,traffic_aware,1.25,500,Development near-best 10pp,0.0,0.0,0.0,55.79530270559104,False,0.0,0.0,0.3,12.277918064325604,12.277918064325604,6.548222967640322e-05,True,True
iql_traffic_aware,iql,traffic_aware,1.25,500,Development 5pp-buffer,0.0,0.0,0.0,55.79530270559104,False,0.0,0.0,0.3,12.277918064325604,12.277918064325604,6.548222967640322e-05,True,True
iql_traffic_aware,iql,traffic_aware,1.25,2000,Fixed 0.0,0.0,0.0,0.0,7.583794075981949,False,0.0,0.0,0.3,475.0883220761407,475.0883220761407,0.0025338043844060835,True,True
iql_traffic_aware,iql,traffic_aware,1.25,2000,Fixed 0.3,0.3,475.0883220761407,2.9508926224845275,10.534686698466476,False,0.0,0.0,0.3,475.0883220761407,0.0,0.0,True,True
iql_traffic_aware,iql,traffic_aware,1.25,2000,Fixed 0.5,0.5,308.97147886950006,8.293559944504652,15.877354020486601,False,0.0,0.0,0.3,475.0883220761407,166.11684320664062,0.0008859564971020834,True,True
iql_traffic_aware,iql,traffic_aware,1.25,2000,Fixed 0.8,0.8,-1387.9019181753974,32.44559852336209,40.029392599344035,True,22.445598523362086,1.0,0.3,475.0883220761407,1862.9902402515381,0.009935947948008204,False,True
iql_traffic_aware,iql,traffic_aware,1.25,2000,Fixed 1.0,1.0,-3357.998123898058,47.589256815685815,55.17305089166776,True,37.589256815685815,1.0,0.3,475.0883220761407,3833.086445974199,0.020443127711862394,False,True
iql_traffic_aware,iql,traffic_aware,1.25,2000,Fixed 1.2,1.2,-3196.00644121183,46.143028740037224,53.72682281601917,True,36.143028740037224,1.0,0.3,475.0883220761407,3671.0947632879706,0.019579172070869177,False,True
iql_traffic_aware,iql,traffic_aware,1.25,2000,Development near-best 10pp,0.3,475.0883220761407,2.9508926224845275,10.534686698466476,False,0.0,0.0,0.3,475.0883220761407,0.0,0.0,True,True
iql_traffic_aware,iql,traffic_aware,1.25,2000,Development 5pp-buffer,0.3,475.0883220761407,2.9508926224845275,10.534686698466476,False,0.0,0.0,0.3,475.0883220761407,0.0,0.0,True,True
iql_traffic_aware,iql,traffic_aware,1.25,8000,Fixed 0.0,0.0,0.0,0.0,0.0006826790950286927,False,0.0,0.0,0.5,3812.7627500755843,3812.7627500755843,0.02033473466706978,True,True
iql_traffic_aware,iql,traffic_aware,1.25,8000,Fixed 0.3,0.3,2626.2787096032807,2.738440104295315,2.7391227833903433,False,0.0,0.0,0.5,3812.7627500755843,1186.4840404723036,0.0063279148825189525,True,True
iql_traffic_aware,iql,traffic_aware,1.25,8000,Fixed 0.5,0.5,3812.7627500755843,4.919718102727075,4.920400781822104,False,0.0,0.0,0.5,3812.7627500755843,0.0,0.0,True,True
iql_traffic_aware,iql,traffic_aware,1.25,8000,Fixed 0.8,0.8,3000.5431171144264,20.09093888333594,20.09162156243097,True,10.09093888333594,1.0,0.5,3812.7627500755843,812.2196329611579,0.004331838042459509,False,True
iql_traffic_aware,iql,traffic_aware,1.25,8000,Fixed 1.0,1.0,1055.3257779096475,34.44660521209143,34.447287891186456,True,24.446605212091427,1.0,0.5,3812.7627500755843,2757.436972165937,0.01470633051821833,False,True
iql_traffic_aware,iql,traffic_aware,1.25,8000,Fixed 1.2,1.2,1054.1226508221735,34.446434404574,34.44711708366903,True,24.446434404574,1.0,0.5,3812.7627500755843,2758.640099253411,0.014712747196018191,False,True
iql_traffic_aware,iql,traffic_aware,1.25,8000,Development near-best 10pp,0.5,3812.7627500755843,4.919718102727075,4.920400781822104,False,0.0,0.0,0.5,3812.7627500755843,0.0,0.0,True,True
iql_traffic_aware,iql,traffic_aware,1.25,8000,Development 5pp-buffer,0.5,3812.7627500755843,4.919718102727075,4.920400781822104,False,0.0,0.0,0.5,3812.7627500755843,0.0,0.0,True,True
iql_traffic_aware,iql,traffic_aware,1.25,Full,Fixed 0.0,0.0,0.0,0.0,0.0005906585051794537,False,0.0,0.0,0.8,7524.29649885447,7524.29649885447,0.04012958132722384,True,True
iql_traffic_aware,iql,traffic_aware,1.25,Full,Fixed 0.3,0.3,3188.255910586082,1.1878135713571878,1.1884042298623672,False,0.0,0.0,0.8,7524.29649885447,4336.040588268388,0.023125549804098068,True,True
iql_traffic_aware,iql,traffic_aware,1.25,Full,Fixed 0.5,0.5,5471.371764188509,2.738227757925191,2.7388184164303704,False,0.0,0.0,0.8,7524.29649885447,2052.9247346659613,0.01094893191821846,True,True
iql_traffic_aware,iql,traffic_aware,1.25,Full,Fixed 0.8,0.8,7524.29649885447,6.50099812112132,6.501588779626499,False,0.0,0.0,0.8,7524.29649885447,0.0,0.0,True,True
iql_traffic_aware,iql,traffic_aware,1.25,Full,Fixed 1.0,1.0,6390.915591782283,16.084046762895145,16.084637421400323,True,6.084046762895145,1.0,0.8,7524.29649885447,1133.3809070721873,0.006044698171051665,False,True
iql_traffic_aware,iql,traffic_aware,1.25,Full,Fixed 1.2,1.2,6390.6406724833905,16.083815003671962,16.08440566217714,True,6.083815003671962,1.0,0.8,7524.29649885447,1133.6558263710795,0.006046164407312424,False,True
iql_traffic_aware,iql,traffic_aware,1.25,Full,Development near-best 10pp,0.8,7524.29649885447,6.50099812112132,6.501588779626499,False,0.0,0.0,0.8,7524.29649885447,0.0,0.0,True,True
iql_traffic_aware,iql,traffic_aware,1.25,Full,Development 5pp-buffer,0.5,5471.371764188509,2.738227757925191,2.7388184164303704,False,0.0,0.0,0.8,7524.29649885447,2052.9247346659613,0.01094893191821846,True,True
iql_traffic_aware,iql,traffic_aware,1.5,500,Fixed 0.0,0.0,0.0,0.0,61.9187477813185,False,0.0,0.0,0.3,20.132279460448444,20.132279460448444,8.947679760199309e-05,True,True
iql_traffic_aware,iql,traffic_aware,1.5,500,Fixed 0.3,0.3,20.132279460448444,1.0638044147243662,62.98255219604287,False,0.0,0.0,0.3,20.132279460448444,0.0,0.0,True,True
iql_traffic_aware,iql,traffic_aware,1.5,500,Fixed 0.5,0.5,-70.67386674583122,3.31131660602486,65.23006438734336,False,0.0,0.0,0.3,20.132279460448444,90.80614620627966,0.0004035828720279096,True,True
iql_traffic_aware,iql,traffic_aware,1.5,500,Fixed 0.8,0.8,-714.3947591576953,12.873881630896776,74.79262941221528,True,2.8738816308967756,1.0,0.3,20.132279460448444,734.5270386181437,0.0032645646160806385,False,True
iql_traffic_aware,iql,traffic_aware,1.5,500,Fixed 1.0,1.0,-1092.4375144319015,15.553664415403688,77.47241219672219,True,5.553664415403688,1.0,0.3,20.132279460448444,1112.56979389235,0.0049447546395215555,False,True
iql_traffic_aware,iql,traffic_aware,1.5,500,Fixed 1.2,1.2,-922.2340582055103,13.97803872060274,75.89678650192124,True,3.97803872060274,1.0,0.3,20.132279460448444,942.3663376659588,0.004188294834070928,False,True
iql_traffic_aware,iql,traffic_aware,1.5,500,Development near-best 10pp,0.0,0.0,0.0,61.9187477813185,False,0.0,0.0,0.3,20.132279460448444,20.132279460448444,8.947679760199309e-05,True,True
iql_traffic_aware,iql,traffic_aware,1.5,500,Development 5pp-buffer,0.0,0.0,0.0,61.9187477813185,False,0.0,0.0,0.3,20.132279460448444,20.132279460448444,8.947679760199309e-05,True,True
iql_traffic_aware,iql,traffic_aware,1.5,2000,Fixed 0.0,0.0,0.0,0.0,12.434547068877079,False,0.0,0.0,0.3,398.2851561048665,398.2851561048665,0.0017701562493549622,True,True
iql_traffic_aware,iql,traffic_aware,1.5,2000,Fixed 0.3,0.3,398.2851561048665,3.1455274285445345,15.580074497421613,False,0.0,0.0,0.3,398.2851561048665,0.0,0.0,True,True
iql_traffic_aware,iql,traffic_aware,1.5,2000,Fixed 0.5,0.5,263.57713121110464,8.10209924413268,20.536646313009758,False,0.0,0.0,0.3,398.2851561048665,134.70802489376183,0.0005987023328611637,True,True
iql_traffic_aware,iql,traffic_aware,1.5,2000,Fixed 0.8,0.8,-1776.395710381812,32.58532710278394,45.01987417166102,True,22.585327102783943,1.0,0.3,398.2851561048665,2174.6808664866785,0.00966524829549635,False,True
iql_traffic_aware,iql,traffic_aware,1.5,2000,Fixed 1.0,1.0,-4122.07430356487,47.636334857947965,60.070881926825045,True,37.636334857947965,1.0,0.3,398.2851561048665,4520.359459669737,0.020090486487421053,False,True
iql_traffic_aware,iql,traffic_aware,1.5,2000,Fixed 1.2,1.2,-3940.6801150890096,46.25342648505686,58.68797355393394,True,36.25342648505686,1.0,0.3,398.2851561048665,4338.965271193876,0.019284290094195005,False,True
iql_traffic_aware,iql,traffic_aware,1.5,2000,Development near-best 10pp,0.3,398.2851561048665,3.1455274285445345,15.580074497421613,False,0.0,0.0,0.3,398.2851561048665,0.0,0.0,True,True
iql_traffic_aware,iql,traffic_aware,1.5,2000,Development 5pp-buffer,0.3,398.2851561048665,3.1455274285445345,15.580074497421613,False,0.0,0.0,0.3,398.2851561048665,0.0,0.0,True,True
iql_traffic_aware,iql,traffic_aware,1.5,8000,Fixed 0.0,0.0,0.0,0.0,0.02177197499272707,False,0.0,0.0,0.5,3874.9546608907003,3874.9546608907003,0.01722202071506978,True,True
iql_traffic_aware,iql,traffic_aware,1.5,8000,Fixed 0.3,0.3,2784.0003821666105,3.008959175752631,3.0307311507453583,False,0.0,0.0,0.5,3874.9546608907003,1090.9542787240898,0.004848685683218177,True,True
iql_traffic_aware,iql,traffic_aware,1.5,8000,Fixed 0.5,0.5,3874.9546608907003,6.064498996596549,6.0862709715892755,False,0.0,0.0,0.5,3874.9546608907003,0.0,0.0,True,True
iql_traffic_aware,iql,traffic_aware,1.5,8000,Fixed 0.8,0.8,2848.124500905178,21.55788831066748,21.579660285660207,True,11.55788831066748,1.0,0.5,3874.9546608907003,1026.8301599855222,0.004563689599935654,False,True
iql_traffic_aware,iql,traffic_aware,1.5,8000,Fixed 1.0,1.0,-46.28566601111743,39.449887790339474,39.4716597653322,True,29.449887790339474,1.0,0.5,3874.9546608907003,3921.2403269018178,0.0174277347862303,False,True
iql_traffic_aware,iql,traffic_aware,1.5,8000,Fixed 1.2,1.2,-46.42468747277235,39.44988232117441,39.47165429616713,True,29.449882321174407,1.0,0.5,3874.9546608907003,3921.3793483634727,0.01742835265939321,False,True
iql_traffic_aware,iql,traffic_aware,1.5,8000,Development near-best 10pp,0.5,3874.9546608907003,6.064498996596549,6.0862709715892755,False,0.0,0.0,0.5,3874.9546608907003,0.0,0.0,True,True
iql_traffic_aware,iql,traffic_aware,1.5,8000,Development 5pp-buffer,0.5,3874.9546608907003,6.064498996596549,6.0862709715892755,False,0.0,0.0,0.5,3874.9546608907003,0.0,0.0,True,True
iql_traffic_aware,iql,traffic_aware,1.5,Full,Fixed 0.0,0.0,0.0,0.0,0.00046173078967775736,False,0.0,0.0,0.8,8335.327507678116,8335.327507678116,0.03704590003412496,True,True
iql_traffic_aware,iql,traffic_aware,1.5,Full,Fixed 0.3,0.3,3450.266856475506,1.3985396468489166,1.3990013776385943,False,0.0,0.0,0.8,8335.327507678116,4885.06065120261,0.021711380672011598,True,True
iql_traffic_aware,iql,traffic_aware,1.5,Full,Fixed 0.5,0.5,6104.512656300665,1.5214072713580973,1.521869002147775,False,0.0,0.0,0.8,8335.327507678116,2230.8148513774504,0.00991473267278867,True,True
iql_traffic_aware,iql,traffic_aware,1.5,Full,Fixed 0.8,0.8,8335.327507678116,7.860429598164967,7.860891328954645,False,0.0,0.0,0.8,8335.327507678116,0.0,0.0,True,True
iql_traffic_aware,iql,traffic_aware,1.5,Full,Fixed 1.0,1.0,6893.634533936352,18.045339670521987,18.045801401311664,True,8.045339670521987,1.0,0.8,8335.327507678116,1441.6929737417631,0.00640752432774117,False,True
iql_traffic_aware,iql,traffic_aware,1.5,Full,Fixed 1.2,1.2,6887.967322766688,18.053170656922035,18.053632387711712,True,8.053170656922035,1.0,0.8,8335.327507678116,1447.3601849114275,0.006432711932939678,False,True
iql_traffic_aware,iql,traffic_aware,1.5,Full,Development near-best 10pp,0.8,8335.327507678116,7.860429598164967,7.860891328954645,False,0.0,0.0,0.8,8335.327507678116,0.0,0.0,True,True
iql_traffic_aware,iql,traffic_aware,1.5,Full,Development 5pp-buffer,0.5,6104.512656300665,1.5214072713580973,1.521869002147775,False,0.0,0.0,0.8,8335.327507678116,2230.8148513774504,0.00991473267278867,True,True
iql_pid,iql,pid,0.5,500,Fixed 0.0,0.0,0.0,0.0,38.96613476032079,False,0.0,0.0,0.0,0.0,0.0,0.0,True,True
iql_pid,iql,pid,0.5,500,Fixed 0.3,0.3,-96.33602389453472,4.655563865643984,43.621698625964775,False,0.0,0.0,0.0,0.0,96.33602389453472,0.0012844803185937963,True,True
iql_pid,iql,pid,0.5,500,Fixed 0.5,0.5,-216.37365300794,9.00224655167871,47.9683813119995,False,0.0,0.0,0.0,0.0,216.37365300794,0.0028849820401058665,True,True
iql_pid,iql,pid,0.5,500,Fixed 0.8,0.8,-578.8865183043686,18.590680668167337,57.55681542848813,True,8.590680668167337,1.0,0.0,0.0,578.8865183043686,0.007718486910724914,False,True
iql_pid,iql,pid,0.5,500,Fixed 1.0,1.0,-610.7809681825956,18.138474872283624,57.104609632604415,True,8.138474872283624,1.0,0.0,0.0,610.7809681825956,0.00814374624243461,False,True
iql_pid,iql,pid,0.5,500,Fixed 1.2,1.2,-488.31099717856796,15.059220762705905,54.0253555230267,True,5.059220762705905,1.0,0.0,0.0,488.31099717856796,0.006510813295714239,False,True
iql_pid,iql,pid,0.5,500,Development near-best 10pp,0.0,0.0,0.0,38.96613476032079,False,0.0,0.0,0.0,0.0,0.0,0.0,True,True
iql_pid,iql,pid,0.5,500,Development 5pp-buffer,0.0,0.0,0.0,38.96613476032079,False,0.0,0.0,0.0,0.0,0.0,0.0,True,True
iql_pid,iql,pid,0.5,2000,Fixed 0.0,0.0,0.0,0.0,7.225159624872322,False,0.0,0.0,0.3,113.75726347975433,113.75726347975433,0.001516763513063391,True,True
iql_pid,iql,pid,0.5,2000,Fixed 0.3,0.3,113.75726347975433,2.550432250984745,9.775591875857067,False,0.0,0.0,0.3,113.75726347975433,0.0,0.0,True,True
iql_pid,iql,pid,0.5,2000,Fixed 0.5,0.5,8.865084673569072,7.070125487622715,14.295285112495037,False,0.0,0.0,0.3,113.75726347975433,104.89217880618526,0.0013985623840824702,True,True
iql_pid,iql,pid,0.5,2000,Fixed 0.8,0.8,-491.7772794932007,19.477509104096917,26.70266872896924,True,9.477509104096917,1.0,0.3,113.75726347975433,605.534542972955,0.008073793906306068,False,True
iql_pid,iql,pid,0.5,2000,Fixed 1.0,1.0,-610.3898127360953,20.957551475353906,28.18271110022623,True,10.957551475353906,1.0,0.3,113.75726347975433,724.1470762158497,0.009655294349544662,False,True
iql_pid,iql,pid,0.5,2000,Fixed 1.2,1.2,-558.4754184399962,19.63579357812543,26.860953202997752,True,9.63579357812543,1.0,0.3,113.75726347975433,672.2326819197506,0.008963102425596675,False,True
iql_pid,iql,pid,0.5,2000,Development near-best 10pp,0.3,113.75726347975433,2.550432250984745,9.775591875857067,False,0.0,0.0,0.3,113.75726347975433,0.0,0.0,True,True
iql_pid,iql,pid,0.5,2000,Development 5pp-buffer,0.3,113.75726347975433,2.550432250984745,9.775591875857067,False,0.0,0.0,0.3,113.75726347975433,0.0,0.0,True,True
iql_pid,iql,pid,0.5,8000,Fixed 0.0,0.0,0.0,0.0,2.7076422218065628,False,0.0,0.0,0.8,1701.5248341470888,1701.5248341470888,0.02268699778862785,True,True
iql_pid,iql,pid,0.5,8000,Fixed 0.3,0.3,359.33763827915845,-0.15993208884229748,2.5477101329642653,False,0.0,0.0,0.8,1701.5248341470888,1342.1871958679303,0.01789582927823907,True,True
iql_pid,iql,pid,0.5,8000,Fixed 0.5,0.5,831.6743626285233,0.41524960906990405,3.122891830876467,False,0.0,0.0,0.8,1701.5248341470888,869.8504715185654,0.011598006286914205,True,True
iql_pid,iql,pid,0.5,8000,Fixed 0.8,0.8,1701.5248341470888,4.55348992510846,7.261132146915023,False,0.0,0.0,0.8,1701.5248341470888,0.0,0.0,True,True
iql_pid,iql,pid,0.5,8000,Fixed 1.0,1.0,1636.853881658515,10.473564280388683,13.181206502195245,True,0.4735642803886826,0.9166666666666666,0.8,1701.5248341470888,64.67095248857368,0.0008622793665143157,False,True
iql_pid,iql,pid,0.5,8000,Fixed 1.2,1.2,1656.5239797437644,10.289992849726826,12.997635071533388,True,0.2899928497268256,0.9166666666666666,0.8,1701.5248341470888,45.00085440332441,0.0006000113920443255,False,True
iql_pid,iql,pid,0.5,8000,Development near-best 10pp,1.0,1636.853881658515,10.473564280388683,13.181206502195245,True,0.4735642803886826,0.9166666666666666,0.8,1701.5248341470888,64.67095248857368,0.0008622793665143157,False,True
iql_pid,iql,pid,0.5,8000,Development 5pp-buffer,1.0,1636.853881658515,10.473564280388683,13.181206502195245,True,0.4735642803886826,0.9166666666666666,0.8,1701.5248341470888,64.67095248857368,0.0008622793665143157,False,True
iql_pid,iql,pid,0.5,Full,Fixed 0.0,0.0,0.0,0.0,2.928241805811626,False,0.0,0.0,1.2,2132.4412097769136,2132.4412097769136,0.028432549463692183,True,True
iql_pid,iql,pid,0.5,Full,Fixed 0.3,0.3,223.3498933357332,-0.4936390695151154,2.434602736296511,False,0.0,0.0,1.2,2132.4412097769136,1909.0913164411804,0.025454550885882405,True,True
iql_pid,iql,pid,0.5,Full,Fixed 0.5,0.5,596.5494008747382,2.768233594820141,5.696475400631767,False,0.0,0.0,1.2,2132.4412097769136,1535.8918089021754,0.020478557452029006,True,True
iql_pid,iql,pid,0.5,Full,Fixed 0.8,0.8,1914.160041669572,6.327182404817509,9.255424210629135,False,0.0,0.0,1.2,2132.4412097769136,218.28116810734173,0.0029104155747645562,True,True
iql_pid,iql,pid,0.5,Full,Fixed 1.0,1.0,2107.563897322686,7.8805120756638845,10.80875388147551,False,0.0,0.0,1.2,2132.4412097769136,24.87731245422765,0.000331697499389702,True,True
iql_pid,iql,pid,0.5,Full,Fixed 1.2,1.2,2132.4412097769136,7.804453654536977,10.732695460348603,False,0.0,0.0,1.2,2132.4412097769136,0.0,0.0,True,True
iql_pid,iql,pid,0.5,Full,Development near-best 10pp,1.0,2107.563897322686,7.8805120756638845,10.80875388147551,False,0.0,0.0,1.2,2132.4412097769136,24.87731245422765,0.000331697499389702,True,True
iql_pid,iql,pid,0.5,Full,Development 5pp-buffer,0.8,1914.160041669572,6.327182404817509,9.255424210629135,False,0.0,0.0,1.2,2132.4412097769136,218.28116810734173,0.0029104155747645562,True,True
iql_pid,iql,pid,0.75,500,Fixed 0.0,0.0,0.0,0.0,52.58054026275094,False,0.0,0.0,0.0,0.0,0.0,0.0,True,True
iql_pid,iql,pid,0.75,500,Fixed 0.3,0.3,-135.06773959791053,3.80704999945182,56.38759026220276,False,0.0,0.0,0.0,0.0,135.06773959791053,0.0012006021297592047,True,True
iql_pid,iql,pid,0.75,500,Fixed 0.5,0.5,-251.53301830556666,7.006378854094336,59.58691911684527,False,0.0,0.0,0.0,0.0,251.53301830556666,0.002235849051605037,True,True
iql_pid,iql,pid,0.75,500,Fixed 0.8,0.8,-577.8036402760285,13.82185532641892,66.40239558916986,True,3.8218553264189197,1.0,0.0,0.0,577.8036402760285,0.005136032358009143,False,True
iql_pid,iql,pid,0.75,500,Fixed 1.0,1.0,-617.3106624864536,13.332052463444406,65.91259272619534,True,3.3320524634444055,1.0,0.0,0.0,617.3106624864536,0.0054872058887684766,False,True
iql_pid,iql,pid,0.75,500,Fixed 1.2,1.2,-472.4069222699932,10.779993025748595,63.36053328849953,True,0.7799930257485954,1.0,0.0,0.0,472.4069222699932,0.004199172642399939,False,True
iql_pid,iql,pid,0.75,500,Development near-best 10pp,0.0,0.0,0.0,52.58054026275094,False,0.0,0.0,0.0,0.0,0.0,0.0,True,True
iql_pid,iql,pid,0.75,500,Development 5pp-buffer,0.0,0.0,0.0,52.58054026275094,False,0.0,0.0,0.0,0.0,0.0,0.0,True,True
iql_pid,iql,pid,0.75,2000,Fixed 0.0,0.0,0.0,0.0,11.118812008843364,False,0.0,0.0,0.0,0.0,0.0,0.0,True,True
iql_pid,iql,pid,0.75,2000,Fixed 0.3,0.3,-109.97876306505714,5.149420043049343,16.268232051892706,False,0.0,0.0,0.0,0.0,109.97876306505714,0.0009775890050227301,True,True
iql_pid,iql,pid,0.75,2000,Fixed 0.5,0.5,-363.02870037003413,10.887004743553948,22.005816752397312,True,0.8870047435539483,1.0,0.0,0.0,363.02870037003413,0.00322692178106697,False,True
iql_pid,iql,pid,0.75,2000,Fixed 0.8,0.8,-1368.5813391446463,26.585322801209244,37.70413481005261,True,16.585322801209244,1.0,0.0,0.0,1368.5813391446463,0.012165167459063523,False,True
iql_pid,iql,pid,0.75,2000,Fixed 1.0,1.0,-1738.8556230229697,30.399914130960134,41.5187261398035,True,20.399914130960134,1.0,0.0,0.0,1738.8556230229697,0.015456494426870842,False,True
iql_pid,iql,pid,0.75,2000,Fixed 1.2,1.2,-1615.5190133461801,28.768778698514105,39.88759070735747,True,18.768778698514105,1.0,0.0,0.0,1615.5190133461801,0.014360169007521602,False,True
iql_pid,iql,pid,0.75,2000,Development near-best 10pp,0.0,0.0,0.0,11.118812008843364,False,0.0,0.0,0.0,0.0,0.0,0.0,True,True
iql_pid,iql,pid,0.75,2000,Development 5pp-buffer,0.0,0.0,0.0,11.118812008843364,False,0.0,0.0,0.0,0.0,0.0,0.0,True,True
iql_pid,iql,pid,0.75,8000,Fixed 0.0,0.0,0.0,0.0,3.460011294301172,False,0.0,0.0,0.8,1479.4535914402113,1479.4535914402113,0.013150698590579657,True,True
iql_pid,iql,pid,0.75,8000,Fixed 0.3,0.3,372.13357095291576,0.5622487350232697,4.022260029324442,False,0.0,0.0,0.8,1479.4535914402113,1107.3200204872956,0.009842844626553738,True,True
iql_pid,iql,pid,0.75,8000,Fixed 0.5,0.5,908.7658817250503,1.1096938201221342,4.569705114423306,False,0.0,0.0,0.8,1479.4535914402113,570.687709715161,0.005072779641912542,True,True
iql_pid,iql,pid,0.75,8000,Fixed 0.8,0.8,1479.4535914402113,9.801414151201133,13.261425445502304,False,0.0,0.0,0.8,1479.4535914402113,0.0,0.0,True,True
iql_pid,iql,pid,0.75,8000,Fixed 1.0,1.0,1092.1084231441528,18.001685639519472,21.461696933820644,True,8.001685639519472,1.0,0.8,1479.4535914402113,387.34516829605855,0.0034430681626316313,False,True
iql_pid,iql,pid,0.75,8000,Fixed 1.2,1.2,1105.50479481597,17.844669474780908,21.30468076908208,True,7.844669474780908,1.0,0.8,1479.4535914402113,373.94879662424137,0.00332398930332659,False,True
iql_pid,iql,pid,0.75,8000,Development near-best 10pp,0.8,1479.4535914402113,9.801414151201133,13.261425445502304,False,0.0,0.0,0.8,1479.4535914402113,0.0,0.0,True,True
iql_pid,iql,pid,0.75,8000,Development 5pp-buffer,0.5,908.7658817250503,1.1096938201221342,4.569705114423306,False,0.0,0.0,0.8,1479.4535914402113,570.687709715161,0.005072779641912542,True,True
iql_pid,iql,pid,0.75,Full,Fixed 0.0,0.0,0.0,0.0,4.146719276287664,False,0.0,0.0,0.8,2644.5215732332836,2644.5215732332836,0.0235068584287403,True,True
iql_pid,iql,pid,0.75,Full,Fixed 0.3,0.3,89.45921900484427,1.8807507751597736,6.0274700514474375,False,0.0,0.0,0.8,2644.5215732332836,2555.0623542284393,0.02271166537091946,True,True
iql_pid,iql,pid,0.75,Full,Fixed 0.5,0.5,1195.6553515743017,1.8086936614890812,5.955412937776745,False,0.0,0.0,0.8,2644.5215732332836,1448.8662216589819,0.01287881085919095,True,True
iql_pid,iql,pid,0.75,Full,Fixed 0.8,0.8,2644.5215732332836,7.097097875670711,11.243817151958375,False,0.0,0.0,0.8,2644.5215732332836,0.0,0.0,True,True
iql_pid,iql,pid,0.75,Full,Fixed 1.0,1.0,2754.0767589304596,10.320755081879287,14.467474358166951,True,0.3207550818792875,1.0,0.8,2644.5215732332836,-109.55518569717606,-0.0009738238728637872,False,True
iql_pid,iql,pid,0.75,Full,Fixed 1.2,1.2,2793.2865098882266,10.000959931632561,14.147679207920225,True,0.0009599316325612506,0.25,0.8,2644.5215732332836,-148.76493665494309,-0.001322354992488383,False,True
iql_pid,iql,pid,0.75,Full,Development near-best 10pp,0.8,2644.5215732332836,7.097097875670711,11.243817151958375,False,0.0,0.0,0.8,2644.5215732332836,0.0,0.0,True,True
iql_pid,iql,pid,0.75,Full,Development 5pp-buffer,0.8,2644.5215732332836,7.097097875670711,11.243817151958375,False,0.0,0.0,0.8,2644.5215732332836,0.0,0.0,True,True
iql_pid,iql,pid,1.0,500,Fixed 0.0,0.0,0.0,0.0,61.418524014898225,False,0.0,0.0,0.0,0.0,0.0,0.0,True,True
iql_pid,iql,pid,1.0,500,Fixed 0.3,0.3,-148.8717372062738,3.1058166925835877,64.52434070748181,False,0.0,0.0,0.0,0.0,148.8717372062738,0.0009924782480418253,True,True
iql_pid,iql,pid,1.0,500,Fixed 0.5,0.5,-257.23714684943434,5.5843587513481765,67.0028827662464,False,0.0,0.0,0.0,0.0,257.23714684943434,0.0017149143123295623,True,True
iql_pid,iql,pid,1.0,500,Fixed 0.8,0.8,-551.4948908475099,10.662164941097657,72.08068895599588,True,0.6621649410976573,1.0,0.0,0.0,551.4948908475099,0.0036766326056500657,False,True
iql_pid,iql,pid,1.0,500,Fixed 1.0,1.0,-579.5654417565847,10.10099706427171,71.51952107916993,True,0.10099706427170929,0.5,0.0,0.0,579.5654417565847,0.003863769611710565,False,True
iql_pid,iql,pid,1.0,500,Fixed 1.2,1.2,-420.67725489318127,7.9655955395322025,69.38411955443043,False,0.0,0.0,0.0,0.0,420.67725489318127,0.0028045150326212083,True,True
iql_pid,iql,pid,1.0,500,Development near-best 10pp,0.0,0.0,0.0,61.418524014898225,False,0.0,0.0,0.0,0.0,0.0,0.0,True,True
iql_pid,iql,pid,1.0,500,Development 5pp-buffer,0.0,0.0,0.0,61.418524014898225,False,0.0,0.0,0.0,0.0,0.0,0.0,True,True
iql_pid,iql,pid,1.0,2000,Fixed 0.0,0.0,0.0,0.0,17.27191529883378,False,0.0,0.0,0.0,0.0,0.0,0.0,True,True
iql_pid,iql,pid,1.0,2000,Fixed 0.3,0.3,-236.70164694006417,5.61416665254491,22.88608195137869,False,0.0,0.0,0.0,0.0,236.70164694006417,0.0015780109796004278,True,True
iql_pid,iql,pid,1.0,2000,Fixed 0.5,0.5,-612.1483440853062,11.678525111963236,28.950440410797015,True,1.6785251119632356,1.0,0.0,0.0,612.1483440853062,0.004080988960568709,False,True
iql_pid,iql,pid,1.0,2000,Fixed 0.8,0.8,-2043.8339292939818,28.768564071087074,46.04047936992085,True,18.768564071087074,1.0,0.0,0.0,2043.8339292939818,0.013625559528626546,False,True
iql_pid,iql,pid,1.0,2000,Fixed 1.0,1.0,-2621.1093292039177,33.60774428012746,50.879659578961245,True,23.607744280127463,1.0,0.0,0.0,2621.1093292039177,0.017474062194692785,False,True
iql_pid,iql,pid,1.0,2000,Fixed 1.2,1.2,-2447.571416647639,31.901481853694758,49.17339715252854,True,21.901481853694758,1.0,0.0,0.0,2447.571416647639,0.016317142777650926,False,True
iql_pid,iql,pid,1.0,2000,Development near-best 10pp,0.0,0.0,0.0,17.27191529883378,False,0.0,0.0,0.0,0.0,0.0,0.0,True,True
iql_pid,iql,pid,1.0,2000,Development 5pp-buffer,0.0,0.0,0.0,17.27191529883378,False,0.0,0.0,0.0,0.0,0.0,0.0,True,True
iql_pid,iql,pid,1.0,8000,Fixed 0.0,0.0,0.0,0.0,4.352952719645038,False,0.0,0.0,0.5,1014.7375628561276,1014.7375628561276,0.006764917085707517,True,True
iql_pid,iql,pid,1.0,8000,Fixed 0.3,0.3,522.2568642711485,1.8950669199603993,6.248019639605437,False,0.0,0.0,0.5,1014.7375628561276,492.4806985849791,0.003283204657233194,True,True
iql_pid,iql,pid,1.0,8000,Fixed 0.5,0.5,1014.7375628561276,2.706347668259392,7.05930038790443,False,0.0,0.0,0.5,1014.7375628561276,0.0,0.0,True,True
iql_pid,iql,pid,1.0,8000,Fixed 0.8,0.8,1192.9921590432004,13.196163065598192,17.54911578524323,True,3.196163065598192,1.0,0.5,1014.7375628561276,-178.25459618707282,-0.0011883639745804855,False,True
iql_pid,iql,pid,1.0,8000,Fixed 1.0,1.0,269.31159208511053,24.114411239525918,28.467363959170957,True,14.114411239525918,1.0,0.5,1014.7375628561276,745.4259707710171,0.0049695064718067805,False,True
iql_pid,iql,pid,1.0,8000,Fixed 1.2,1.2,270.7170023048875,24.049467256460982,28.40241997610602,True,14.049467256460982,1.0,0.5,1014.7375628561276,744.0205605512401,0.0049601370703416005,False,True
iql_pid,iql,pid,1.0,8000,Development near-best 10pp,0.5,1014.7375628561276,2.706347668259392,7.05930038790443,False,0.0,0.0,0.5,1014.7375628561276,0.0,0.0,True,True
iql_pid,iql,pid,1.0,8000,Development 5pp-buffer,0.5,1014.7375628561276,2.706347668259392,7.05930038790443,False,0.0,0.0,0.5,1014.7375628561276,0.0,0.0,True,True
iql_pid,iql,pid,1.0,Full,Fixed 0.0,0.0,0.0,0.0,4.422289364473797,False,0.0,0.0,0.8,3401.2961817581436,3401.2961817581436,0.022675307878387625,True,True
iql_pid,iql,pid,1.0,Full,Fixed 0.3,0.3,709.7557000553334,0.8831945492885183,5.305483913762315,False,0.0,0.0,0.8,3401.2961817581436,2691.54048170281,0.017943603211352067,True,True
iql_pid,iql,pid,1.0,Full,Fixed 0.5,0.5,2104.0903698020866,1.731659397192499,6.153948761666296,False,0.0,0.0,0.8,3401.2961817581436,1297.205811956057,0.008648038746373713,True,True
iql_pid,iql,pid,1.0,Full,Fixed 0.8,0.8,3401.2961817581436,8.183942551997983,12.60623191647178,False,0.0,0.0,0.8,3401.2961817581436,0.0,0.0,True,True
iql_pid,iql,pid,1.0,Full,Fixed 1.0,1.0,3349.475539830937,12.616600005900146,17.038889370373944,True,2.616600005900146,1.0,0.8,3401.2961817581436,51.82064192720645,0.00034547094618137637,False,True
iql_pid,iql,pid,1.0,Full,Fixed 1.2,1.2,3439.4447477339327,12.006303346571169,16.428592711044967,True,2.006303346571169,1.0,0.8,3401.2961817581436,-38.1485659757891,-0.0002543237731719273,False,True
iql_pid,iql,pid,1.0,Full,Development near-best 10pp,0.8,3401.2961817581436,8.183942551997983,12.60623191647178,False,0.0,0.0,0.8,3401.2961817581436,0.0,0.0,True,True
iql_pid,iql,pid,1.0,Full,Development 5pp-buffer,0.8,3401.2961817581436,8.183942551997983,12.60623191647178,False,0.0,0.0,0.8,3401.2961817581436,0.0,0.0,True,True
iql_pid,iql,pid,1.25,500,Fixed 0.0,0.0,0.0,0.0,67.38602337496862,False,0.0,0.0,0.0,0.0,0.0,0.0,True,True
iql_pid,iql,pid,1.25,500,Fixed 0.3,0.3,-154.95581576498898,2.616405704013772,70.00242907898239,False,0.0,0.0,0.0,0.0,154.95581576498898,0.0008264310174132746,True,True
iql_pid,iql,pid,1.25,500,Fixed 0.5,0.5,-256.79241270221974,4.633215864702109,72.01923923967072,False,0.0,0.0,0.0,0.0,256.79241270221974,0.0013695595344118386,True,True
iql_pid,iql,pid,1.25,500,Fixed 0.8,0.8,-539.6962524859327,8.677863902782775,76.06388727775139,False,0.0,0.0,0.0,0.0,539.6962524859327,0.002878380013258308,True,True
iql_pid,iql,pid,1.25,500,Fixed 1.0,1.0,-553.5780098642817,8.064832287126947,75.45085566209556,False,0.0,0.0,0.0,0.0,553.5780098642817,0.0029524160526095025,True,True
iql_pid,iql,pid,1.25,500,Fixed 1.2,1.2,-389.7346908258355,6.268528021016095,73.65455139598471,False,0.0,0.0,0.0,0.0,389.7346908258355,0.0020785850177377895,True,True
iql_pid,iql,pid,1.25,500,Development near-best 10pp,0.0,0.0,0.0,67.38602337496862,False,0.0,0.0,0.0,0.0,0.0,0.0,True,True
iql_pid,iql,pid,1.25,500,Development 5pp-buffer,0.0,0.0,0.0,67.38602337496862,False,0.0,0.0,0.0,0.0,0.0,0.0,True,True
iql_pid,iql,pid,1.25,2000,Fixed 0.0,0.0,0.0,0.0,23.617390731206523,False,0.0,0.0,0.0,0.0,0.0,0.0,True,True
iql_pid,iql,pid,1.25,2000,Fixed 0.3,0.3,-290.7592629820647,5.552112113887112,29.169502845093636,False,0.0,0.0,0.0,0.0,290.7592629820647,0.0015507160692376783,True,True
iql_pid,iql,pid,1.25,2000,Fixed 0.5,0.5,-732.2383228696708,11.496874284578428,35.11426501578495,True,1.4968742845784284,1.0,0.0,0.0,732.2383228696708,0.003905271055304911,False,True
iql_pid,iql,pid,1.25,2000,Fixed 0.8,0.8,-2444.1117093140674,28.25770445067013,51.87509518187665,True,18.25770445067013,1.0,0.0,0.0,2444.1117093140674,0.013035262449675027,False,True
iql_pid,iql,pid,1.25,2000,Fixed 1.0,1.0,-3230.209112485547,33.67939869609182,57.29678942729834,True,23.679398696091823,1.0,0.0,0.0,3230.209112485547,0.01722778193325625,False,True
iql_pid,iql,pid,1.25,2000,Fixed 1.2,1.2,-3017.1947119730357,32.00778926601683,55.62517999722335,True,22.00778926601683,1.0,0.0,0.0,3017.1947119730357,0.016091705130522858,False,True
iql_pid,iql,pid,1.25,2000,Development near-best 10pp,0.0,0.0,0.0,23.617390731206523,False,0.0,0.0,0.0,0.0,0.0,0.0,True,True
iql_pid,iql,pid,1.25,2000,Development 5pp-buffer,0.0,0.0,0.0,23.617390731206523,False,0.0,0.0,0.0,0.0,0.0,0.0,True,True
iql_pid,iql,pid,1.25,8000,Fixed 0.0,0.0,0.0,0.0,5.016809573744837,False,0.0,0.0,0.5,934.9273523228694,934.9273523228694,0.004986279212388637,True,True
iql_pid,iql,pid,1.25,8000,Fixed 0.3,0.3,471.0198397645363,3.056835495387455,8.073645069132292,False,0.0,0.0,0.5,934.9273523228694,463.9075125583331,0.00247417340031111,True,True
iql_pid,iql,pid,1.25,8000,Fixed 0.5,0.5,934.9273523228694,4.937028598073914,9.95383817181875,False,0.0,0.0,0.5,934.9273523228694,0.0,0.0,True,True
iql_pid,iql,pid,1.25,8000,Fixed 0.8,0.8,511.96306132369136,17.398941181293477,22.415750755038314,True,7.398941181293477,1.0,0.5,934.9273523228694,422.96429099917805,0.0022558095519956164,False,True
iql_pid,iql,pid,1.25,8000,Fixed 1.0,1.0,-900.0379890135318,29.721357682102372,34.73816725584721,True,19.721357682102372,1.0,0.5,934.9273523228694,1834.9653413364013,0.009786481820460807,False,True
iql_pid,iql,pid,1.25,8000,Fixed 1.2,1.2,-859.6173953065172,29.651721118803643,34.66853069254848,True,19.651721118803643,1.0,0.5,934.9273523228694,1794.5447476293866,0.009570905320690062,False,True
iql_pid,iql,pid,1.25,8000,Development near-best 10pp,0.5,934.9273523228694,4.937028598073914,9.95383817181875,False,0.0,0.0,0.5,934.9273523228694,0.0,0.0,True,True
iql_pid,iql,pid,1.25,8000,Development 5pp-buffer,0.5,934.9273523228694,4.937028598073914,9.95383817181875,False,0.0,0.0,0.5,934.9273523228694,0.0,0.0,True,True
iql_pid,iql,pid,1.25,Full,Fixed 0.0,0.0,0.0,0.0,4.053152895431026,False,0.0,0.0,0.8,3770.091083121504,3770.091083121504,0.02010715244331469,True,True
iql_pid,iql,pid,1.25,Full,Fixed 0.3,0.3,1226.230136656257,1.374059944976187,5.427212840407213,False,0.0,0.0,0.8,3770.091083121504,2543.8609464652473,0.013567258381147985,True,True
iql_pid,iql,pid,1.25,Full,Fixed 0.5,0.5,2458.2002786685807,1.5974000751330566,5.650552970564083,False,0.0,0.0,0.8,3770.091083121504,1311.8908044529235,0.006996750957082258,True,True
iql_pid,iql,pid,1.25,Full,Fixed 0.8,0.8,3770.091083121504,8.443641937705436,12.496794833136462,False,0.0,0.0,0.8,3770.091083121504,0.0,0.0,True,True
iql_pid,iql,pid,1.25,Full,Fixed 1.0,1.0,3502.7922579641345,14.228706515475377,18.281859410906403,True,4.228706515475377,1.0,0.8,3770.091083121504,267.2988251573697,0.0014255937341726384,False,True
iql_pid,iql,pid,1.25,Full,Fixed 1.2,1.2,3634.552301443575,13.701246793932523,17.75439968936355,True,3.7012467939325226,1.0,0.8,3770.091083121504,135.53878167792936,0.0007228735022822899,False,True
iql_pid,iql,pid,1.25,Full,Development near-best 10pp,0.8,3770.091083121504,8.443641937705436,12.496794833136462,False,0.0,0.0,0.8,3770.091083121504,0.0,0.0,True,True
iql_pid,iql,pid,1.25,Full,Development 5pp-buffer,0.8,3770.091083121504,8.443641937705436,12.496794833136462,False,0.0,0.0,0.8,3770.091083121504,0.0,0.0,True,True
iql_pid,iql,pid,1.5,500,Fixed 0.0,0.0,0.0,0.0,71.67082791473253,False,0.0,0.0,0.0,0.0,0.0,0.0,True,True
iql_pid,iql,pid,1.5,500,Fixed 0.3,0.3,-158.47889984422818,2.2525428659532025,73.92337078068573,False,0.0,0.0,0.0,0.0,158.47889984422818,0.0007043506659743475,True,True
iql_pid,iql,pid,1.5,500,Fixed 0.5,0.5,-259.02308901017386,3.9764874489037823,75.64731536363631,False,0.0,0.0,0.0,0.0,259.02308901017386,0.001151213728934106,True,True
iql_pid,iql,pid,1.5,500,Fixed 0.8,0.8,-539.398724489572,7.373885430063609,79.04471334479614,False,0.0,0.0,0.0,0.0,539.398724489572,0.002397327664398098,True,True
iql_pid,iql,pid,1.5,500,Fixed 1.0,1.0,-541.8033294538195,6.754008780124366,78.4248366948569,False,0.0,0.0,0.0,0.0,541.8033294538195,0.002408014797572531,True,True
iql_pid,iql,pid,1.5,500,Fixed 1.2,1.2,-369.3119153108655,5.17239760311827,76.8432255178508,False,0.0,0.0,0.0,0.0,369.3119153108655,0.0016413862902705135,True,True
iql_pid,iql,pid,1.5,500,Development near-best 10pp,0.0,0.0,0.0,71.67082791473253,False,0.0,0.0,0.0,0.0,0.0,0.0,True,True
iql_pid,iql,pid,1.5,500,Development 5pp-buffer,0.0,0.0,0.0,71.67082791473253,False,0.0,0.0,0.0,0.0,0.0,0.0,True,True
iql_pid,iql,pid,1.5,2000,Fixed 0.0,0.0,0.0,0.0,29.352741143532715,False,0.0,0.0,0.0,0.0,0.0,0.0,True,True
iql_pid,iql,pid,1.5,2000,Fixed 0.3,0.3,-330.1605266100705,5.325002525662281,34.677743669194996,False,0.0,0.0,0.0,0.0,330.1605266100705,0.00146738011826698,True,True
iql_pid,iql,pid,1.5,2000,Fixed 0.5,0.5,-830.9880924569425,10.9818330625662,40.334574206098914,True,0.9818330625661993,1.0,0.0,0.0,830.9880924569425,0.003693280410919744,False,True
iql_pid,iql,pid,1.5,2000,Fixed 0.8,0.8,-2700.5994591394738,26.966123494510807,56.31886463804352,True,16.966123494510807,1.0,0.0,0.0,2700.5994591394738,0.012002664262842105,False,True
iql_pid,iql,pid,1.5,2000,Fixed 1.0,1.0,-3682.2035726947033,32.61133950821855,61.96408065175127,True,22.61133950821855,1.0,0.0,0.0,3682.2035726947033,0.01636534921197646,False,True
iql_pid,iql,pid,1.5,2000,Fixed 1.2,1.2,-3445.3653013847106,31.022194335382327,60.37493547891504,True,21.022194335382327,1.0,0.0,0.0,3445.3653013847106,0.015312734672820936,False,True
iql_pid,iql,pid,1.5,2000,Development near-best 10pp,0.0,0.0,0.0,29.352741143532715,False,0.0,0.0,0.0,0.0,0.0,0.0,True,True
iql_pid,iql,pid,1.5,2000,Development 5pp-buffer,0.0,0.0,0.0,29.352741143532715,False,0.0,0.0,0.0,0.0,0.0,0.0,True,True
iql_pid,iql,pid,1.5,8000,Fixed 0.0,0.0,0.0,0.0,6.453412719546065,False,0.0,0.0,0.5,807.3245277772439,807.3245277772439,0.0035881090123433064,True,True
iql_pid,iql,pid,1.5,8000,Fixed 0.3,0.3,528.347486660914,3.032558777941314,9.485971497487379,False,0.0,0.0,0.5,807.3245277772439,278.97704111632993,0.0012398979605170218,True,True
iql_pid,iql,pid,1.5,8000,Fixed 0.5,0.5,807.3245277772439,5.899630916072142,12.353043635618207,False,0.0,0.0,0.5,807.3245277772439,0.0,0.0,True,True
iql_pid,iql,pid,1.5,8000,Fixed 0.8,0.8,-310.11492842472217,20.689506429055456,27.14291914860152,True,10.689506429055456,1.0,0.5,807.3245277772439,1117.439456201966,0.004966397583119849,False,True
iql_pid,iql,pid,1.5,8000,Fixed 1.0,1.0,-2124.885926461775,33.38474942466977,39.838162144215836,True,23.38474942466977,1.0,0.5,807.3245277772439,2932.210454239019,0.013032046463284529,False,True
iql_pid,iql,pid,1.5,8000,Fixed 1.2,1.2,-2084.8473758729706,33.260140243500345,39.71355296304641,True,23.260140243500345,1.0,0.5,807.3245277772439,2892.1719036502145,0.012854097349556509,False,True
iql_pid,iql,pid,1.5,8000,Development near-best 10pp,0.5,807.3245277772439,5.899630916072142,12.353043635618207,False,0.0,0.0,0.5,807.3245277772439,0.0,0.0,True,True
iql_pid,iql,pid,1.5,8000,Development 5pp-buffer,0.5,807.3245277772439,5.899630916072142,12.353043635618207,False,0.0,0.0,0.5,807.3245277772439,0.0,0.0,True,True
iql_pid,iql,pid,1.5,Full,Fixed 0.0,0.0,0.0,0.0,4.309167958858099,False,0.0,0.0,0.8,4005.980388405038,4005.980388405038,0.01780435728180017,True,True
iql_pid,iql,pid,1.5,Full,Fixed 0.3,0.3,1276.3668277454635,1.3913848287100627,5.700552787568162,False,0.0,0.0,0.8,4005.980388405038,2729.6135606595744,0.012131615825153664,True,True
iql_pid,iql,pid,1.5,Full,Fixed 0.5,0.5,2641.140932549293,2.19067489379108,6.499842852649179,False,0.0,0.0,0.8,4005.980388405038,1364.8394558557447,0.006065953137136643,True,True
iql_pid,iql,pid,1.5,Full,Fixed 0.8,0.8,4005.980388405038,8.74365573847666,13.052823697334759,False,0.0,0.0,0.8,4005.980388405038,0.0,0.0,True,True
iql_pid,iql,pid,1.5,Full,Fixed 1.0,1.0,3466.9166130393132,15.577973203587442,19.88714116244554,True,5.577973203587442,1.0,0.8,4005.980388405038,539.0637753657247,0.002395839001625443,False,True
iql_pid,iql,pid,1.5,Full,Fixed 1.2,1.2,3543.838331800056,15.197252826628366,19.506420785486466,True,5.197252826628366,1.0,0.8,4005.980388405038,462.1420566049819,0.002053964696022142,False,True
iql_pid,iql,pid,1.5,Full,Development near-best 10pp,0.8,4005.980388405038,8.74365573847666,13.052823697334759,False,0.0,0.0,0.8,4005.980388405038,0.0,0.0,True,True
iql_pid,iql,pid,1.5,Full,Development 5pp-buffer,0.5,2641.140932549293,2.19067489379108,6.499842852649179,False,0.0,0.0,0.8,4005.980388405038,1364.8394558557447,0.006065953137136643,True,True
iql_dual,iql,dual,0.5,500,Fixed 0.0,0.0,0.0,0.0,31.128623168578205,False,0.0,0.0,0.0,0.0,0.0,0.0,True,True
iql_dual,iql,dual,0.5,500,Fixed 0.3,0.3,-41.6179077985048,2.9653667948694995,34.093989963447704,False,0.0,0.0,0.0,0.0,41.6179077985048,0.0005549054373133974,True,True
iql_dual,iql,dual,0.5,500,Fixed 0.5,0.5,-71.32372894987293,6.263215066689984,37.39183823526819,False,0.0,0.0,0.0,0.0,71.32372894987293,0.0009509830526649724,True,True
iql_dual,iql,dual,0.5,500,Fixed 0.8,0.8,-462.5233797211472,21.130687362494708,52.25931053107291,True,11.130687362494708,1.0,0.0,0.0,462.5233797211472,0.006166978396281963,False,True
iql_dual,iql,dual,0.5,500,Fixed 1.0,1.0,-752.6633314993142,25.698189393461494,56.8268125620397,True,15.698189393461494,1.0,0.0,0.0,752.6633314993142,0.010035511086657522,False,True
iql_dual,iql,dual,0.5,500,Fixed 1.2,1.2,-628.4597798215455,22.60144068777819,53.730063856356395,True,12.60144068777819,1.0,0.0,0.0,628.4597798215455,0.00837946373095394,False,True
iql_dual,iql,dual,0.5,500,Development near-best 10pp,0.0,0.0,0.0,31.128623168578205,False,0.0,0.0,0.0,0.0,0.0,0.0,True,True
iql_dual,iql,dual,0.5,500,Development 5pp-buffer,0.0,0.0,0.0,31.128623168578205,False,0.0,0.0,0.0,0.0,0.0,0.0,True,True
iql_dual,iql,dual,0.5,2000,Fixed 0.0,0.0,0.0,0.0,4.949490488633197,False,0.0,0.0,0.5,181.77790211169577,181.77790211169577,0.002423705361489277,True,True
iql_dual,iql,dual,0.5,2000,Fixed 0.3,0.3,-16.373435051827983,1.737764187499275,6.687254676132472,False,0.0,0.0,0.5,181.77790211169577,198.15133716352375,0.002642017828846983,True,True
iql_dual,iql,dual,0.5,2000,Fixed 0.5,0.5,181.77790211169577,3.71238435438708,8.661874843020277,False,0.0,0.0,0.5,181.77790211169577,0.0,0.0,True,True
iql_dual,iql,dual,0.5,2000,Fixed 0.8,0.8,221.5972297400731,14.095052555257224,19.04454304389042,True,4.095052555257224,1.0,0.5,181.77790211169577,-39.81932762837732,-0.0005309243683783643,False,True
iql_dual,iql,dual,0.5,2000,Fixed 1.0,1.0,-240.18413671416693,24.333781320409877,29.283271809043075,True,14.333781320409877,1.0,0.5,181.77790211169577,421.9620388258627,0.005626160517678169,False,True
iql_dual,iql,dual,0.5,2000,Fixed 1.2,1.2,-185.61939213408277,22.836195189347713,27.78568567798091,True,12.836195189347713,1.0,0.5,181.77790211169577,367.39729424577854,0.004898630589943714,False,True
iql_dual,iql,dual,0.5,2000,Development near-best 10pp,0.5,181.77790211169577,3.71238435438708,8.661874843020277,False,0.0,0.0,0.5,181.77790211169577,0.0,0.0,True,True
iql_dual,iql,dual,0.5,2000,Development 5pp-buffer,0.5,181.77790211169577,3.71238435438708,8.661874843020277,False,0.0,0.0,0.5,181.77790211169577,0.0,0.0,True,True
iql_dual,iql,dual,0.5,8000,Fixed 0.0,0.0,0.0,0.0,0.5743555219067429,False,0.0,0.0,0.8,1534.5009288199544,1534.5009288199544,0.02046001238426606,True,True
iql_dual,iql,dual,0.5,8000,Fixed 0.3,0.3,-56.78875580005479,0.2807345197320813,0.8550900416388242,False,0.0,0.0,0.8,1534.5009288199544,1591.2896846200092,0.021217195794933457,True,True
iql_dual,iql,dual,0.5,8000,Fixed 0.5,0.5,176.61120064353327,0.6021567718741183,1.1765122937808612,False,0.0,0.0,0.8,1534.5009288199544,1357.8897281764212,0.018105196375685615,True,True
iql_dual,iql,dual,0.5,8000,Fixed 0.8,0.8,1534.5009288199544,3.299932591405341,3.8742881133120837,False,0.0,0.0,0.8,1534.5009288199544,0.0,0.0,True,True
iql_dual,iql,dual,0.5,8000,Fixed 1.0,1.0,2164.6320829863434,13.48395136330532,14.058306885212062,True,3.4839513633053194,1.0,0.8,1534.5009288199544,-630.131154166389,-0.00840174872221852,False,True
iql_dual,iql,dual,0.5,8000,Fixed 1.2,1.2,2192.287194021941,13.221330895975964,13.795686417882706,True,3.2213308959759637,1.0,0.8,1534.5009288199544,-657.7862652019867,-0.00877048353602649,False,True
iql_dual,iql,dual,0.5,8000,Development near-best 10pp,1.0,2164.6320829863434,13.48395136330532,14.058306885212062,True,3.4839513633053194,1.0,0.8,1534.5009288199544,-630.131154166389,-0.00840174872221852,False,True
iql_dual,iql,dual,0.5,8000,Development 5pp-buffer,0.8,1534.5009288199544,3.299932591405341,3.8742881133120837,False,0.0,0.0,0.8,1534.5009288199544,0.0,0.0,True,True
iql_dual,iql,dual,0.5,Full,Fixed 0.0,0.0,0.0,0.0,0.07637771924278544,False,0.0,0.0,0.8,1628.9610128137065,1628.9610128137065,0.02171948017084942,True,True
iql_dual,iql,dual,0.5,Full,Fixed 0.3,0.3,132.4710955789069,0.9900880627910082,1.0664657820337937,False,0.0,0.0,0.8,1628.9610128137065,1496.4899172347996,0.019953198896463995,True,True
iql_dual,iql,dual,0.5,Full,Fixed 0.5,0.5,285.09174361988335,-0.0748026858107381,0.0015750334320473484,False,0.0,0.0,0.8,1628.9610128137065,1343.8692691938231,0.017918256922584308,True,True
iql_dual,iql,dual,0.5,Full,Fixed 0.8,0.8,1628.9610128137065,1.8740610141187448,1.9504387333615303,False,0.0,0.0,0.8,1628.9610128137065,0.0,0.0,True,True
iql_dual,iql,dual,0.5,Full,Fixed 1.0,1.0,2188.720934214368,21.66017259327093,21.736550312513714,True,11.660172593270929,1.0,0.8,1628.9610128137065,-559.7599214006614,-0.007463465618675485,False,True
iql_dual,iql,dual,0.5,Full,Fixed 1.2,1.2,2273.415940420856,20.857397517504936,20.93377523674772,True,10.857397517504936,1.0,0.8,1628.9610128137065,-644.4549276071493,-0.008592732368095324,False,True
iql_dual,iql,dual,0.5,Full,Development near-best 10pp,0.8,1628.9610128137065,1.8740610141187448,1.9504387333615303,False,0.0,0.0,0.8,1628.9610128137065,0.0,0.0,True,True
iql_dual,iql,dual,0.5,Full,Development 5pp-buffer,0.8,1628.9610128137065,1.8740610141187448,1.9504387333615303,False,0.0,0.0,0.8,1628.9610128137065,0.0,0.0,True,True
iql_dual,iql,dual,0.75,500,Fixed 0.0,0.0,0.0,0.0,45.34624257894826,False,0.0,0.0,0.0,0.0,0.0,0.0,True,True
iql_dual,iql,dual,0.75,500,Fixed 0.3,0.3,-51.25450206166897,2.5953974750072746,47.94164005395553,False,0.0,0.0,0.0,0.0,51.25450206166897,0.000455595573881502,True,True
iql_dual,iql,dual,0.75,500,Fixed 0.5,0.5,-96.88676509611923,5.497729810502804,50.84397238945106,False,0.0,0.0,0.0,0.0,96.88676509611923,0.000861215689743282,True,True
iql_dual,iql,dual,0.75,500,Fixed 0.8,0.8,-549.5809483374883,17.49265532976537,62.838897908713626,True,7.49265532976537,1.0,0.0,0.0,549.5809483374883,0.004885163985222118,False,True
iql_dual,iql,dual,0.75,500,Fixed 1.0,1.0,-806.8164761719336,19.978292458233533,65.32453503718179,True,9.978292458233533,1.0,0.0,0.0,806.8164761719336,0.007171702010417187,False,True
iql_dual,iql,dual,0.75,500,Fixed 1.2,1.2,-665.4860743720396,17.46634476352088,62.812587342469136,True,7.46634476352088,1.0,0.0,0.0,665.4860743720396,0.0059154317721959076,False,True
iql_dual,iql,dual,0.75,500,Development near-best 10pp,0.0,0.0,0.0,45.34624257894826,False,0.0,0.0,0.0,0.0,0.0,0.0,True,True
iql_dual,iql,dual,0.75,500,Development 5pp-buffer,0.0,0.0,0.0,45.34624257894826,False,0.0,0.0,0.0,0.0,0.0,0.0,True,True
iql_dual,iql,dual,0.75,2000,Fixed 0.0,0.0,0.0,0.0,7.8782118860238795,False,0.0,0.0,0.5,45.822748052945826,45.822748052945826,0.0004073133160261851,True,True
iql_dual,iql,dual,0.75,2000,Fixed 0.3,0.3,-47.65003525021439,2.6638923786709308,10.54210426469481,False,0.0,0.0,0.5,45.822748052945826,93.47278330316021,0.0008308691849169797,True,True
iql_dual,iql,dual,0.75,2000,Fixed 0.5,0.5,45.822748052945826,5.283519467647973,13.161731353671852,False,0.0,0.0,0.5,45.822748052945826,0.0,0.0,True,True
iql_dual,iql,dual,0.75,2000,Fixed 0.8,0.8,-278.8286510186417,20.345702718754566,28.223914604778447,True,10.345702718754566,1.0,0.5,45.822748052945826,324.65139907158755,0.002885790213969667,False,True
iql_dual,iql,dual,0.75,2000,Fixed 1.0,1.0,-1415.3391588438044,34.65371584448749,42.53192773051137,True,24.653715844487493,1.0,0.5,45.822748052945826,1461.1619068967502,0.012988105839082224,False,True
iql_dual,iql,dual,0.75,2000,Fixed 1.2,1.2,-1275.6844927455486,32.93642646872589,40.81463835474977,True,22.93642646872589,1.0,0.5,45.822748052945826,1321.5072407984944,0.01174673102931995,False,True
iql_dual,iql,dual,0.75,2000,Development near-best 10pp,0.5,45.822748052945826,5.283519467647973,13.161731353671852,False,0.0,0.0,0.5,45.822748052945826,0.0,0.0,True,True
iql_dual,iql,dual,0.75,2000,Development 5pp-buffer,0.3,-47.65003525021439,2.6638923786709308,10.54210426469481,False,0.0,0.0,0.5,45.822748052945826,93.47278330316021,0.0008308691849169797,True,True
iql_dual,iql,dual,0.75,8000,Fixed 0.0,0.0,0.0,0.0,1.107443691437427,False,0.0,0.0,0.8,2152.878696038957,2152.878696038957,0.019136699520346283,True,True
iql_dual,iql,dual,0.75,8000,Fixed 0.3,0.3,72.46960568829127,-0.07416282063315593,1.0332808708042711,False,0.0,0.0,0.8,2152.878696038957,2080.409090350666,0.018492525247561474,True,True
iql_dual,iql,dual,0.75,8000,Fixed 0.5,0.5,593.5022005619612,1.4388639437943904,2.5463076352318175,False,0.0,0.0,0.8,2152.878696038957,1559.3764954769958,0.013861124404239963,True,True
iql_dual,iql,dual,0.75,8000,Fixed 0.8,0.8,2152.878696038957,6.694550629756003,7.801994321193431,False,0.0,0.0,0.8,2152.878696038957,0.0,0.0,True,True
iql_dual,iql,dual,0.75,8000,Fixed 1.0,1.0,1965.588763475058,24.259547552930826,25.366991244368254,True,14.259547552930826,1.0,0.8,2152.878696038957,187.28993256389913,0.0016647994005679922,False,True
iql_dual,iql,dual,0.75,8000,Fixed 1.2,1.2,2034.2059086113459,23.99995981946723,25.107403510904657,True,13.999959819467229,1.0,0.8,2152.878696038957,118.67278742761118,0.0010548692215787661,False,True
iql_dual,iql,dual,0.75,8000,Development near-best 10pp,0.8,2152.878696038957,6.694550629756003,7.801994321193431,False,0.0,0.0,0.8,2152.878696038957,0.0,0.0,True,True
iql_dual,iql,dual,0.75,8000,Development 5pp-buffer,0.5,593.5022005619612,1.4388639437943904,2.5463076352318175,False,0.0,0.0,0.8,2152.878696038957,1559.3764954769958,0.013861124404239963,True,True
iql_dual,iql,dual,0.75,Full,Fixed 0.0,0.0,0.0,0.0,0.3877977094866413,False,0.0,0.0,0.8,2478.946813151142,2478.946813151142,0.022035082783565706,True,True
iql_dual,iql,dual,0.75,Full,Fixed 0.3,0.3,94.0233167416718,0.007985497123403407,0.3957832066100447,False,0.0,0.0,0.8,2478.946813151142,2384.9234964094703,0.02119931996808418,True,True
iql_dual,iql,dual,0.75,Full,Fixed 0.5,0.5,142.06528538523526,0.11681348389895796,0.5046111933855992,False,0.0,0.0,0.8,2478.946813151142,2336.881527765907,0.02077228024680806,True,True
iql_dual,iql,dual,0.75,Full,Fixed 0.8,0.8,2478.946813151142,3.3649647922965653,3.7527625017832067,False,0.0,0.0,0.8,2478.946813151142,0.0,0.0,True,True
iql_dual,iql,dual,0.75,Full,Fixed 1.0,1.0,2852.7986645198653,23.715217487032994,24.103015196519635,True,13.715217487032994,1.0,0.8,2478.946813151142,-373.85185136872315,-0.0033231275677219835,False,True
iql_dual,iql,dual,0.75,Full,Fixed 1.2,1.2,2924.7077084349603,23.22524684718658,23.61304455667322,True,13.225246847186579,1.0,0.8,2478.946813151142,-445.7608952838182,-0.003962319069189495,False,True
iql_dual,iql,dual,0.75,Full,Development near-best 10pp,0.8,2478.946813151142,3.3649647922965653,3.7527625017832067,False,0.0,0.0,0.8,2478.946813151142,0.0,0.0,True,True
iql_dual,iql,dual,0.75,Full,Development 5pp-buffer,0.8,2478.946813151142,3.3649647922965653,3.7527625017832067,False,0.0,0.0,0.8,2478.946813151142,0.0,0.0,True,True
iql_dual,iql,dual,1.0,500,Fixed 0.0,0.0,0.0,0.0,55.06359984066702,False,0.0,0.0,0.0,0.0,0.0,0.0,True,True
iql_dual,iql,dual,1.0,500,Fixed 0.3,0.3,-68.00995744326246,2.3190976048275687,57.382697445494586,False,0.0,0.0,0.0,0.0,68.00995744326246,0.00045339971628841644,True,True
iql_dual,iql,dual,1.0,500,Fixed 0.5,0.5,-134.2715373361316,4.893465557908655,59.95706539857567,False,0.0,0.0,0.0,0.0,134.2715373361316,0.0008951435822408772,True,True
iql_dual,iql,dual,1.0,500,Fixed 0.8,0.8,-612.3400129960878,14.485773015138939,69.54937285580596,True,4.485773015138939,1.0,0.0,0.0,612.3400129960878,0.004082266753307252,False,True
iql_dual,iql,dual,1.0,500,Fixed 1.0,1.0,-819.7831508728682,15.76376341368529,70.8273632543523,True,5.7637634136852895,1.0,0.0,0.0,819.7831508728682,0.005465221005819121,False,True
iql_dual,iql,dual,1.0,500,Fixed 1.2,1.2,-666.6995344125435,13.701255714649001,68.76485555531602,True,3.701255714649001,1.0,0.0,0.0,666.6995344125435,0.00444466356275029,False,True
iql_dual,iql,dual,1.0,500,Development near-best 10pp,0.0,0.0,0.0,55.06359984066702,False,0.0,0.0,0.0,0.0,0.0,0.0,True,True
iql_dual,iql,dual,1.0,500,Development 5pp-buffer,0.0,0.0,0.0,55.06359984066702,False,0.0,0.0,0.0,0.0,0.0,0.0,True,True
iql_dual,iql,dual,1.0,2000,Fixed 0.0,0.0,0.0,0.0,12.43125142499528,False,0.0,0.0,0.5,70.97100917740681,70.97100917740681,0.0004731400611827121,True,True
iql_dual,iql,dual,1.0,2000,Fixed 0.3,0.3,-32.494895857535084,2.669989475258788,15.101240900254068,False,0.0,0.0,0.5,70.97100917740681,103.4659050349419,0.000689772700232946,True,True
iql_dual,iql,dual,1.0,2000,Fixed 0.5,0.5,70.97100917740681,5.731758966964124,18.163010391959403,False,0.0,0.0,0.5,70.97100917740681,0.0,0.0,True,True
iql_dual,iql,dual,1.0,2000,Fixed 0.8,0.8,-691.2373082237154,22.56306187079951,34.99431329579479,True,12.563061870799508,1.0,0.5,70.97100917740681,762.2083174011223,0.005081388782674149,False,True
iql_dual,iql,dual,1.0,2000,Fixed 1.0,1.0,-2455.509759788002,39.12298582994393,51.55423725493921,True,29.12298582994393,1.0,0.5,70.97100917740681,2526.480768965409,0.01684320512643606,False,True
iql_dual,iql,dual,1.0,2000,Fixed 1.2,1.2,-2302.467508379069,37.57781140735485,50.00906283235013,True,27.57781140735485,1.0,0.5,70.97100917740681,2373.4385175564757,0.015822923450376506,False,True
iql_dual,iql,dual,1.0,2000,Development near-best 10pp,0.3,-32.494895857535084,2.669989475258788,15.101240900254068,False,0.0,0.0,0.5,70.97100917740681,103.4659050349419,0.000689772700232946,True,True
iql_dual,iql,dual,1.0,2000,Development 5pp-buffer,0.3,-32.494895857535084,2.669989475258788,15.101240900254068,False,0.0,0.0,0.5,70.97100917740681,103.4659050349419,0.000689772700232946,True,True
iql_dual,iql,dual,1.0,8000,Fixed 0.0,0.0,0.0,0.0,1.4133403384292178,False,0.0,0.0,0.8,2109.9059929812247,2109.9059929812247,0.014066039953208164,True,True
iql_dual,iql,dual,1.0,8000,Fixed 0.3,0.3,-116.45986225298111,1.605010917619071,3.018351256048289,False,0.0,0.0,0.8,2109.9059929812247,2226.365855234206,0.014842439034894706,True,True
iql_dual,iql,dual,1.0,8000,Fixed 0.5,0.5,575.9988743361464,2.8111164977284115,4.224456836157629,False,0.0,0.0,0.8,2109.9059929812247,1533.9071186450783,0.010226047457633855,True,True
iql_dual,iql,dual,1.0,8000,Fixed 0.8,0.8,2109.9059929812247,9.604613885172444,11.017954223601661,False,0.0,0.0,0.8,2109.9059929812247,0.0,0.0,True,True
iql_dual,iql,dual,1.0,8000,Fixed 1.0,1.0,1354.405435934028,30.4878714993039,31.90121183773312,True,20.4878714993039,1.0,0.8,2109.9059929812247,755.5005570471967,0.005036670380314644,False,True
iql_dual,iql,dual,1.0,8000,Fixed 1.2,1.2,1454.8951583603775,30.027706174660665,31.441046513089884,True,20.027706174660665,1.0,0.8,2109.9059929812247,655.0108346208472,0.0043667388974723146,False,True
iql_dual,iql,dual,1.0,8000,Development near-best 10pp,0.8,2109.9059929812247,9.604613885172444,11.017954223601661,False,0.0,0.0,0.8,2109.9059929812247,0.0,0.0,True,True
iql_dual,iql,dual,1.0,8000,Development 5pp-buffer,0.5,575.9988743361464,2.8111164977284115,4.224456836157629,False,0.0,0.0,0.8,2109.9059929812247,1533.9071186450783,0.010226047457633855,True,True
iql_dual,iql,dual,1.0,Full,Fixed 0.0,0.0,0.0,0.0,0.13594679206954122,False,0.0,0.0,0.8,3104.6010501848377,3104.6010501848377,0.020697340334565585,True,True
iql_dual,iql,dual,1.0,Full,Fixed 0.3,0.3,-40.98742559423408,-0.11553791978579345,0.02040887228374777,False,0.0,0.0,0.8,3104.6010501848377,3145.588475779072,0.020970589838527145,True,True
iql_dual,iql,dual,1.0,Full,Fixed 0.5,0.5,263.4941717985603,0.7097631263037376,0.8457099183732788,False,0.0,0.0,0.8,3104.6010501848377,2841.1068783862775,0.018940712522575183,True,True
iql_dual,iql,dual,1.0,Full,Fixed 0.8,0.8,3104.6010501848377,5.484743704631969,5.62069049670151,False,0.0,0.0,0.8,3104.6010501848377,0.0,0.0,True,True
iql_dual,iql,dual,1.0,Full,Fixed 1.0,1.0,2997.089311996602,27.19605931726339,27.332006109332934,True,17.19605931726339,1.0,0.8,3104.6010501848377,107.51173818823554,0.0007167449212549036,False,True
iql_dual,iql,dual,1.0,Full,Fixed 1.2,1.2,3282.333915454239,26.099818201372308,26.23576499344185,True,16.099818201372308,1.0,0.8,3104.6010501848377,-177.73286526940137,-0.0011848857684626758,False,True
iql_dual,iql,dual,1.0,Full,Development near-best 10pp,0.8,3104.6010501848377,5.484743704631969,5.62069049670151,False,0.0,0.0,0.8,3104.6010501848377,0.0,0.0,True,True
iql_dual,iql,dual,1.0,Full,Development 5pp-buffer,0.3,-40.98742559423408,-0.11553791978579345,0.02040887228374777,False,0.0,0.0,0.8,3104.6010501848377,3145.588475779072,0.020970589838527145,True,True
iql_dual,iql,dual,1.25,500,Fixed 0.0,0.0,0.0,0.0,61.96870196626589,False,0.0,0.0,0.0,0.0,0.0,0.0,True,True
iql_dual,iql,dual,1.25,500,Fixed 0.3,0.3,-93.05531511114077,1.9805539068936682,63.94925587315956,False,0.0,0.0,0.0,0.0,93.05531511114077,0.0004962950139260841,True,True
iql_dual,iql,dual,1.25,500,Fixed 0.5,0.5,-158.68431289528507,4.268401347262547,66.23710331352844,False,0.0,0.0,0.0,0.0,158.68431289528507,0.0008463163354415204,True,True
iql_dual,iql,dual,1.25,500,Fixed 0.8,0.8,-629.3391580670364,12.003888373240763,73.97259033950665,True,2.0038883732407626,1.0,0.0,0.0,629.3391580670364,0.0033564755096908605,False,True
iql_dual,iql,dual,1.25,500,Fixed 1.0,1.0,-822.501366955677,12.84503660762227,74.81373857388816,True,2.8450366076222693,1.0,0.0,0.0,822.501366955677,0.004386673957096944,False,True
iql_dual,iql,dual,1.25,500,Fixed 1.2,1.2,-662.4208617696127,11.092087448736756,73.06078941500265,True,1.0920874487367556,1.0,0.0,0.0,662.4208617696127,0.0035329112627712675,False,True
iql_dual,iql,dual,1.25,500,Development near-best 10pp,0.0,0.0,0.0,61.96870196626589,False,0.0,0.0,0.0,0.0,0.0,0.0,True,True
iql_dual,iql,dual,1.25,500,Development 5pp-buffer,0.0,0.0,0.0,61.96870196626589,False,0.0,0.0,0.0,0.0,0.0,0.0,True,True
iql_dual,iql,dual,1.25,2000,Fixed 0.0,0.0,0.0,0.0,16.81871234507531,False,0.0,0.0,0.0,0.0,0.0,0.0,True,True
iql_dual,iql,dual,1.25,2000,Fixed 0.3,0.3,-35.36789076568857,2.784509849976942,19.60322219505225,False,0.0,0.0,0.0,0.0,35.36789076568857,0.00018862875075033905,True,True
iql_dual,iql,dual,1.25,2000,Fixed 0.5,0.5,-43.610806008007785,6.028591571287031,22.84730391636234,False,0.0,0.0,0.0,0.0,43.610806008007785,0.00023259096537604152,True,True
iql_dual,iql,dual,1.25,2000,Fixed 0.8,0.8,-1292.7344729870929,25.4238541645565,42.24256650963181,True,15.423854164556499,1.0,0.0,0.0,1292.7344729870929,0.006894583855931162,False,True
iql_dual,iql,dual,1.25,2000,Fixed 1.0,1.0,-3402.6373187897316,41.250348026912036,58.06906037198734,True,31.250348026912036,1.0,0.0,0.0,3402.6373187897316,0.018147399033545234,False,True
iql_dual,iql,dual,1.25,2000,Fixed 1.2,1.2,-3222.1138421809137,39.72270864591664,56.541420990991945,True,29.72270864591664,1.0,0.0,0.0,3222.1138421809137,0.017184607158298205,False,True
iql_dual,iql,dual,1.25,2000,Development near-best 10pp,0.0,0.0,0.0,16.81871234507531,False,0.0,0.0,0.0,0.0,0.0,0.0,True,True
iql_dual,iql,dual,1.25,2000,Development 5pp-buffer,0.0,0.0,0.0,16.81871234507531,False,0.0,0.0,0.0,0.0,0.0,0.0,True,True
iql_dual,iql,dual,1.25,8000,Fixed 0.0,0.0,0.0,0.0,2.780914313215439,False,0.0,0.0,0.5,781.7716444562739,781.7716444562739,0.00416944877043346,True,True
iql_dual,iql,dual,1.25,8000,Fixed 0.3,0.3,401.9485026755701,0.7459614543671158,3.526875767582555,False,0.0,0.0,0.5,781.7716444562739,379.82314178070374,0.00202572342283042,True,True
iql_dual,iql,dual,1.25,8000,Fixed 0.5,0.5,781.7716444562739,2.8339083463540136,5.614822659569453,False,0.0,0.0,0.5,781.7716444562739,0.0,0.0,True,True
iql_dual,iql,dual,1.25,8000,Fixed 0.8,0.8,2389.5741830421757,10.201557921650807,12.982472234866245,True,0.20155792165080655,1.0,0.5,781.7716444562739,-1607.8025385859019,-0.008574946872458144,False,True
iql_dual,iql,dual,1.25,8000,Fixed 1.0,1.0,521.6815438250069,34.683482092329996,37.464396405545436,True,24.683482092329996,1.0,0.5,781.7716444562739,260.090100631267,0.0013871472033667573,False,True
iql_dual,iql,dual,1.25,8000,Fixed 1.2,1.2,669.4251626430505,34.05395767848286,36.8348719916983,True,24.05395767848286,1.0,0.5,781.7716444562739,112.34648181322336,0.0005991812363371913,False,True
iql_dual,iql,dual,1.25,8000,Development near-best 10pp,0.8,2389.5741830421757,10.201557921650807,12.982472234866245,True,0.20155792165080655,1.0,0.5,781.7716444562739,-1607.8025385859019,-0.008574946872458144,False,True
iql_dual,iql,dual,1.25,8000,Development 5pp-buffer,0.3,401.9485026755701,0.7459614543671158,3.526875767582555,False,0.0,0.0,0.5,781.7716444562739,379.82314178070374,0.00202572342283042,True,True
iql_dual,iql,dual,1.25,Full,Fixed 0.0,0.0,0.0,0.0,0.6613053325985132,False,0.0,0.0,0.8,4132.526403541022,4132.526403541022,0.02204014081888545,True,True
iql_dual,iql,dual,1.25,Full,Fixed 0.3,0.3,355.37762402933004,0.5811244471205321,1.2424297797190453,False,0.0,0.0,0.8,4132.526403541022,3777.148779511692,0.020144793490729025,True,True
iql_dual,iql,dual,1.25,Full,Fixed 0.5,0.5,640.9055255403564,1.2241025339974207,1.885407866595934,False,0.0,0.0,0.8,4132.526403541022,3491.6208780006655,0.01862197801600355,True,True
iql_dual,iql,dual,1.25,Full,Fixed 0.8,0.8,4132.526403541022,5.634850439056304,6.296155771654817,False,0.0,0.0,0.8,4132.526403541022,0.0,0.0,True,True
iql_dual,iql,dual,1.25,Full,Fixed 1.0,1.0,4302.842802051331,26.010930582450552,26.672235915049065,True,16.010930582450552,1.0,0.8,4132.526403541022,-170.31639851030923,-0.0009083541253883158,False,True
iql_dual,iql,dual,1.25,Full,Fixed 1.2,1.2,4159.978104691007,26.545011029102103,27.206316361700615,True,16.545011029102103,1.0,0.8,4132.526403541022,-27.45170114998473,-0.00014640907279991856,False,True
iql_dual,iql,dual,1.25,Full,Development near-best 10pp,0.8,4132.526403541022,5.634850439056304,6.296155771654817,False,0.0,0.0,0.8,4132.526403541022,0.0,0.0,True,True
iql_dual,iql,dual,1.25,Full,Development 5pp-buffer,0.3,355.37762402933004,0.5811244471205321,1.2424297797190453,False,0.0,0.0,0.8,4132.526403541022,3777.148779511692,0.020144793490729025,True,True
iql_dual,iql,dual,1.5,500,Fixed 0.0,0.0,0.0,0.0,67.01483258847384,False,0.0,0.0,0.0,0.0,0.0,0.0,True,True
iql_dual,iql,dual,1.5,500,Fixed 0.3,0.3,-103.11836957246396,1.7525486314735161,68.76738121994735,False,0.0,0.0,0.0,0.0,103.11836957246396,0.0004583038647665065,True,True
iql_dual,iql,dual,1.5,500,Fixed 0.5,0.5,-173.8278843268081,3.751661637206851,70.76649422568069,False,0.0,0.0,0.0,0.0,173.8278843268081,0.0007725683747858138,True,True
iql_dual,iql,dual,1.5,500,Fixed 0.8,0.8,-646.6498119003545,10.24589942191605,77.26073201038989,True,0.2458994219160502,1.0,0.0,0.0,646.6498119003545,0.0028739991640015757,False,True
iql_dual,iql,dual,1.5,500,Fixed 1.0,1.0,-824.9506191480637,10.82670340964961,77.84153599812345,True,0.8267034096496104,1.0,0.0,0.0,824.9506191480637,0.0036664471962136163,False,True
iql_dual,iql,dual,1.5,500,Fixed 1.2,1.2,-657.9421657806097,9.288633645048307,76.30346623352214,False,0.0,0.0,0.0,0.0,657.9421657806097,0.0029241874034693764,True,True
iql_dual,iql,dual,1.5,500,Development near-best 10pp,0.0,0.0,0.0,67.01483258847384,False,0.0,0.0,0.0,0.0,0.0,0.0,True,True
iql_dual,iql,dual,1.5,500,Development 5pp-buffer,0.0,0.0,0.0,67.01483258847384,False,0.0,0.0,0.0,0.0,0.0,0.0,True,True
iql_dual,iql,dual,1.5,2000,Fixed 0.0,0.0,0.0,0.0,21.728404496885375,False,0.0,0.0,0.0,0.0,0.0,0.0,True,True
iql_dual,iql,dual,1.5,2000,Fixed 0.3,0.3,-145.89330178973069,2.8928870719851716,24.621291568870546,False,0.0,0.0,0.0,0.0,145.89330178973069,0.0006484146746210253,True,True
iql_dual,iql,dual,1.5,2000,Fixed 0.5,0.5,-189.8994418327493,6.365264216139465,28.09366871302484,False,0.0,0.0,0.0,0.0,189.8994418327493,0.0008439975192566635,True,True
iql_dual,iql,dual,1.5,2000,Fixed 0.8,0.8,-1824.3497549190033,26.624496559172023,48.3529010560574,True,16.624496559172023,1.0,0.0,0.0,1824.3497549190033,0.008108221132973348,False,True
iql_dual,iql,dual,1.5,2000,Fixed 1.0,1.0,-4100.566523577774,40.89405209527322,62.62245659215859,True,30.894052095273217,1.0,0.0,0.0,4100.566523577774,0.018224740104790107,False,True
iql_dual,iql,dual,1.5,2000,Fixed 1.2,1.2,-3881.5304340378007,39.38582357843969,61.114228075325066,True,29.38582357843969,1.0,0.0,0.0,3881.5304340378007,0.017251246373501335,False,True
iql_dual,iql,dual,1.5,2000,Development near-best 10pp,0.0,0.0,0.0,21.728404496885375,False,0.0,0.0,0.0,0.0,0.0,0.0,True,True
iql_dual,iql,dual,1.5,2000,Development 5pp-buffer,0.0,0.0,0.0,21.728404496885375,False,0.0,0.0,0.0,0.0,0.0,0.0,True,True
iql_dual,iql,dual,1.5,8000,Fixed 0.0,0.0,0.0,0.0,3.5986448493770014,False,0.0,0.0,0.5,905.9006859637593,905.9006859637593,0.0040262252709500415,True,True
iql_dual,iql,dual,1.5,8000,Fixed 0.3,0.3,404.8697852186742,1.5523606247939452,5.151005474170947,False,0.0,0.0,0.5,905.9006859637593,501.0309007450851,0.0022268040033114893,True,True
iql_dual,iql,dual,1.5,8000,Fixed 0.5,0.5,905.9006859637593,3.223727264288821,6.822372113665822,False,0.0,0.0,0.5,905.9006859637593,0.0,0.0,True,True
iql_dual,iql,dual,1.5,8000,Fixed 0.8,0.8,2352.7089244569943,13.170491571548267,16.769136420925268,True,3.1704915715482667,1.0,0.5,905.9006859637593,-1446.808238493235,-0.006430258837747711,False,True
iql_dual,iql,dual,1.5,8000,Fixed 1.0,1.0,-347.91820638062563,38.40157719166855,42.000222041045554,True,28.40157719166855,1.0,0.5,905.9006859637593,1253.818892344385,0.0055725284104194885,False,True
iql_dual,iql,dual,1.5,8000,Fixed 1.2,1.2,-329.1079572518938,38.189963547764265,41.78860839714127,True,28.189963547764265,1.0,0.5,905.9006859637593,1235.0086432156531,0.00548892730318068,False,True
iql_dual,iql,dual,1.5,8000,Development near-best 10pp,0.5,905.9006859637593,3.223727264288821,6.822372113665822,False,0.0,0.0,0.5,905.9006859637593,0.0,0.0,True,True
iql_dual,iql,dual,1.5,8000,Development 5pp-buffer,0.5,905.9006859637593,3.223727264288821,6.822372113665822,False,0.0,0.0,0.5,905.9006859637593,0.0,0.0,True,True
iql_dual,iql,dual,1.5,Full,Fixed 0.0,0.0,0.0,0.0,1.5826306440985292,False,0.0,0.0,0.8,4871.7667862376,4871.7667862376,0.021652296827722666,True,True
iql_dual,iql,dual,1.5,Full,Fixed 0.3,0.3,256.7917778487208,0.22984042833797202,1.8124710724365012,False,0.0,0.0,0.8,4871.7667862376,4614.975008388879,0.020511000037283907,True,True
iql_dual,iql,dual,1.5,Full,Fixed 0.5,0.5,1160.738811934967,1.2872455110702399,2.869876155168769,False,0.0,0.0,0.8,4871.7667862376,3711.027974302633,0.01649345766356726,True,True
iql_dual,iql,dual,1.5,Full,Fixed 0.8,0.8,4871.7667862376,4.7821183345845295,6.364748978683059,False,0.0,0.0,0.8,4871.7667862376,0.0,0.0,True,True
iql_dual,iql,dual,1.5,Full,Fixed 1.0,1.0,3646.4065282463453,28.202877088155912,29.78550773225444,True,18.202877088155912,1.0,0.8,4871.7667862376,1225.360257991255,0.005446045591072244,False,True
iql_dual,iql,dual,1.5,Full,Fixed 1.2,1.2,3837.836388844422,27.211860468450606,28.794491112549135,True,17.211860468450606,1.0,0.8,4871.7667862376,1033.9303973931783,0.004595246210636348,False,True
iql_dual,iql,dual,1.5,Full,Development near-best 10pp,0.8,4871.7667862376,4.7821183345845295,6.364748978683059,False,0.0,0.0,0.8,4871.7667862376,0.0,0.0,True,True
iql_dual,iql,dual,1.5,Full,Development 5pp-buffer,0.5,1160.738811934967,1.2872455110702399,2.869876155168769,False,0.0,0.0,0.8,4871.7667862376,3711.027974302633,0.01649345766356726,True,True
dt_traffic_aware,dt,traffic_aware,0.5,500,Fixed 0.0,0.0,0.0,0.0,21.668566835590116,False,0.0,0.0,0.3,60.064002253840954,60.064002253840954,0.000800853363384546,True,True
dt_traffic_aware,dt,traffic_aware,0.5,500,Fixed 0.3,0.3,60.064002253840954,3.3368839725931636,25.00545080818328,False,0.0,0.0,0.3,60.064002253840954,0.0,0.0,True,True
dt_traffic_aware,dt,traffic_aware,0.5,500,Fixed 0.5,0.5,-3.940680870104188,8.095141120919799,29.763707956509915,False,0.0,0.0,0.3,60.064002253840954,64.00468312394514,0.0008533957749859352,True,True
dt_traffic_aware,dt,traffic_aware,0.5,500,Fixed 0.8,0.8,-709.7513723334832,33.40755849824856,55.07612533383868,True,23.407558498248562,1.0,0.3,60.064002253840954,769.8153745873242,0.010264204994497655,False,True
dt_traffic_aware,dt,traffic_aware,0.5,500,Fixed 1.0,1.0,-1334.1131628755566,46.129302156596154,67.79786899218627,True,36.129302156596154,1.0,0.3,60.064002253840954,1394.1771651293975,0.018589028868391966,False,True
dt_traffic_aware,dt,traffic_aware,0.5,500,Fixed 1.2,1.2,-1326.0956864107166,45.97541841676082,67.64398525235093,True,35.97541841676082,1.0,0.3,60.064002253840954,1386.1596886645575,0.0184821291821941,False,True
dt_traffic_aware,dt,traffic_aware,0.5,500,Development near-best 10pp,0.3,60.064002253840954,3.3368839725931636,25.00545080818328,False,0.0,0.0,0.3,60.064002253840954,0.0,0.0,True,True
dt_traffic_aware,dt,traffic_aware,0.5,500,Development 5pp-buffer,0.3,60.064002253840954,3.3368839725931636,25.00545080818328,False,0.0,0.0,0.3,60.064002253840954,0.0,0.0,True,True
dt_traffic_aware,dt,traffic_aware,0.5,2000,Fixed 0.0,0.0,0.0,0.0,0.14628163956996126,False,0.0,0.0,0.5,827.2528330977038,827.2528330977038,0.011030037774636051,True,True
dt_traffic_aware,dt,traffic_aware,0.5,2000,Fixed 0.3,0.3,776.5147790908604,2.824462343453414,2.9707439830233753,False,0.0,0.0,0.5,827.2528330977038,50.73805400684341,0.0006765073867579122,True,True
dt_traffic_aware,dt,traffic_aware,0.5,2000,Fixed 0.5,0.5,827.2528330977038,6.066082267111422,6.212363906681383,False,0.0,0.0,0.5,827.2528330977038,0.0,0.0,True,True
dt_traffic_aware,dt,traffic_aware,0.5,2000,Fixed 0.8,0.8,233.89334269385108,20.095908532073643,20.242190171643603,True,10.095908532073643,1.0,0.5,827.2528330977038,593.3594904038528,0.00791145987205137,False,True
dt_traffic_aware,dt,traffic_aware,0.5,2000,Fixed 1.0,1.0,-182.39322702163463,27.7172973510741,27.86357899064406,True,17.7172973510741,1.0,0.5,827.2528330977038,1009.6460601193385,0.013461947468257846,False,True
dt_traffic_aware,dt,traffic_aware,0.5,2000,Fixed 1.2,1.2,-189.85114550828257,27.524402193163926,27.670683832733886,True,17.524402193163926,1.0,0.5,827.2528330977038,1017.1039786059864,0.013561386381413153,False,True
dt_traffic_aware,dt,traffic_aware,0.5,2000,Development near-best 10pp,0.5,827.2528330977038,6.066082267111422,6.212363906681383,False,0.0,0.0,0.5,827.2528330977038,0.0,0.0,True,True
dt_traffic_aware,dt,traffic_aware,0.5,2000,Development 5pp-buffer,0.5,827.2528330977038,6.066082267111422,6.212363906681383,False,0.0,0.0,0.5,827.2528330977038,0.0,0.0,True,True
dt_traffic_aware,dt,traffic_aware,0.5,8000,Fixed 0.0,0.0,0.0,0.0,0.0016658198026173827,False,0.0,0.0,0.5,1579.4421357549145,1579.4421357549145,0.021059228476732195,True,True
dt_traffic_aware,dt,traffic_aware,0.5,8000,Fixed 0.3,0.3,1309.8222365565598,1.7846062852954039,1.7862721050980213,False,0.0,0.0,0.5,1579.4421357549145,269.6198991983547,0.003594931989311396,True,True
dt_traffic_aware,dt,traffic_aware,0.5,8000,Fixed 0.5,0.5,1579.4421357549145,7.49264831834612,7.494314138148738,False,0.0,0.0,0.5,1579.4421357549145,0.0,0.0,True,True
dt_traffic_aware,dt,traffic_aware,0.5,8000,Fixed 0.8,0.8,1220.010678581959,14.829721488851959,14.831387308654577,True,4.829721488851959,1.0,0.5,1579.4421357549145,359.43145717295556,0.004792419428972741,False,True
dt_traffic_aware,dt,traffic_aware,0.5,8000,Fixed 1.0,1.0,1185.0131807893222,14.508624669327382,14.51029048913,True,4.508624669327382,1.0,0.5,1579.4421357549145,394.4289549655923,0.005259052732874564,False,True
dt_traffic_aware,dt,traffic_aware,0.5,8000,Fixed 1.2,1.2,1158.0602420686473,14.48226291055913,14.483928730361749,True,4.482262910559131,1.0,0.5,1579.4421357549145,421.3818936862672,0.005618425249150229,False,True
dt_traffic_aware,dt,traffic_aware,0.5,8000,Development near-best 10pp,0.5,1579.4421357549145,7.49264831834612,7.494314138148738,False,0.0,0.0,0.5,1579.4421357549145,0.0,0.0,True,True
dt_traffic_aware,dt,traffic_aware,0.5,8000,Development 5pp-buffer,0.5,1579.4421357549145,7.49264831834612,7.494314138148738,False,0.0,0.0,0.5,1579.4421357549145,0.0,0.0,True,True
dt_traffic_aware,dt,traffic_aware,0.5,Full,Fixed 0.0,0.0,0.0,0.0,0.0016924030249841357,False,0.0,0.0,0.5,2090.6578091354686,2090.6578091354686,0.02787543745513958,True,True
dt_traffic_aware,dt,traffic_aware,0.5,Full,Fixed 0.3,0.3,1326.0550427582102,1.2238364840493257,1.2255288870743097,False,0.0,0.0,0.5,2090.6578091354686,764.6027663772584,0.010194703551696778,True,True
dt_traffic_aware,dt,traffic_aware,0.5,Full,Fixed 0.5,0.5,2090.6578091354686,6.312801488598187,6.314493891623171,False,0.0,0.0,0.5,2090.6578091354686,0.0,0.0,True,True
dt_traffic_aware,dt,traffic_aware,0.5,Full,Fixed 0.8,0.8,1764.5279439810201,15.099280284756247,15.100972687781232,True,5.099280284756247,1.0,0.5,2090.6578091354686,326.12986515444845,0.004348398202059313,False,True
dt_traffic_aware,dt,traffic_aware,0.5,Full,Fixed 1.0,1.0,1755.9895614785273,14.558711410622283,14.560403813647268,True,4.5587114106222835,1.0,0.5,2090.6578091354686,334.6682476569413,0.00446224330209255,False,True
dt_traffic_aware,dt,traffic_aware,0.5,Full,Fixed 1.2,1.2,1753.7877055179697,14.410226147960737,14.411918550985721,True,4.410226147960737,1.0,0.5,2090.6578091354686,336.8701036174989,0.004491601381566652,False,True
dt_traffic_aware,dt,traffic_aware,0.5,Full,Development near-best 10pp,0.5,2090.6578091354686,6.312801488598187,6.314493891623171,False,0.0,0.0,0.5,2090.6578091354686,0.0,0.0,True,True
dt_traffic_aware,dt,traffic_aware,0.5,Full,Development 5pp-buffer,0.5,2090.6578091354686,6.312801488598187,6.314493891623171,False,0.0,0.0,0.5,2090.6578091354686,0.0,0.0,True,True
dt_traffic_aware,dt,traffic_aware,0.75,500,Fixed 0.0,0.0,0.0,0.0,37.27164641335846,False,0.0,0.0,0.3,7.050637792179259,7.050637792179259,6.267233593048231e-05,True,True
dt_traffic_aware,dt,traffic_aware,0.75,500,Fixed 0.3,0.3,7.050637792179259,2.830360313600252,40.10200672695871,False,0.0,0.0,0.3,7.050637792179259,0.0,0.0,True,True
dt_traffic_aware,dt,traffic_aware,0.75,500,Fixed 0.5,0.5,-92.28366037060368,7.085897546459428,44.35754395981789,False,0.0,0.0,0.3,7.050637792179259,99.33429816278294,0.0008829715392247373,True,True
dt_traffic_aware,dt,traffic_aware,0.75,500,Fixed 0.8,0.8,-1008.6059320636132,29.572656973541022,66.84430338689948,True,19.572656973541022,1.0,0.3,7.050637792179259,1015.6565698557924,0.009028058398718154,False,True
dt_traffic_aware,dt,traffic_aware,0.75,500,Fixed 1.0,1.0,-1736.6411321832043,39.62417619982033,76.8958226131788,True,29.624176199820333,1.0,0.3,7.050637792179259,1743.6917699753835,0.015499482399781188,False,True
dt_traffic_aware,dt,traffic_aware,0.75,500,Fixed 1.2,1.2,-1729.1749863893215,39.52357999348741,76.79522640684587,True,29.52357999348741,1.0,0.3,7.050637792179259,1736.2256241815007,0.015433116659391118,False,True
dt_traffic_aware,dt,traffic_aware,0.75,500,Development near-best 10pp,0.3,7.050637792179259,2.830360313600252,40.10200672695871,False,0.0,0.0,0.3,7.050637792179259,0.0,0.0,True,True
dt_traffic_aware,dt,traffic_aware,0.75,500,Development 5pp-buffer,0.3,7.050637792179259,2.830360313600252,40.10200672695871,False,0.0,0.0,0.3,7.050637792179259,0.0,0.0,True,True
dt_traffic_aware,dt,traffic_aware,0.75,2000,Fixed 0.0,0.0,0.0,0.0,1.2951711430695552,False,0.0,0.0,0.3,746.9993845357785,746.9993845357785,0.00663999452920692,True,True
dt_traffic_aware,dt,traffic_aware,0.75,2000,Fixed 0.3,0.3,746.9993845357785,2.9219354820533736,4.217106625122929,False,0.0,0.0,0.3,746.9993845357785,0.0,0.0,True,True
dt_traffic_aware,dt,traffic_aware,0.75,2000,Fixed 0.5,0.5,727.3478137396232,7.431029130368565,8.72620027343812,False,0.0,0.0,0.3,746.9993845357785,19.651570796155283,0.0001746806292991581,True,True
dt_traffic_aware,dt,traffic_aware,0.75,2000,Fixed 0.8,0.8,-289.3299905192598,27.188768029211545,28.4839391722811,True,17.188768029211545,1.0,0.3,746.9993845357785,1036.3293750550383,0.009211816667155896,False,True
dt_traffic_aware,dt,traffic_aware,0.75,2000,Fixed 1.0,1.0,-1116.871127175118,37.9710333709237,39.26620451399325,True,27.9710333709237,1.0,0.3,746.9993845357785,1863.8705117108966,0.016567737881874635,False,True
dt_traffic_aware,dt,traffic_aware,0.75,2000,Fixed 1.2,1.2,-1102.876482357815,37.737413534267915,39.03258467733747,True,27.737413534267915,1.0,0.3,746.9993845357785,1849.8758668935934,0.016443341039054163,False,True
dt_traffic_aware,dt,traffic_aware,0.75,2000,Development near-best 10pp,0.5,727.3478137396232,7.431029130368565,8.72620027343812,False,0.0,0.0,0.3,746.9993845357785,19.651570796155283,0.0001746806292991581,True,True
dt_traffic_aware,dt,traffic_aware,0.75,2000,Development 5pp-buffer,0.3,746.9993845357785,2.9219354820533736,4.217106625122929,False,0.0,0.0,0.3,746.9993845357785,0.0,0.0,True,True
dt_traffic_aware,dt,traffic_aware,0.75,8000,Fixed 0.0,0.0,0.0,0.0,0.007819085749026811,False,0.0,0.0,0.5,2277.386683286426,2277.386683286426,0.02024343718476823,True,True
dt_traffic_aware,dt,traffic_aware,0.75,8000,Fixed 0.3,0.3,1835.0250770766725,2.565367280810429,2.573186366559456,False,0.0,0.0,0.5,2277.386683286426,442.3616062097535,0.00393210316630892,True,True
dt_traffic_aware,dt,traffic_aware,0.75,8000,Fixed 0.5,0.5,2277.386683286426,7.059749322145937,7.067568407894964,False,0.0,0.0,0.5,2277.386683286426,0.0,0.0,True,True
dt_traffic_aware,dt,traffic_aware,0.75,8000,Fixed 0.8,0.8,1475.9477287596055,17.293454827702472,17.3012739134515,True,7.293454827702472,1.0,0.5,2277.386683286426,801.4389545268205,0.007123901818016182,False,True
dt_traffic_aware,dt,traffic_aware,0.75,8000,Fixed 1.0,1.0,1270.3840997385578,19.08914794351688,19.096967029265908,True,9.089147943516881,1.0,0.5,2277.386683286426,1007.0025835478682,0.00895113407598105,False,True
dt_traffic_aware,dt,traffic_aware,0.75,8000,Fixed 1.2,1.2,1249.2970677172598,18.96371283024436,18.97153191599339,True,8.963712830244361,1.0,0.5,2277.386683286426,1028.0896155691662,0.00913857436061481,False,True
dt_traffic_aware,dt,traffic_aware,0.75,8000,Development near-best 10pp,0.5,2277.386683286426,7.059749322145937,7.067568407894964,False,0.0,0.0,0.5,2277.386683286426,0.0,0.0,True,True
dt_traffic_aware,dt,traffic_aware,0.75,8000,Development 5pp-buffer,0.5,2277.386683286426,7.059749322145937,7.067568407894964,False,0.0,0.0,0.5,2277.386683286426,0.0,0.0,True,True
dt_traffic_aware,dt,traffic_aware,0.75,Full,Fixed 0.0,0.0,0.0,0.0,0.0010694643236735526,False,0.0,0.0,0.5,3120.9283102858717,3120.9283102858717,0.02774158498031886,True,True
dt_traffic_aware,dt,traffic_aware,0.75,Full,Fixed 0.3,0.3,2122.2866014854153,2.2898688011559747,2.290938265479648,False,0.0,0.0,0.5,3120.9283102858717,998.6417088004564,0.008876815189337391,True,True
dt_traffic_aware,dt,traffic_aware,0.75,Full,Fixed 0.5,0.5,3120.9283102858717,8.298032723691984,8.299102188015658,False,0.0,0.0,0.5,3120.9283102858717,0.0,0.0,True,True
dt_traffic_aware,dt,traffic_aware,0.75,Full,Fixed 0.8,0.8,2228.999295461437,20.54603115704337,20.547100621367044,True,10.54603115704337,1.0,0.5,3120.9283102858717,891.9290148244345,0.007928257909550528,False,True
dt_traffic_aware,dt,traffic_aware,0.75,Full,Fixed 1.0,1.0,2218.5755460315995,20.255252226416566,20.25632169074024,True,10.255252226416566,1.0,0.5,3120.9283102858717,902.3527642542722,0.008020913460037976,False,True
dt_traffic_aware,dt,traffic_aware,0.75,Full,Fixed 1.2,1.2,2238.2017391789577,19.968400107675624,19.969469571999298,True,9.968400107675624,1.0,0.5,3120.9283102858717,882.726571106914,0.007846458409839236,False,True
dt_traffic_aware,dt,traffic_aware,0.75,Full,Development near-best 10pp,0.5,3120.9283102858717,8.298032723691984,8.299102188015658,False,0.0,0.0,0.5,3120.9283102858717,0.0,0.0,True,True
dt_traffic_aware,dt,traffic_aware,0.75,Full,Development 5pp-buffer,0.5,3120.9283102858717,8.298032723691984,8.299102188015658,False,0.0,0.0,0.5,3120.9283102858717,0.0,0.0,True,True
dt_traffic_aware,dt,traffic_aware,1.0,500,Fixed 0.0,0.0,0.0,0.0,47.905919171932815,False,0.0,0.0,0.0,0.0,0.0,0.0,True,True
dt_traffic_aware,dt,traffic_aware,1.0,500,Fixed 0.3,0.3,-2.565623245926872,2.240696914727188,50.14661608666,False,0.0,0.0,0.0,0.0,2.565623245926872,1.7104154972845816e-05,True,True
dt_traffic_aware,dt,traffic_aware,1.0,500,Fixed 0.5,0.5,-92.36529025736672,5.854726140389921,53.76064531232274,False,0.0,0.0,0.0,0.0,92.36529025736672,0.0006157686017157782,True,True
dt_traffic_aware,dt,traffic_aware,1.0,500,Fixed 0.8,0.8,-1138.4289764278815,25.52252932358477,73.42844849551759,True,15.52252932358477,1.0,0.0,0.0,1138.4289764278815,0.00758952650951921,False,True
dt_traffic_aware,dt,traffic_aware,1.0,500,Fixed 1.0,1.0,-1941.1713034289828,33.896079992184404,81.80199916411722,True,23.896079992184404,1.0,0.0,0.0,1941.1713034289828,0.012941142022859885,False,True
dt_traffic_aware,dt,traffic_aware,1.0,500,Fixed 1.2,1.2,-1934.016013104681,33.821060467788364,81.72697963972118,True,23.821060467788364,1.0,0.0,0.0,1934.016013104681,0.01289344008736454,False,True
dt_traffic_aware,dt,traffic_aware,1.0,500,Development near-best 10pp,0.0,0.0,0.0,47.905919171932815,False,0.0,0.0,0.0,0.0,0.0,0.0,True,True
dt_traffic_aware,dt,traffic_aware,1.0,500,Development 5pp-buffer,0.0,0.0,0.0,47.905919171932815,False,0.0,0.0,0.0,0.0,0.0,0.0,True,True
dt_traffic_aware,dt,traffic_aware,1.0,2000,Fixed 0.0,0.0,0.0,0.0,4.331694776402151,False,0.0,0.0,0.3,650.739050513168,650.739050513168,0.004338260336754453,True,True
dt_traffic_aware,dt,traffic_aware,1.0,2000,Fixed 0.3,0.3,650.739050513168,2.550810483862035,6.882505260264186,False,0.0,0.0,0.3,650.739050513168,0.0,0.0,True,True
dt_traffic_aware,dt,traffic_aware,1.0,2000,Fixed 0.5,0.5,551.9580068965643,7.693053240282818,12.024748016684969,False,0.0,0.0,0.3,650.739050513168,98.78104361660371,0.000658540290777358,True,True
dt_traffic_aware,dt,traffic_aware,1.0,2000,Fixed 0.8,0.8,-889.0341318106293,30.983082363359884,35.314777139762036,True,20.983082363359884,1.0,0.3,650.739050513168,1539.7731823237973,0.010265154548825315,False,True
dt_traffic_aware,dt,traffic_aware,1.0,2000,Fixed 1.0,1.0,-2236.989986501453,44.353887459967865,48.68558223637002,True,34.353887459967865,1.0,0.3,650.739050513168,2887.729037014621,0.019251526913430808,False,True
dt_traffic_aware,dt,traffic_aware,1.0,2000,Fixed 1.2,1.2,-2204.5024850165573,44.06353682263971,48.395231599041864,True,34.06353682263971,1.0,0.3,650.739050513168,2855.2415355297253,0.01903494357019817,False,True
dt_traffic_aware,dt,traffic_aware,1.0,2000,Development near-best 10pp,0.3,650.739050513168,2.550810483862035,6.882505260264186,False,0.0,0.0,0.3,650.739050513168,0.0,0.0,True,True
dt_traffic_aware,dt,traffic_aware,1.0,2000,Development 5pp-buffer,0.3,650.739050513168,2.550810483862035,6.882505260264186,False,0.0,0.0,0.3,650.739050513168,0.0,0.0,True,True
dt_traffic_aware,dt,traffic_aware,1.0,8000,Fixed 0.0,0.0,0.0,0.0,0.0007622208201096833,False,0.0,0.0,0.5,2673.670081752358,2673.670081752358,0.017824467211682387,True,True
dt_traffic_aware,dt,traffic_aware,1.0,8000,Fixed 0.3,0.3,2190.80845627087,2.894153061341661,2.8949152821617705,False,0.0,0.0,0.5,2673.670081752358,482.86162548148786,0.003219077503209919,True,True
dt_traffic_aware,dt,traffic_aware,1.0,8000,Fixed 0.5,0.5,2673.670081752358,8.121347644359032,8.122109865179143,False,0.0,0.0,0.5,2673.670081752358,0.0,0.0,True,True
dt_traffic_aware,dt,traffic_aware,1.0,8000,Fixed 0.8,0.8,1712.1312143133964,17.95358653330198,17.95434875412209,True,7.95358653330198,1.0,0.5,2673.670081752358,961.5388674389615,0.006410259116259743,False,True
dt_traffic_aware,dt,traffic_aware,1.0,8000,Fixed 1.0,1.0,990.1211489812067,24.096071796005486,24.096834016825596,True,14.096071796005486,1.0,0.5,2673.670081752358,1683.5489327711512,0.011223659551807675,False,True
dt_traffic_aware,dt,traffic_aware,1.0,8000,Fixed 1.2,1.2,975.2884663127988,23.954075332999068,23.95483755381918,True,13.954075332999068,1.0,0.5,2673.670081752358,1698.381615439559,0.011322544102930394,False,True
dt_traffic_aware,dt,traffic_aware,1.0,8000,Development near-best 10pp,0.5,2673.670081752358,8.121347644359032,8.122109865179143,False,0.0,0.0,0.5,2673.670081752358,0.0,0.0,True,True
dt_traffic_aware,dt,traffic_aware,1.0,8000,Development 5pp-buffer,0.5,2673.670081752358,8.121347644359032,8.122109865179143,False,0.0,0.0,0.5,2673.670081752358,0.0,0.0,True,True
dt_traffic_aware,dt,traffic_aware,1.0,Full,Fixed 0.0,0.0,0.0,0.0,0.0008248663041740655,False,0.0,0.0,0.5,4012.7542395669916,4012.7542395669916,0.02675169493044661,True,True
dt_traffic_aware,dt,traffic_aware,1.0,Full,Fixed 0.3,0.3,2652.9161417694104,2.841945088396654,2.842769954700828,False,0.0,0.0,0.5,4012.7542395669916,1359.8380977975812,0.009065587318650542,True,True
dt_traffic_aware,dt,traffic_aware,1.0,Full,Fixed 0.5,0.5,4012.7542395669916,7.01527027341853,7.016095139722704,False,0.0,0.0,0.5,4012.7542395669916,0.0,0.0,True,True
dt_traffic_aware,dt,traffic_aware,1.0,Full,Fixed 0.8,0.8,2651.0674765475524,21.40199230793672,21.402817174240894,True,11.40199230793672,1.0,0.5,4012.7542395669916,1361.6867630194392,0.009077911753462928,False,True
dt_traffic_aware,dt,traffic_aware,1.0,Full,Fixed 1.0,1.0,2149.169517362181,25.5766218125707,25.577446678874875,True,15.5766218125707,1.0,0.5,4012.7542395669916,1863.5847222048105,0.01242389814803207,False,True
dt_traffic_aware,dt,traffic_aware,1.0,Full,Fixed 1.2,1.2,2167.572721851473,25.36304389661272,25.363868762916894,True,15.36304389661272,1.0,0.5,4012.7542395669916,1845.1815177155186,0.012301210118103457,False,True
dt_traffic_aware,dt,traffic_aware,1.0,Full,Development near-best 10pp,0.5,4012.7542395669916,7.01527027341853,7.016095139722704,False,0.0,0.0,0.5,4012.7542395669916,0.0,0.0,True,True
dt_traffic_aware,dt,traffic_aware,1.0,Full,Development 5pp-buffer,0.5,4012.7542395669916,7.01527027341853,7.016095139722704,False,0.0,0.0,0.5,4012.7542395669916,0.0,0.0,True,True
dt_traffic_aware,dt,traffic_aware,1.25,500,Fixed 0.0,0.0,0.0,0.0,55.79530270559104,False,0.0,0.0,0.3,3.9348663058808597,3.9348663058808597,2.0985953631364586e-05,True,True
dt_traffic_aware,dt,traffic_aware,1.25,500,Fixed 0.3,0.3,3.9348663058808597,1.8975138919815961,57.69281659757264,False,0.0,0.0,0.3,3.9348663058808597,0.0,0.0,True,True
dt_traffic_aware,dt,traffic_aware,1.25,500,Fixed 0.5,0.5,-86.01932513464453,4.985850241644947,60.78115294723599,False,0.0,0.0,0.3,3.9348663058808597,89.95419144052539,0.0004797556876828021,True,True
dt_traffic_aware,dt,traffic_aware,1.25,500,Fixed 0.8,0.8,-1189.6446496770604,21.963925225157638,77.75922793074868,True,11.963925225157638,1.0,0.3,3.9348663058808597,1193.5795159829413,0.006365757418575687,False,True
dt_traffic_aware,dt,traffic_aware,1.25,500,Fixed 1.0,1.0,-2036.2096976095454,29.090591321960957,84.885894027552,True,19.090591321960957,1.0,0.3,3.9348663058808597,2040.1445639154263,0.01088077100754894,False,True
dt_traffic_aware,dt,traffic_aware,1.25,500,Fixed 1.2,1.2,-2029.0797668380005,29.02980012801207,84.82510283360311,True,19.02980012801207,1.0,0.3,3.9348663058808597,2033.0146331438814,0.0108427447101007,False,True
dt_traffic_aware,dt,traffic_aware,1.25,500,Development near-best 10pp,0.0,0.0,0.0,55.79530270559104,False,0.0,0.0,0.3,3.9348663058808597,3.9348663058808597,2.0985953631364586e-05,True,True
dt_traffic_aware,dt,traffic_aware,1.25,500,Development 5pp-buffer,0.0,0.0,0.0,55.79530270559104,False,0.0,0.0,0.3,3.9348663058808597,3.9348663058808597,2.0985953631364586e-05,True,True
dt_traffic_aware,dt,traffic_aware,1.25,2000,Fixed 0.0,0.0,0.0,0.0,7.583794075981949,False,0.0,0.0,0.3,484.8697579773816,484.8697579773816,0.002585972042546035,True,True
dt_traffic_aware,dt,traffic_aware,1.25,2000,Fixed 0.3,0.3,484.8697579773816,3.6849364070950674,11.268730483077016,False,0.0,0.0,0.3,484.8697579773816,0.0,0.0,True,True
dt_traffic_aware,dt,traffic_aware,1.25,2000,Fixed 0.5,0.5,299.90257029020177,9.287366017270305,16.871160093252254,False,0.0,0.0,0.3,484.8697579773816,184.96718768717983,0.000986491667664959,True,True
dt_traffic_aware,dt,traffic_aware,1.25,2000,Fixed 0.8,0.8,-1503.8839463610475,33.91863805792205,41.502432133904,True,23.918638057922053,1.0,0.3,484.8697579773816,1988.753704338429,0.010606686423138289,False,True
dt_traffic_aware,dt,traffic_aware,1.25,2000,Fixed 1.0,1.0,-3313.594516237512,48.25452771715432,55.83832179313627,True,38.25452771715432,1.0,0.3,484.8697579773816,3798.4642742148935,0.020258476129146098,False,True
dt_traffic_aware,dt,traffic_aware,1.25,2000,Fixed 1.2,1.2,-3281.930921273208,48.02238540884844,55.60617948483039,True,38.02238540884844,1.0,0.3,484.8697579773816,3766.8006792505894,0.02008960362266981,False,True
dt_traffic_aware,dt,traffic_aware,1.25,2000,Development near-best 10pp,0.3,484.8697579773816,3.6849364070950674,11.268730483077016,False,0.0,0.0,0.3,484.8697579773816,0.0,0.0,True,True
dt_traffic_aware,dt,traffic_aware,1.25,2000,Development 5pp-buffer,0.3,484.8697579773816,3.6849364070950674,11.268730483077016,False,0.0,0.0,0.3,484.8697579773816,0.0,0.0,True,True
dt_traffic_aware,dt,traffic_aware,1.25,8000,Fixed 0.0,0.0,0.0,0.0,0.0006826790950286927,False,0.0,0.0,0.5,3182.6553915085424,3182.6553915085424,0.016974162088045558,True,True
dt_traffic_aware,dt,traffic_aware,1.25,8000,Fixed 0.3,0.3,2457.3712625837397,2.828520044986441,2.8292027240814694,False,0.0,0.0,0.5,3182.6553915085424,725.2841289248026,0.0038681820209322806,True,True
dt_traffic_aware,dt,traffic_aware,1.25,8000,Fixed 0.5,0.5,3182.6553915085424,6.358598111930629,6.3592807910256575,False,0.0,0.0,0.5,3182.6553915085424,0.0,0.0,True,True
dt_traffic_aware,dt,traffic_aware,1.25,8000,Fixed 0.8,0.8,1544.1293452288228,20.790018962969196,20.790701642064224,True,10.790018962969196,1.0,0.5,3182.6553915085424,1638.5260462797196,0.008738805580158505,False,True
dt_traffic_aware,dt,traffic_aware,1.25,8000,Fixed 1.0,1.0,475.2360662626761,28.49856711120193,28.499249790296957,True,18.49856711120193,1.0,0.5,3182.6553915085424,2707.4193252458663,0.01443956973464462,False,True
dt_traffic_aware,dt,traffic_aware,1.25,8000,Fixed 1.2,1.2,495.40489947077185,28.253617431988015,28.254300111083044,True,18.253617431988015,1.0,0.5,3182.6553915085424,2687.2504920377705,0.014332002624201442,False,True
dt_traffic_aware,dt,traffic_aware,1.25,8000,Development near-best 10pp,0.5,3182.6553915085424,6.358598111930629,6.3592807910256575,False,0.0,0.0,0.5,3182.6553915085424,0.0,0.0,True,True
dt_traffic_aware,dt,traffic_aware,1.25,8000,Development 5pp-buffer,0.5,3182.6553915085424,6.358598111930629,6.3592807910256575,False,0.0,0.0,0.5,3182.6553915085424,0.0,0.0,True,True
dt_traffic_aware,dt,traffic_aware,1.25,Full,Fixed 0.0,0.0,0.0,0.0,0.0005906585051794537,False,0.0,0.0,0.5,4796.912469673924,4796.912469673924,0.025583533171594258,True,True
dt_traffic_aware,dt,traffic_aware,1.25,Full,Fixed 0.3,0.3,3029.8497740743405,3.245505130216615,3.2460957887217945,False,0.0,0.0,0.5,4796.912469673924,1767.062695599583,0.00942433437653111,True,True
dt_traffic_aware,dt,traffic_aware,1.25,Full,Fixed 0.5,0.5,4796.912469673924,6.226693689618599,6.227284348123778,False,0.0,0.0,0.5,4796.912469673924,0.0,0.0,True,True
dt_traffic_aware,dt,traffic_aware,1.25,Full,Fixed 0.8,0.8,2976.0666099566406,22.231483826807267,22.232074485312445,True,12.231483826807267,1.0,0.5,4796.912469673924,1820.845859717283,0.009711177918492176,False,True
dt_traffic_aware,dt,traffic_aware,1.25,Full,Fixed 1.0,1.0,1833.2460721983953,29.999486673621618,30.000077332126796,True,19.999486673621618,1.0,0.5,4796.912469673924,2963.6663974755284,0.01580622078653615,False,True
dt_traffic_aware,dt,traffic_aware,1.25,Full,Fixed 1.2,1.2,1863.4338594490218,29.773132285931364,29.773722944436543,True,19.773132285931364,1.0,0.5,4796.912469673924,2933.478610224902,0.01564521925453281,False,True
dt_traffic_aware,dt,traffic_aware,1.25,Full,Development near-best 10pp,0.5,4796.912469673924,6.226693689618599,6.227284348123778,False,0.0,0.0,0.5,4796.912469673924,0.0,0.0,True,True
dt_traffic_aware,dt,traffic_aware,1.25,Full,Development 5pp-buffer,0.5,4796.912469673924,6.226693689618599,6.227284348123778,False,0.0,0.0,0.5,4796.912469673924,0.0,0.0,True,True
dt_traffic_aware,dt,traffic_aware,1.5,500,Fixed 0.0,0.0,0.0,0.0,61.9187477813185,False,0.0,0.0,0.3,11.604409735843547,11.604409735843547,5.1575154381526877e-05,True,True
dt_traffic_aware,dt,traffic_aware,1.5,500,Fixed 0.3,0.3,11.604409735843547,1.5384937266874203,63.45724150800592,False,0.0,0.0,0.3,11.604409735843547,0.0,0.0,True,True
dt_traffic_aware,dt,traffic_aware,1.5,500,Fixed 0.5,0.5,-87.48125914958837,4.293308253381454,66.21205603469996,False,0.0,0.0,0.3,11.604409735843547,99.08566888543191,0.00044038075060191963,True,True
dt_traffic_aware,dt,traffic_aware,1.5,500,Fixed 0.8,0.8,-1225.2815729635313,18.94666401178776,80.86541179310626,True,8.94666401178776,1.0,0.3,11.604409735843547,1236.8859826993748,0.005497271034219444,False,True
dt_traffic_aware,dt,traffic_aware,1.5,500,Fixed 1.0,1.0,-2119.3685139328622,25.215906425150237,87.13465420646874,True,15.215906425150237,1.0,0.3,11.604409735843547,2130.972923668706,0.009470990771860914,False,True
dt_traffic_aware,dt,traffic_aware,1.5,500,Fixed 1.2,1.2,-2111.440659715425,25.16526848591498,87.08401626723348,True,15.165268485914979,1.0,0.3,11.604409735843547,2123.045069451269,0.009435755864227862,False,True
dt_traffic_aware,dt,traffic_aware,1.5,500,Development near-best 10pp,0.0,0.0,0.0,61.9187477813185,False,0.0,0.0,0.3,11.604409735843547,11.604409735843547,5.1575154381526877e-05,True,True
dt_traffic_aware,dt,traffic_aware,1.5,500,Development 5pp-buffer,0.0,0.0,0.0,61.9187477813185,False,0.0,0.0,0.3,11.604409735843547,11.604409735843547,5.1575154381526877e-05,True,True
dt_traffic_aware,dt,traffic_aware,1.5,2000,Fixed 0.0,0.0,0.0,0.0,12.434547068877079,False,0.0,0.0,0.3,398.52101688859693,398.52101688859693,0.0017712045195048753,True,True
dt_traffic_aware,dt,traffic_aware,1.5,2000,Fixed 0.3,0.3,398.52101688859693,3.8361373894910837,16.270684458368162,False,0.0,0.0,0.3,398.52101688859693,0.0,0.0,True,True
dt_traffic_aware,dt,traffic_aware,1.5,2000,Fixed 0.5,0.5,179.09124767831418,9.215757993075831,21.65030506195291,False,0.0,0.0,0.3,398.52101688859693,219.42976921028276,0.0009752434187123678,True,True
dt_traffic_aware,dt,traffic_aware,1.5,2000,Fixed 0.8,0.8,-2062.555247608978,34.77708508690845,47.21163215578553,True,24.77708508690845,1.0,0.3,398.52101688859693,2461.076264497575,0.010938116731100333,False,True
dt_traffic_aware,dt,traffic_aware,1.5,2000,Fixed 1.0,1.0,-4198.797488765516,48.87177389448341,61.30632096336049,True,38.87177389448341,1.0,0.3,398.52101688859693,4597.318505654113,0.02043252669179606,False,True
dt_traffic_aware,dt,traffic_aware,1.5,2000,Fixed 1.2,1.2,-4168.552507539527,48.680411131486544,61.114958200363624,True,38.680411131486544,1.0,0.3,398.52101688859693,4567.073524428124,0.020298104553013886,False,True
dt_traffic_aware,dt,traffic_aware,1.5,2000,Development near-best 10pp,0.3,398.52101688859693,3.8361373894910837,16.270684458368162,False,0.0,0.0,0.3,398.52101688859693,0.0,0.0,True,True
dt_traffic_aware,dt,traffic_aware,1.5,2000,Development 5pp-buffer,0.3,398.52101688859693,3.8361373894910837,16.270684458368162,False,0.0,0.0,0.3,398.52101688859693,0.0,0.0,True,True
dt_traffic_aware,dt,traffic_aware,1.5,8000,Fixed 0.0,0.0,0.0,0.0,0.02177197499272707,False,0.0,0.0,0.5,3254.0566911267633,3254.0566911267633,0.014462474182785614,True,True
dt_traffic_aware,dt,traffic_aware,1.5,8000,Fixed 0.3,0.3,2648.495399572297,3.0894340638042914,3.1112060387970186,False,0.0,0.0,0.5,3254.0566911267633,605.5612915544662,0.0026913835180198496,True,True
dt_traffic_aware,dt,traffic_aware,1.5,8000,Fixed 0.5,0.5,3254.0566911267633,7.199930137564609,7.2217021125573355,False,0.0,0.0,0.5,3254.0566911267633,0.0,0.0,True,True
dt_traffic_aware,dt,traffic_aware,1.5,8000,Fixed 0.8,0.8,1481.8719220216226,21.99981289810094,22.02158487309367,True,11.999812898100942,1.0,0.5,3254.0566911267633,1772.1847691051407,0.007876376751578403,False,True
dt_traffic_aware,dt,traffic_aware,1.5,8000,Fixed 1.0,1.0,-253.72217497030215,32.565048502220385,32.58682047721311,True,22.565048502220385,1.0,0.5,3254.0566911267633,3507.7788660970655,0.015590128293764735,False,True
dt_traffic_aware,dt,traffic_aware,1.5,8000,Fixed 1.2,1.2,-227.85838612891894,32.31958808286401,32.34136005785673,True,22.31958808286401,1.0,0.5,3254.0566911267633,3481.9150772556823,0.015475178121136366,False,True
dt_traffic_aware,dt,traffic_aware,1.5,8000,Development near-best 10pp,0.5,3254.0566911267633,7.199930137564609,7.2217021125573355,False,0.0,0.0,0.5,3254.0566911267633,0.0,0.0,True,True
dt_traffic_aware,dt,traffic_aware,1.5,8000,Development 5pp-buffer,0.5,3254.0566911267633,7.199930137564609,7.2217021125573355,False,0.0,0.0,0.5,3254.0566911267633,0.0,0.0,True,True
dt_traffic_aware,dt,traffic_aware,1.5,Full,Fixed 0.0,0.0,0.0,0.0,0.00046173078967775736,False,0.0,0.0,0.5,5244.888897507326,5244.888897507326,0.02331061732225478,True,True
dt_traffic_aware,dt,traffic_aware,1.5,Full,Fixed 0.3,0.3,3395.6346921555105,2.2533868971393645,2.253848627929042,False,0.0,0.0,0.5,5244.888897507326,1849.2542053518155,0.008218907579341402,True,True
dt_traffic_aware,dt,traffic_aware,1.5,Full,Fixed 0.5,0.5,5244.888897507326,6.547667178442663,6.548128909232341,False,0.0,0.0,0.5,5244.888897507326,0.0,0.0,True,True
dt_traffic_aware,dt,traffic_aware,1.5,Full,Fixed 0.8,0.8,3225.7342065866196,22.73373372925659,22.734195460046266,True,12.733733729256588,1.0,0.5,5244.888897507326,2019.1546909207063,0.008974020848536473,False,True
dt_traffic_aware,dt,traffic_aware,1.5,Full,Fixed 1.0,1.0,1353.6727737144447,33.77233086832887,33.77279259911855,True,23.772330868328872,1.0,0.5,5244.888897507326,3891.2161237928813,0.017294293883523916,False,True
dt_traffic_aware,dt,traffic_aware,1.5,Full,Fixed 1.2,1.2,1394.665833152043,33.541868493321616,33.542330224111296,True,23.541868493321616,1.0,0.5,5244.888897507326,3850.223064355283,0.017112102508245703,False,True
dt_traffic_aware,dt,traffic_aware,1.5,Full,Development near-best 10pp,0.5,5244.888897507326,6.547667178442663,6.548128909232341,False,0.0,0.0,0.5,5244.888897507326,0.0,0.0,True,True
dt_traffic_aware,dt,traffic_aware,1.5,Full,Development 5pp-buffer,0.5,5244.888897507326,6.547667178442663,6.548128909232341,False,0.0,0.0,0.5,5244.888897507326,0.0,0.0,True,True
dt_pid,dt,pid,0.5,500,Fixed 0.0,0.0,0.0,0.0,38.96613476032079,False,0.0,0.0,0.0,0.0,0.0,0.0,True,True
dt_pid,dt,pid,0.5,500,Fixed 0.3,0.3,-107.416110702266,4.8984749481364815,43.86460970845727,False,0.0,0.0,0.0,0.0,107.416110702266,0.0014322148093635467,True,True
dt_pid,dt,pid,0.5,500,Fixed 0.5,0.5,-235.73395822715202,9.518984269228035,48.48511902954883,False,0.0,0.0,0.0,0.0,235.73395822715202,0.0031431194430286934,True,True
dt_pid,dt,pid,0.5,500,Fixed 0.8,0.8,-748.0168364919455,23.953764492053793,62.919899252374584,True,13.953764492053793,1.0,0.0,0.0,748.0168364919455,0.009973557819892606,False,True
dt_pid,dt,pid,0.5,500,Fixed 1.0,1.0,-1057.7844715150968,29.883219723449663,68.84935448377045,True,19.883219723449663,1.0,0.0,0.0,1057.7844715150968,0.014103792953534625,False,True
dt_pid,dt,pid,0.5,500,Fixed 1.2,1.2,-1045.097332297746,29.624012371957996,68.59014713227879,True,19.624012371957996,1.0,0.0,0.0,1045.097332297746,0.013934631097303281,False,True
dt_pid,dt,pid,0.5,500,Development near-best 10pp,0.0,0.0,0.0,38.96613476032079,False,0.0,0.0,0.0,0.0,0.0,0.0,True,True
dt_pid,dt,pid,0.5,500,Development 5pp-buffer,0.0,0.0,0.0,38.96613476032079,False,0.0,0.0,0.0,0.0,0.0,0.0,True,True
dt_pid,dt,pid,0.5,2000,Fixed 0.0,0.0,0.0,0.0,7.225159624872322,False,0.0,0.0,0.0,0.0,0.0,0.0,True,True
dt_pid,dt,pid,0.5,2000,Fixed 0.3,0.3,-10.85847062857556,4.502555383265165,11.727715008137487,False,0.0,0.0,0.0,0.0,10.85847062857556,0.00014477960838100745,True,True
dt_pid,dt,pid,0.5,2000,Fixed 0.5,0.5,-159.40291203690867,9.020301314362626,16.24546093923495,False,0.0,0.0,0.0,0.0,159.40291203690867,0.0021253721604921156,True,True
dt_pid,dt,pid,0.5,2000,Fixed 0.8,0.8,-652.4002891859218,21.80893847295983,29.034098097832153,True,11.80893847295983,1.0,0.0,0.0,652.4002891859218,0.008698670522478958,False,True
dt_pid,dt,pid,0.5,2000,Fixed 1.0,1.0,-1028.6052040478498,28.189964745995315,35.41512437086764,True,18.189964745995315,1.0,0.0,0.0,1028.6052040478498,0.01371473605397133,False,True
dt_pid,dt,pid,0.5,2000,Fixed 1.2,1.2,-992.3679539303221,27.582857300374403,34.808016925246726,True,17.582857300374403,1.0,0.0,0.0,992.3679539303221,0.013231572719070961,False,True
dt_pid,dt,pid,0.5,2000,Development near-best 10pp,0.3,-10.85847062857556,4.502555383265165,11.727715008137487,False,0.0,0.0,0.0,0.0,10.85847062857556,0.00014477960838100745,True,True
dt_pid,dt,pid,0.5,2000,Development 5pp-buffer,0.0,0.0,0.0,7.225159624872322,False,0.0,0.0,0.0,0.0,0.0,0.0,True,True
dt_pid,dt,pid,0.5,8000,Fixed 0.0,0.0,0.0,0.0,2.7076422218065628,False,0.0,0.0,0.3,40.417715548351225,40.417715548351225,0.0005389028739780163,True,True
dt_pid,dt,pid,0.5,8000,Fixed 0.3,0.3,40.417715548351225,2.323537974265561,5.031180196072124,False,0.0,0.0,0.3,40.417715548351225,0.0,0.0,True,True
dt_pid,dt,pid,0.5,8000,Fixed 0.5,0.5,-128.81484257879129,8.368000603218809,11.075642825025371,False,0.0,0.0,0.3,40.417715548351225,169.2325581271425,0.0022564341083619,True,True
dt_pid,dt,pid,0.5,8000,Fixed 0.8,0.8,42.87580374726167,17.54339218525252,20.251034407059084,True,7.543392185252522,1.0,0.3,40.417715548351225,-2.4580881989104455,-3.277450931880594e-05,False,True
dt_pid,dt,pid,0.5,8000,Fixed 1.0,1.0,-376.55011248245955,23.2360408879764,25.943683109782963,True,13.2360408879764,1.0,0.3,40.417715548351225,416.9678280308108,0.00555957104041081,False,True
dt_pid,dt,pid,0.5,8000,Fixed 1.2,1.2,-343.75054775196986,22.574719665695973,25.282361887502535,True,12.574719665695973,1.0,0.3,40.417715548351225,384.1682633003211,0.005122243510670948,False,True
dt_pid,dt,pid,0.5,8000,Development near-best 10pp,0.5,-128.81484257879129,8.368000603218809,11.075642825025371,False,0.0,0.0,0.3,40.417715548351225,169.2325581271425,0.0022564341083619,True,True
dt_pid,dt,pid,0.5,8000,Development 5pp-buffer,0.0,0.0,0.0,2.7076422218065628,False,0.0,0.0,0.3,40.417715548351225,40.417715548351225,0.0005389028739780163,True,True
dt_pid,dt,pid,0.5,Full,Fixed 0.0,0.0,0.0,0.0,2.928241805811626,False,0.0,0.0,0.3,207.74487365150526,207.74487365150526,0.002769931648686737,True,True
dt_pid,dt,pid,0.5,Full,Fixed 0.3,0.3,207.74487365150526,0.8204875168670305,3.7487293226786567,False,0.0,0.0,0.3,207.74487365150526,0.0,0.0,True,True
dt_pid,dt,pid,0.5,Full,Fixed 0.5,0.5,174.4632817033562,4.786154964738831,7.714396770550457,False,0.0,0.0,0.3,207.74487365150526,33.28159194814907,0.0004437545593086543,True,True
dt_pid,dt,pid,0.5,Full,Fixed 0.8,0.8,708.5616984030412,11.77525086876258,14.703492674574207,True,1.7752508687625799,1.0,0.3,207.74487365150526,-500.81682475153593,-0.006677557663353813,False,True
dt_pid,dt,pid,0.5,Full,Fixed 1.0,1.0,186.4183195606047,19.085285772295528,22.013527578107155,True,9.085285772295528,1.0,0.3,207.74487365150526,21.326554090900572,0.00028435405454534096,False,True
dt_pid,dt,pid,0.5,Full,Fixed 1.2,1.2,237.0780832856226,18.497436707321523,21.42567851313315,True,8.497436707321523,1.0,0.3,207.74487365150526,-29.33320963411734,-0.0003911094617882312,False,True
dt_pid,dt,pid,0.5,Full,Development near-best 10pp,0.0,0.0,0.0,2.928241805811626,False,0.0,0.0,0.3,207.74487365150526,207.74487365150526,0.002769931648686737,True,True
dt_pid,dt,pid,0.5,Full,Development 5pp-buffer,0.0,0.0,0.0,2.928241805811626,False,0.0,0.0,0.3,207.74487365150526,207.74487365150526,0.002769931648686737,True,True
dt_pid,dt,pid,0.75,500,Fixed 0.0,0.0,0.0,0.0,52.58054026275094,False,0.0,0.0,0.0,0.0,0.0,0.0,True,True
dt_pid,dt,pid,0.75,500,Fixed 0.3,0.3,-139.6962504827461,3.846714820466971,56.42725508321791,False,0.0,0.0,0.0,0.0,139.6962504827461,0.0012417444487355209,True,True
dt_pid,dt,pid,0.75,500,Fixed 0.5,0.5,-288.49595900158374,7.375837421107825,59.95637768385876,False,0.0,0.0,0.0,0.0,288.49595900158374,0.002564408524458522,True,True
dt_pid,dt,pid,0.75,500,Fixed 0.8,0.8,-880.7032617723221,19.369013077455456,71.94955334020639,True,9.369013077455456,1.0,0.0,0.0,880.7032617723221,0.007828473437976196,False,True
dt_pid,dt,pid,0.75,500,Fixed 1.0,1.0,-1278.6449662927394,24.63450758746064,77.21504785021158,True,14.63450758746064,1.0,0.0,0.0,1278.6449662927394,0.011365733033713238,False,True
dt_pid,dt,pid,0.75,500,Fixed 1.2,1.2,-1265.57701523174,24.468857029496213,77.04939729224715,True,14.468857029496213,1.0,0.0,0.0,1265.57701523174,0.011249573468726577,False,True
dt_pid,dt,pid,0.75,500,Development near-best 10pp,0.0,0.0,0.0,52.58054026275094,False,0.0,0.0,0.0,0.0,0.0,0.0,True,True
dt_pid,dt,pid,0.75,500,Development 5pp-buffer,0.0,0.0,0.0,52.58054026275094,False,0.0,0.0,0.0,0.0,0.0,0.0,True,True
dt_pid,dt,pid,0.75,2000,Fixed 0.0,0.0,0.0,0.0,11.118812008843364,False,0.0,0.0,0.0,0.0,0.0,0.0,True,True
dt_pid,dt,pid,0.75,2000,Fixed 0.3,0.3,-154.55294179530574,5.994301001051923,17.113113009895287,False,0.0,0.0,0.0,0.0,154.55294179530574,0.0013738039270693844,True,True
dt_pid,dt,pid,0.75,2000,Fixed 0.5,0.5,-434.958635226616,12.143082494142586,23.26189450298595,True,2.143082494142586,1.0,0.0,0.0,434.958635226616,0.0038662989797921426,False,True
dt_pid,dt,pid,0.75,2000,Fixed 0.8,0.8,-1332.4915114171208,26.81366729803051,37.93247930687387,True,16.81366729803051,1.0,0.0,0.0,1332.4915114171208,0.011844368990374407,False,True
dt_pid,dt,pid,0.75,2000,Fixed 1.0,1.0,-1928.5913367194344,33.70354081699809,44.822352825841456,True,23.703540816998093,1.0,0.0,0.0,1928.5913367194344,0.017143034104172748,False,True
dt_pid,dt,pid,0.75,2000,Fixed 1.2,1.2,-1875.5002868148267,33.2209894037954,44.339801412638764,True,23.2209894037954,1.0,0.0,0.0,1875.5002868148267,0.016671113660576237,False,True
dt_pid,dt,pid,0.75,2000,Development near-best 10pp,0.0,0.0,0.0,11.118812008843364,False,0.0,0.0,0.0,0.0,0.0,0.0,True,True
dt_pid,dt,pid,0.75,2000,Development 5pp-buffer,0.0,0.0,0.0,11.118812008843364,False,0.0,0.0,0.0,0.0,0.0,0.0,True,True
dt_pid,dt,pid,0.75,8000,Fixed 0.0,0.0,0.0,0.0,3.460011294301172,False,0.0,0.0,0.0,0.0,0.0,0.0,True,True
dt_pid,dt,pid,0.75,8000,Fixed 0.3,0.3,-8.099469418741137,2.825497318449677,6.285508612750849,False,0.0,0.0,0.0,0.0,8.099469418741137,7.199528372214344e-05,True,True
dt_pid,dt,pid,0.75,8000,Fixed 0.5,0.5,-357.3352146764446,8.89379291815679,12.35380421245796,False,0.0,0.0,0.0,0.0,357.3352146764446,0.003176313019346174,True,True
dt_pid,dt,pid,0.75,8000,Fixed 0.8,0.8,-772.7088974512317,21.441110131818874,24.901121426120046,True,11.441110131818874,1.0,0.0,0.0,772.7088974512317,0.006868523532899837,False,True
dt_pid,dt,pid,0.75,8000,Fixed 1.0,1.0,-1547.424730271352,29.286082889497127,32.7460941837983,True,19.286082889497127,1.0,0.0,0.0,1547.424730271352,0.013754886491300907,False,True
dt_pid,dt,pid,0.75,8000,Fixed 1.2,1.2,-1443.76639611889,28.25666014743464,31.716671441735812,True,18.25666014743464,1.0,0.0,0.0,1443.76639611889,0.012833479076612355,False,True
dt_pid,dt,pid,0.75,8000,Development near-best 10pp,0.3,-8.099469418741137,2.825497318449677,6.285508612750849,False,0.0,0.0,0.0,0.0,8.099469418741137,7.199528372214344e-05,True,True
dt_pid,dt,pid,0.75,8000,Development 5pp-buffer,0.3,-8.099469418741137,2.825497318449677,6.285508612750849,False,0.0,0.0,0.0,0.0,8.099469418741137,7.199528372214344e-05,True,True
dt_pid,dt,pid,0.75,Full,Fixed 0.0,0.0,0.0,0.0,4.146719276287664,False,0.0,0.0,0.5,155.05609427337913,155.05609427337913,0.001378276393541148,True,True
dt_pid,dt,pid,0.75,Full,Fixed 0.3,0.3,119.50154295795619,2.813061077099171,6.959780353386835,False,0.0,0.0,0.5,155.05609427337913,35.55455131542294,0.0003160404561370928,True,True
dt_pid,dt,pid,0.75,Full,Fixed 0.5,0.5,155.05609427337913,4.273071814264965,8.419791090552629,False,0.0,0.0,0.5,155.05609427337913,0.0,0.0,True,True
dt_pid,dt,pid,0.75,Full,Fixed 0.8,0.8,285.0429261405552,16.643454601103116,20.790173877390778,True,6.643454601103116,1.0,0.5,155.05609427337913,-129.98683186717608,-0.0011554385054860096,False,True
dt_pid,dt,pid,0.75,Full,Fixed 1.0,1.0,-756.7229387361767,27.22279439742664,31.3695136737143,True,17.22279439742664,1.0,0.5,155.05609427337913,911.7790330095559,0.008104702515640497,False,True
dt_pid,dt,pid,0.75,Full,Fixed 1.2,1.2,-646.5043918744668,26.35333536564268,30.500054641930344,True,16.35333536564268,1.0,0.5,155.05609427337913,801.560486147846,0.007124982099091964,False,True
dt_pid,dt,pid,0.75,Full,Development near-best 10pp,0.0,0.0,0.0,4.146719276287664,False,0.0,0.0,0.5,155.05609427337913,155.05609427337913,0.001378276393541148,True,True
dt_pid,dt,pid,0.75,Full,Development 5pp-buffer,0.0,0.0,0.0,4.146719276287664,False,0.0,0.0,0.5,155.05609427337913,155.05609427337913,0.001378276393541148,True,True
dt_pid,dt,pid,1.0,500,Fixed 0.0,0.0,0.0,0.0,61.418524014898225,False,0.0,0.0,0.0,0.0,0.0,0.0,True,True
dt_pid,dt,pid,1.0,500,Fixed 0.3,0.3,-149.98725773496653,3.064920960750115,64.48344497564834,False,0.0,0.0,0.0,0.0,149.98725773496653,0.0009999150515664435,True,True
dt_pid,dt,pid,1.0,500,Fixed 0.5,0.5,-291.2082669333822,5.855032518037561,67.27355653293579,False,0.0,0.0,0.0,0.0,291.2082669333822,0.0019413884462225481,True,True
dt_pid,dt,pid,1.0,500,Fixed 0.8,0.8,-927.5182503695569,16.005410489236112,77.42393450413434,True,6.005410489236112,1.0,0.0,0.0,927.5182503695569,0.006183455002463712,False,True
dt_pid,dt,pid,1.0,500,Fixed 1.0,1.0,-1373.0917245783353,20.486893363038362,81.90541737793659,True,10.486893363038362,1.0,0.0,0.0,1373.0917245783353,0.009153944830522235,False,True
dt_pid,dt,pid,1.0,500,Fixed 1.2,1.2,-1361.1357021602612,20.37854101569117,81.7970650305894,True,10.37854101569117,1.0,0.0,0.0,1361.1357021602612,0.009074238014401742,False,True
dt_pid,dt,pid,1.0,500,Development near-best 10pp,0.0,0.0,0.0,61.418524014898225,False,0.0,0.0,0.0,0.0,0.0,0.0,True,True
dt_pid,dt,pid,1.0,500,Development 5pp-buffer,0.0,0.0,0.0,61.418524014898225,False,0.0,0.0,0.0,0.0,0.0,0.0,True,True
dt_pid,dt,pid,1.0,2000,Fixed 0.0,0.0,0.0,0.0,17.27191529883378,False,0.0,0.0,0.0,0.0,0.0,0.0,True,True
dt_pid,dt,pid,1.0,2000,Fixed 0.3,0.3,-245.5374802159713,5.9317112077381005,23.20362650657188,False,0.0,0.0,0.0,0.0,245.5374802159713,0.001636916534773142,True,True
dt_pid,dt,pid,1.0,2000,Fixed 0.5,0.5,-553.5961984486803,11.700205777239375,28.972121076073154,True,1.7002057772393755,1.0,0.0,0.0,553.5961984486803,0.003690641322991202,False,True
dt_pid,dt,pid,1.0,2000,Fixed 0.8,0.8,-1904.5305011510554,28.394992031750025,45.666907330583804,True,18.394992031750025,1.0,0.0,0.0,1904.5305011510554,0.012696870007673703,False,True
dt_pid,dt,pid,1.0,2000,Fixed 1.0,1.0,-2616.657595602722,34.985976879898615,52.25789217873239,True,24.985976879898615,1.0,0.0,0.0,2616.657595602722,0.01744438397068481,False,True
dt_pid,dt,pid,1.0,2000,Fixed 1.2,1.2,-2555.021389061626,34.496931647647884,51.76884694648166,True,24.496931647647884,1.0,0.0,0.0,2555.021389061626,0.017033475927077508,False,True
dt_pid,dt,pid,1.0,2000,Development near-best 10pp,0.0,0.0,0.0,17.27191529883378,False,0.0,0.0,0.0,0.0,0.0,0.0,True,True
dt_pid,dt,pid,1.0,2000,Development 5pp-buffer,0.0,0.0,0.0,17.27191529883378,False,0.0,0.0,0.0,0.0,0.0,0.0,True,True
dt_pid,dt,pid,1.0,8000,Fixed 0.0,0.0,0.0,0.0,4.352952719645038,False,0.0,0.0,0.3,224.52266045295983,224.52266045295983,0.0014968177363530654,True,True
dt_pid,dt,pid,1.0,8000,Fixed 0.3,0.3,224.52266045295983,4.323947118680397,8.676899838325435,False,0.0,0.0,0.3,224.52266045295983,0.0,0.0,True,True
dt_pid,dt,pid,1.0,8000,Fixed 0.5,0.5,-233.7388581029645,8.959437455979359,13.312390175624396,False,0.0,0.0,0.3,224.52266045295983,458.26151855592434,0.003055076790372829,True,True
dt_pid,dt,pid,1.0,8000,Fixed 0.8,0.8,-1212.1316289501192,22.77121992915868,27.124172648803718,True,12.77121992915868,1.0,0.3,224.52266045295983,1436.654289403079,0.009577695262687194,False,True
dt_pid,dt,pid,1.0,8000,Fixed 1.0,1.0,-2232.4814743968764,30.63321242479843,34.98616514444347,True,20.63321242479843,1.0,0.3,224.52266045295983,2457.004134849836,0.016380027565665575,False,True
dt_pid,dt,pid,1.0,8000,Fixed 1.2,1.2,-2058.8092163809943,29.392621979206787,33.745574698851826,True,19.392621979206787,1.0,0.3,224.52266045295983,2283.331876833954,0.015222212512226361,False,True
dt_pid,dt,pid,1.0,8000,Development near-best 10pp,0.0,0.0,0.0,4.352952719645038,False,0.0,0.0,0.3,224.52266045295983,224.52266045295983,0.0014968177363530654,True,True
dt_pid,dt,pid,1.0,8000,Development 5pp-buffer,0.0,0.0,0.0,4.352952719645038,False,0.0,0.0,0.3,224.52266045295983,224.52266045295983,0.0014968177363530654,True,True
dt_pid,dt,pid,1.0,Full,Fixed 0.0,0.0,0.0,0.0,4.422289364473797,False,0.0,0.0,0.3,588.4471264727599,588.4471264727599,0.003922980843151733,True,True
dt_pid,dt,pid,1.0,Full,Fixed 0.3,0.3,588.4471264727599,0.7946747326264889,5.216964097100286,False,0.0,0.0,0.3,588.4471264727599,0.0,0.0,True,True
dt_pid,dt,pid,1.0,Full,Fixed 0.5,0.5,511.95734119897315,6.543961688937444,10.966251053411241,False,0.0,0.0,0.3,588.4471264727599,76.48978527378677,0.000509931901825245,True,True
dt_pid,dt,pid,1.0,Full,Fixed 0.8,0.8,120.70877843739254,21.238934432927323,25.66122379740112,True,11.238934432927323,1.0,0.3,588.4471264727599,467.7383480353674,0.003118255653569116,False,True
dt_pid,dt,pid,1.0,Full,Fixed 1.0,1.0,-1318.2500041244148,31.66138715430209,36.08367651877589,True,21.66138715430209,1.0,0.3,588.4471264727599,1906.6971305971747,0.012711314203981165,False,True
dt_pid,dt,pid,1.0,Full,Fixed 1.2,1.2,-1085.213317265796,30.152793981826335,34.57508334630013,True,20.152793981826335,1.0,0.3,588.4471264727599,1673.6604437385558,0.011157736291590373,False,True
dt_pid,dt,pid,1.0,Full,Development near-best 10pp,0.5,511.95734119897315,6.543961688937444,10.966251053411241,False,0.0,0.0,0.3,588.4471264727599,76.48978527378677,0.000509931901825245,True,True
dt_pid,dt,pid,1.0,Full,Development 5pp-buffer,0.0,0.0,0.0,4.422289364473797,False,0.0,0.0,0.3,588.4471264727599,588.4471264727599,0.003922980843151733,True,True
dt_pid,dt,pid,1.25,500,Fixed 0.0,0.0,0.0,0.0,67.38602337496862,False,0.0,0.0,0.0,0.0,0.0,0.0,True,True
dt_pid,dt,pid,1.25,500,Fixed 0.3,0.3,-150.76611891021275,2.55947819871524,69.94550157368386,False,0.0,0.0,0.0,0.0,150.76611891021275,0.0008040859675211347,True,True
dt_pid,dt,pid,1.25,500,Fixed 0.5,0.5,-283.8069166714872,4.867000257142308,72.25302363211092,False,0.0,0.0,0.0,0.0,283.8069166714872,0.0015136368889145985,True,True
dt_pid,dt,pid,1.25,500,Fixed 0.8,0.8,-952.1908636210069,13.663627425648627,81.04965080061724,True,3.6636274256486274,1.0,0.0,0.0,952.1908636210069,0.00507835127264537,False,True
dt_pid,dt,pid,1.25,500,Fixed 1.0,1.0,-1429.8332907216363,17.537041780785742,84.92306515575436,True,7.537041780785742,1.0,0.0,0.0,1429.8332907216363,0.007625777550515394,False,True
dt_pid,dt,pid,1.25,500,Fixed 1.2,1.2,-1420.4264571610483,17.463789256322286,84.8498126312909,True,7.463789256322286,1.0,0.0,0.0,1420.4264571610483,0.0075756077715255915,False,True
dt_pid,dt,pid,1.25,500,Development near-best 10pp,0.0,0.0,0.0,67.38602337496862,False,0.0,0.0,0.0,0.0,0.0,0.0,True,True
dt_pid,dt,pid,1.25,500,Development 5pp-buffer,0.0,0.0,0.0,67.38602337496862,False,0.0,0.0,0.0,0.0,0.0,0.0,True,True
dt_pid,dt,pid,1.25,2000,Fixed 0.0,0.0,0.0,0.0,23.617390731206523,False,0.0,0.0,0.0,0.0,0.0,0.0,True,True
dt_pid,dt,pid,1.25,2000,Fixed 0.3,0.3,-331.72438344252805,5.671923217223053,29.289313948429577,False,0.0,0.0,0.0,0.0,331.72438344252805,0.001769196711693483,True,True
dt_pid,dt,pid,1.25,2000,Fixed 0.5,0.5,-713.0731049992573,11.391762655215746,35.00915338642227,True,1.3917626552157465,1.0,0.0,0.0,713.0731049992573,0.003803056559996039,False,True
dt_pid,dt,pid,1.25,2000,Fixed 0.8,0.8,-2342.1205986249424,28.092409091915098,51.70979982312162,True,18.092409091915098,1.0,0.0,0.0,2342.1205986249424,0.012491309859333026,False,True
dt_pid,dt,pid,1.25,2000,Fixed 1.0,1.0,-3225.3328928067313,34.652800992457614,58.270191723664134,True,24.652800992457614,1.0,0.0,0.0,3225.3328928067313,0.017201775428302566,False,True
dt_pid,dt,pid,1.25,2000,Fixed 1.2,1.2,-3149.4959825937513,34.16874753646813,57.78613826767466,True,24.168747536468132,1.0,0.0,0.0,3149.4959825937513,0.016797311907166674,False,True
dt_pid,dt,pid,1.25,2000,Development near-best 10pp,0.0,0.0,0.0,23.617390731206523,False,0.0,0.0,0.0,0.0,0.0,0.0,True,True
dt_pid,dt,pid,1.25,2000,Development 5pp-buffer,0.0,0.0,0.0,23.617390731206523,False,0.0,0.0,0.0,0.0,0.0,0.0,True,True
dt_pid,dt,pid,1.25,8000,Fixed 0.0,0.0,0.0,0.0,5.016809573744837,False,0.0,0.0,0.3,87.25841585664239,87.25841585664239,0.0004653782179020927,True,True
dt_pid,dt,pid,1.25,8000,Fixed 0.3,0.3,87.25841585664239,5.454791407995687,10.471600981740524,False,0.0,0.0,0.3,87.25841585664239,0.0,0.0,True,True
dt_pid,dt,pid,1.25,8000,Fixed 0.5,0.5,-449.7594349582123,10.16773883507099,15.184548408815827,True,0.16773883507099008,0.9166666666666666,0.3,87.25841585664239,537.0178508148547,0.0028640952043458914,False,True
dt_pid,dt,pid,1.25,8000,Fixed 0.8,0.8,-1581.5026732868137,24.192497764346644,29.20930733809148,True,14.192497764346644,1.0,0.3,87.25841585664239,1668.761089143456,0.008900059142098432,False,True
dt_pid,dt,pid,1.25,8000,Fixed 1.0,1.0,-2944.3317332385286,32.435839841621046,37.45264941536588,True,22.435839841621046,1.0,0.3,87.25841585664239,3031.590149095171,0.016168480795174245,False,True
dt_pid,dt,pid,1.25,8000,Fixed 1.2,1.2,-2838.317206635491,31.766622083964563,36.7834316577094,True,21.766622083964563,1.0,0.3,87.25841585664239,2925.5756224921333,0.015603069986624711,False,True
dt_pid,dt,pid,1.25,8000,Development near-best 10pp,0.3,87.25841585664239,5.454791407995687,10.471600981740524,False,0.0,0.0,0.3,87.25841585664239,0.0,0.0,True,True
dt_pid,dt,pid,1.25,8000,Development 5pp-buffer,0.3,87.25841585664239,5.454791407995687,10.471600981740524,False,0.0,0.0,0.3,87.25841585664239,0.0,0.0,True,True
dt_pid,dt,pid,1.25,Full,Fixed 0.0,0.0,0.0,0.0,4.053152895431026,False,0.0,0.0,0.3,838.3443216612905,838.3443216612905,0.004471169715526882,True,True
dt_pid,dt,pid,1.25,Full,Fixed 0.3,0.3,838.3443216612905,2.491402291887203,6.544555187318229,False,0.0,0.0,0.3,838.3443216612905,0.0,0.0,True,True
dt_pid,dt,pid,1.25,Full,Fixed 0.5,0.5,715.0264280319097,7.718168669305923,11.77132156473695,False,0.0,0.0,0.3,838.3443216612905,123.3178936293807,0.0006576954326900304,True,True
dt_pid,dt,pid,1.25,Full,Fixed 0.8,0.8,-356.24525130260736,23.622332490980575,27.6754853864116,True,13.622332490980575,1.0,0.3,838.3443216612905,1194.5895729638978,0.006371144389140789,False,True
dt_pid,dt,pid,1.25,Full,Fixed 1.0,1.0,-2412.205136071294,35.180293757348004,39.23344665277903,True,25.180293757348004,1.0,0.3,838.3443216612905,3250.5494577325844,0.017336263774573785,False,True
dt_pid,dt,pid,1.25,Full,Fixed 1.2,1.2,-2272.696562764686,34.46845735622343,38.52161025165446,True,24.468457356223432,1.0,0.3,838.3443216612905,3111.0408844259764,0.016592218050271876,False,True
dt_pid,dt,pid,1.25,Full,Development near-best 10pp,0.5,715.0264280319097,7.718168669305923,11.77132156473695,False,0.0,0.0,0.3,838.3443216612905,123.3178936293807,0.0006576954326900304,True,True
dt_pid,dt,pid,1.25,Full,Development 5pp-buffer,0.3,838.3443216612905,2.491402291887203,6.544555187318229,False,0.0,0.0,0.3,838.3443216612905,0.0,0.0,True,True
dt_pid,dt,pid,1.5,500,Fixed 0.0,0.0,0.0,0.0,71.67082791473253,False,0.0,0.0,0.0,0.0,0.0,0.0,True,True
dt_pid,dt,pid,1.5,500,Fixed 0.3,0.3,-145.5162479256951,2.1944794395123637,73.86530735424489,False,0.0,0.0,0.0,0.0,145.5162479256951,0.000646738879669756,True,True
dt_pid,dt,pid,1.5,500,Fixed 0.5,0.5,-283.5734030056374,4.231101554049417,75.90192946878194,False,0.0,0.0,0.0,0.0,283.5734030056374,0.0012603262355806106,True,True
dt_pid,dt,pid,1.5,500,Fixed 0.8,0.8,-1003.0264715116077,12.09377320212613,83.76460111685866,True,2.0937732021261297,1.0,0.0,0.0,1003.0264715116077,0.0044578954289404785,False,True
dt_pid,dt,pid,1.5,500,Fixed 1.0,1.0,-1501.0606793136353,15.486061049755762,87.15688896448829,True,5.486061049755762,1.0,0.0,0.0,1501.0606793136353,0.00667138079694949,False,True
dt_pid,dt,pid,1.5,500,Fixed 1.2,1.2,-1491.6693971571763,15.427300386830268,87.0981283015628,True,5.427300386830268,1.0,0.0,0.0,1491.6693971571763,0.006629641765143006,False,True
dt_pid,dt,pid,1.5,500,Development near-best 10pp,0.0,0.0,0.0,71.67082791473253,False,0.0,0.0,0.0,0.0,0.0,0.0,True,True
dt_pid,dt,pid,1.5,500,Development 5pp-buffer,0.0,0.0,0.0,71.67082791473253,False,0.0,0.0,0.0,0.0,0.0,0.0,True,True
dt_pid,dt,pid,1.5,2000,Fixed 0.0,0.0,0.0,0.0,29.352741143532715,False,0.0,0.0,0.0,0.0,0.0,0.0,True,True
dt_pid,dt,pid,1.5,2000,Fixed 0.3,0.3,-368.0903302760453,5.433800025144141,34.786541168676855,False,0.0,0.0,0.0,0.0,368.0903302760453,0.00163595702344909,True,True
dt_pid,dt,pid,1.5,2000,Fixed 0.5,0.5,-853.6815498428041,10.949759018719991,40.302500162252706,True,0.9497590187199911,1.0,0.0,0.0,853.6815498428041,0.003794140221523574,False,True
dt_pid,dt,pid,1.5,2000,Fixed 0.8,0.8,-2675.9084225932966,27.11541951405106,56.46816065758377,True,17.11541951405106,1.0,0.0,0.0,2675.9084225932966,0.011892926322636874,False,True
dt_pid,dt,pid,1.5,2000,Fixed 1.0,1.0,-3724.196205096554,33.685220880936896,63.03796202446961,True,23.685220880936896,1.0,0.0,0.0,3724.196205096554,0.016551983133762462,False,True
dt_pid,dt,pid,1.5,2000,Fixed 1.2,1.2,-3660.4750698323023,33.3224589091689,62.67520005270162,True,23.3224589091689,1.0,0.0,0.0,3660.4750698323023,0.016268778088143566,False,True
dt_pid,dt,pid,1.5,2000,Development near-best 10pp,0.0,0.0,0.0,29.352741143532715,False,0.0,0.0,0.0,0.0,0.0,0.0,True,True
dt_pid,dt,pid,1.5,2000,Development 5pp-buffer,0.0,0.0,0.0,29.352741143532715,False,0.0,0.0,0.0,0.0,0.0,0.0,True,True
dt_pid,dt,pid,1.5,8000,Fixed 0.0,0.0,0.0,0.0,6.453412719546065,False,0.0,0.0,0.3,37.092522277118405,37.092522277118405,0.0001648556545649707,True,True
dt_pid,dt,pid,1.5,8000,Fixed 0.3,0.3,37.092522277118405,5.158241029472465,11.61165374901853,False,0.0,0.0,0.3,37.092522277118405,0.0,0.0,True,True
dt_pid,dt,pid,1.5,8000,Fixed 0.5,0.5,-451.28469145547206,10.176140612743179,16.629553332289245,True,0.17614061274317905,0.8333333333333334,0.3,37.092522277118405,488.37721373259046,0.0021705653943670687,False,True
dt_pid,dt,pid,1.5,8000,Fixed 0.8,0.8,-1855.9129407523214,23.387821202478648,29.841233922024713,True,13.387821202478648,1.0,0.3,37.092522277118405,1893.0054630294399,0.008413357613464177,False,True
dt_pid,dt,pid,1.5,8000,Fixed 1.0,1.0,-3744.3363680641196,33.407368643683064,39.86078136322913,True,23.407368643683064,1.0,0.3,37.092522277118405,3781.428890341238,0.016806350623738836,False,True
dt_pid,dt,pid,1.5,8000,Fixed 1.2,1.2,-3577.842594245776,32.65652996205335,39.109942681599414,True,22.656529962053348,1.0,0.3,37.092522277118405,3614.9351165228945,0.01606637829565731,False,True
dt_pid,dt,pid,1.5,8000,Development near-best 10pp,0.3,37.092522277118405,5.158241029472465,11.61165374901853,False,0.0,0.0,0.3,37.092522277118405,0.0,0.0,True,True
dt_pid,dt,pid,1.5,8000,Development 5pp-buffer,0.3,37.092522277118405,5.158241029472465,11.61165374901853,False,0.0,0.0,0.3,37.092522277118405,0.0,0.0,True,True
dt_pid,dt,pid,1.5,Full,Fixed 0.0,0.0,0.0,0.0,4.309167958858099,False,0.0,0.0,0.3,1002.2791049850202,1002.2791049850202,0.004454573799933423,True,True
dt_pid,dt,pid,1.5,Full,Fixed 0.3,0.3,1002.2791049850202,2.435347407397688,6.744515366255787,False,0.0,0.0,0.3,1002.2791049850202,0.0,0.0,True,True
dt_pid,dt,pid,1.5,Full,Fixed 0.5,0.5,649.4923083103968,9.05877491780547,13.36794287666357,False,0.0,0.0,0.3,1002.2791049850202,352.7867966746235,0.001567941318553882,True,True
dt_pid,dt,pid,1.5,Full,Fixed 0.8,0.8,-1088.2782648047541,24.8672323814473,29.1764003403054,True,14.867232381447302,1.0,0.3,1002.2791049850202,2090.5573697897744,0.009291366087954552,False,True
dt_pid,dt,pid,1.5,Full,Fixed 1.0,1.0,-3712.7094946169273,37.661916651314286,41.97108461017238,True,27.661916651314286,1.0,0.3,1002.2791049850202,4714.9885996019475,0.020955504887119766,False,True
dt_pid,dt,pid,1.5,Full,Fixed 1.2,1.2,-3519.106804740097,36.79327054517964,41.102438504037735,True,26.793270545179638,1.0,0.3,1002.2791049850202,4521.385909725117,0.020095048487667185,False,True
dt_pid,dt,pid,1.5,Full,Development near-best 10pp,0.5,649.4923083103968,9.05877491780547,13.36794287666357,False,0.0,0.0,0.3,1002.2791049850202,352.7867966746235,0.001567941318553882,True,True
dt_pid,dt,pid,1.5,Full,Development 5pp-buffer,0.3,1002.2791049850202,2.435347407397688,6.744515366255787,False,0.0,0.0,0.3,1002.2791049850202,0.0,0.0,True,True
dt_dual,dt,dual,0.5,500,Fixed 0.0,0.0,0.0,0.0,31.128623168578205,False,0.0,0.0,0.0,0.0,0.0,0.0,True,True
dt_dual,dt,dual,0.5,500,Fixed 0.3,0.3,-48.336121416574315,3.2901388533393394,34.418762021917544,False,0.0,0.0,0.0,0.0,48.336121416574315,0.0006444816188876575,True,True
dt_dual,dt,dual,0.5,500,Fixed 0.5,0.5,-98.4901441629163,6.750780476362809,37.879403644941014,False,0.0,0.0,0.0,0.0,98.4901441629163,0.0013132019221722172,True,True
dt_dual,dt,dual,0.5,500,Fixed 0.8,0.8,-610.4142651367761,26.06354093791015,57.192164106488356,True,16.06354093791015,1.0,0.0,0.0,610.4142651367761,0.008138856868490347,False,True
dt_dual,dt,dual,0.5,500,Fixed 1.0,1.0,-1218.1885178535404,38.14013558935703,69.26875875793523,True,28.14013558935703,1.0,0.0,0.0,1218.1885178535404,0.016242513571380537,False,True
dt_dual,dt,dual,0.5,500,Fixed 1.2,1.2,-1205.201632732797,37.91830701938484,69.04693018796304,True,27.91830701938484,1.0,0.0,0.0,1205.201632732797,0.01606935510310396,False,True
dt_dual,dt,dual,0.5,500,Development near-best 10pp,0.0,0.0,0.0,31.128623168578205,False,0.0,0.0,0.0,0.0,0.0,0.0,True,True
dt_dual,dt,dual,0.5,500,Development 5pp-buffer,0.0,0.0,0.0,31.128623168578205,False,0.0,0.0,0.0,0.0,0.0,0.0,True,True
dt_dual,dt,dual,0.5,2000,Fixed 0.0,0.0,0.0,0.0,4.949490488633197,False,0.0,0.0,0.5,76.91607060338083,76.91607060338083,0.0010255476080450777,True,True
dt_dual,dt,dual,0.5,2000,Fixed 0.3,0.3,-74.29126839978653,3.377054335103818,8.326544823737015,False,0.0,0.0,0.5,76.91607060338083,151.20733900316736,0.0020160978533755648,True,True
dt_dual,dt,dual,0.5,2000,Fixed 0.5,0.5,76.91607060338083,5.654645781659161,10.604136270292358,False,0.0,0.0,0.5,76.91607060338083,0.0,0.0,True,True
dt_dual,dt,dual,0.5,2000,Fixed 0.8,0.8,38.06172268516548,16.390230341829053,21.33972083046225,True,6.390230341829053,1.0,0.5,76.91607060338083,38.85434791821535,0.0005180579722428713,False,True
dt_dual,dt,dual,0.5,2000,Fixed 1.0,1.0,-981.8632235046371,36.197648231306445,41.14713871993964,True,26.197648231306445,1.0,0.5,76.91607060338083,1058.779294108018,0.014117057254773573,False,True
dt_dual,dt,dual,0.5,2000,Fixed 1.2,1.2,-930.7155506159479,35.39261858702249,40.342109075655685,True,25.39261858702249,1.0,0.5,76.91607060338083,1007.6316212193287,0.013435088282924383,False,True
dt_dual,dt,dual,0.5,2000,Development near-best 10pp,0.5,76.91607060338083,5.654645781659161,10.604136270292358,False,0.0,0.0,0.5,76.91607060338083,0.0,0.0,True,True
dt_dual,dt,dual,0.5,2000,Development 5pp-buffer,0.5,76.91607060338083,5.654645781659161,10.604136270292358,False,0.0,0.0,0.5,76.91607060338083,0.0,0.0,True,True
dt_dual,dt,dual,0.5,8000,Fixed 0.0,0.0,0.0,0.0,0.5743555219067429,False,0.0,0.0,0.8,979.0080495186148,979.0080495186148,0.013053440660248198,True,True
dt_dual,dt,dual,0.5,8000,Fixed 0.3,0.3,-195.70575163818376,0.4343221791882761,1.008677701095019,False,0.0,0.0,0.8,979.0080495186148,1174.7138011567986,0.015662850682090647,True,True
dt_dual,dt,dual,0.5,8000,Fixed 0.5,0.5,368.9560808122196,2.5958199070888206,3.1701754289955635,False,0.0,0.0,0.8,979.0080495186148,610.0519687063952,0.008134026249418603,True,True
dt_dual,dt,dual,0.5,8000,Fixed 0.8,0.8,979.0080495186148,7.236043462403369,7.810398984310113,False,0.0,0.0,0.8,979.0080495186148,0.0,0.0,True,True
dt_dual,dt,dual,0.5,8000,Fixed 1.0,1.0,-205.93407598026442,33.92337705725781,34.497732579164555,True,23.92337705725781,1.0,0.8,979.0080495186148,1184.9421254988792,0.015799228339985056,False,True
dt_dual,dt,dual,0.5,8000,Fixed 1.2,1.2,-221.4582958320716,33.475862208629195,34.05021773053594,True,23.475862208629195,1.0,0.8,979.0080495186148,1200.4663453506864,0.016006217938009153,False,True
dt_dual,dt,dual,0.5,8000,Development near-best 10pp,0.8,979.0080495186148,7.236043462403369,7.810398984310113,False,0.0,0.0,0.8,979.0080495186148,0.0,0.0,True,True
dt_dual,dt,dual,0.5,8000,Development 5pp-buffer,0.5,368.9560808122196,2.5958199070888206,3.1701754289955635,False,0.0,0.0,0.8,979.0080495186148,610.0519687063952,0.008134026249418603,True,True
dt_dual,dt,dual,0.5,Full,Fixed 0.0,0.0,0.0,0.0,0.07637771924278544,False,0.0,0.0,0.8,1423.106400179734,1423.106400179734,0.018974752002396452,True,True
dt_dual,dt,dual,0.5,Full,Fixed 0.3,0.3,25.924883541394593,1.4281610548833075,1.504538774126093,False,0.0,0.0,0.8,1423.106400179734,1397.1815166383394,0.01862908688851119,True,True
dt_dual,dt,dual,0.5,Full,Fixed 0.5,0.5,447.35510281360894,0.1536377195721531,0.23001543881493855,False,0.0,0.0,0.8,1423.106400179734,975.7512973661251,0.013010017298215002,True,True
dt_dual,dt,dual,0.5,Full,Fixed 0.8,0.8,1423.106400179734,4.049805917504976,4.126183636747761,False,0.0,0.0,0.8,1423.106400179734,0.0,0.0,True,True
dt_dual,dt,dual,0.5,Full,Fixed 1.0,1.0,872.9236794992476,26.656059407692574,26.73243712693536,True,16.656059407692574,1.0,0.8,1423.106400179734,550.1827206804865,0.007335769609073153,False,True
dt_dual,dt,dual,0.5,Full,Fixed 1.2,1.2,887.649989724132,26.085868066821533,26.162245786064318,True,16.085868066821533,1.0,0.8,1423.106400179734,535.456410455602,0.007139418806074694,False,True
dt_dual,dt,dual,0.5,Full,Development near-best 10pp,0.8,1423.106400179734,4.049805917504976,4.126183636747761,False,0.0,0.0,0.8,1423.106400179734,0.0,0.0,True,True
dt_dual,dt,dual,0.5,Full,Development 5pp-buffer,0.8,1423.106400179734,4.049805917504976,4.126183636747761,False,0.0,0.0,0.8,1423.106400179734,0.0,0.0,True,True
dt_dual,dt,dual,0.75,500,Fixed 0.0,0.0,0.0,0.0,45.34624257894826,False,0.0,0.0,0.0,0.0,0.0,0.0,True,True
dt_dual,dt,dual,0.75,500,Fixed 0.3,0.3,-62.477415619167914,2.809914791812126,48.15615737076038,False,0.0,0.0,0.0,0.0,62.477415619167914,0.0005553548055037148,True,True
dt_dual,dt,dual,0.75,500,Fixed 0.5,0.5,-143.6421226475204,5.940381723920773,51.28662430286903,False,0.0,0.0,0.0,0.0,143.6421226475204,0.0012768188679779591,True,True
dt_dual,dt,dual,0.75,500,Fixed 0.8,0.8,-814.7461179616139,22.725637739719694,68.07188031866795,True,12.725637739719694,1.0,0.0,0.0,814.7461179616139,0.007242187715214346,False,True
dt_dual,dt,dual,0.75,500,Fixed 1.0,1.0,-1504.246210990536,32.0758973455543,77.42213992450256,True,22.075897345554303,1.0,0.0,0.0,1504.246210990536,0.013371077431026985,False,True
dt_dual,dt,dual,0.75,500,Fixed 1.2,1.2,-1491.6318604176054,31.925066935119226,77.27130951406748,True,21.925066935119226,1.0,0.0,0.0,1491.6318604176054,0.013258949870378714,False,True
dt_dual,dt,dual,0.75,500,Development near-best 10pp,0.0,0.0,0.0,45.34624257894826,False,0.0,0.0,0.0,0.0,0.0,0.0,True,True
dt_dual,dt,dual,0.75,500,Development 5pp-buffer,0.0,0.0,0.0,45.34624257894826,False,0.0,0.0,0.0,0.0,0.0,0.0,True,True
dt_dual,dt,dual,0.75,2000,Fixed 0.0,0.0,0.0,0.0,7.8782118860238795,False,0.0,0.0,0.0,0.0,0.0,0.0,True,True
dt_dual,dt,dual,0.75,2000,Fixed 0.3,0.3,-76.8524898954538,3.079840724366183,10.958052610390062,False,0.0,0.0,0.0,0.0,76.8524898954538,0.0006831332435151449,True,True
dt_dual,dt,dual,0.75,2000,Fixed 0.5,0.5,-13.38912224811611,5.875379954683207,13.753591840707086,False,0.0,0.0,0.0,0.0,13.38912224811611,0.0001190144199832543,True,True
dt_dual,dt,dual,0.75,2000,Fixed 0.8,0.8,-530.7559492859373,22.557562047017026,30.435773933040906,True,12.557562047017026,1.0,0.0,0.0,530.7559492859373,0.0047178306603194425,False,True
dt_dual,dt,dual,0.75,2000,Fixed 1.0,1.0,-1906.187432471358,40.2018169999128,48.08002888593668,True,30.2018169999128,1.0,0.0,0.0,1906.187432471358,0.016943888288634294,False,True
dt_dual,dt,dual,0.75,2000,Fixed 1.2,1.2,-1852.7649309526178,39.703779601380774,47.58199148740465,True,29.703779601380774,1.0,0.0,0.0,1852.7649309526178,0.016469021608467714,False,True
dt_dual,dt,dual,0.75,2000,Development near-best 10pp,0.5,-13.38912224811611,5.875379954683207,13.753591840707086,False,0.0,0.0,0.0,0.0,13.38912224811611,0.0001190144199832543,True,True
dt_dual,dt,dual,0.75,2000,Development 5pp-buffer,0.3,-76.8524898954538,3.079840724366183,10.958052610390062,False,0.0,0.0,0.0,0.0,76.8524898954538,0.0006831332435151449,True,True
dt_dual,dt,dual,0.75,8000,Fixed 0.0,0.0,0.0,0.0,1.107443691437427,False,0.0,0.0,0.8,1064.1244858058144,1064.1244858058144,0.009458884318273906,True,True
dt_dual,dt,dual,0.75,8000,Fixed 0.3,0.3,95.5432620708325,0.7682905186750082,1.8757342101124352,False,0.0,0.0,0.8,1064.1244858058144,968.5812237349819,0.008609610877644284,True,True
dt_dual,dt,dual,0.75,8000,Fixed 0.5,0.5,802.3705952312521,1.24524030694955,2.352683998386977,False,0.0,0.0,0.8,1064.1244858058144,261.7538905745623,0.002326701249551665,True,True
dt_dual,dt,dual,0.75,8000,Fixed 0.8,0.8,1064.1244858058144,9.74132650106913,10.848770192506556,False,0.0,0.4166666666666667,0.8,1064.1244858058144,0.0,0.0,True,True
dt_dual,dt,dual,0.75,8000,Fixed 1.0,1.0,-880.7859397588081,38.09134973478315,39.198793426220575,True,28.09134973478315,1.0,0.8,1064.1244858058144,1944.9104255646225,0.017288092671685535,False,True
dt_dual,dt,dual,0.75,8000,Fixed 1.2,1.2,-824.5753040286136,37.49565186102698,38.6030955524644,True,27.49565186102698,1.0,0.8,1064.1244858058144,1888.699789834428,0.016788442576306028,False,True
dt_dual,dt,dual,0.75,8000,Development near-best 10pp,0.3,95.5432620708325,0.7682905186750082,1.8757342101124352,False,0.0,0.0,0.8,1064.1244858058144,968.5812237349819,0.008609610877644284,True,True
dt_dual,dt,dual,0.75,8000,Development 5pp-buffer,0.3,95.5432620708325,0.7682905186750082,1.8757342101124352,False,0.0,0.0,0.8,1064.1244858058144,968.5812237349819,0.008609610877644284,True,True
dt_dual,dt,dual,0.75,Full,Fixed 0.0,0.0,0.0,0.0,0.3877977094866413,False,0.0,0.0,0.8,1795.7945548807784,1795.7945548807784,0.01596261826560692,True,True
dt_dual,dt,dual,0.75,Full,Fixed 0.3,0.3,75.31710123562334,-0.08830130054985053,0.29949640893679075,False,0.0,0.0,0.8,1795.7945548807784,1720.477453645155,0.015293132921290267,True,True
dt_dual,dt,dual,0.75,Full,Fixed 0.5,0.5,350.1732476427878,0.846709728777593,1.2345074382642343,False,0.0,0.0,0.8,1795.7945548807784,1445.6213072379905,0.012849967175448805,True,True
dt_dual,dt,dual,0.75,Full,Fixed 0.8,0.8,1795.7945548807784,5.826917537170877,6.2147152466575175,False,0.0,0.0,0.8,1795.7945548807784,0.0,0.0,True,True
dt_dual,dt,dual,0.75,Full,Fixed 1.0,1.0,42.82575892526802,36.33147335071753,36.71927106020417,True,26.33147335071753,1.0,0.8,1795.7945548807784,1752.9687959555104,0.01558194485293787,False,True
dt_dual,dt,dual,0.75,Full,Fixed 1.2,1.2,94.29550272397137,35.83219383484289,36.21999154432953,True,25.83219383484289,1.0,0.8,1795.7945548807784,1701.499052156807,0.015124436019171617,False,True
dt_dual,dt,dual,0.75,Full,Development near-best 10pp,0.8,1795.7945548807784,5.826917537170877,6.2147152466575175,False,0.0,0.0,0.8,1795.7945548807784,0.0,0.0,True,True
dt_dual,dt,dual,0.75,Full,Development 5pp-buffer,0.3,75.31710123562334,-0.08830130054985053,0.29949640893679075,False,0.0,0.0,0.8,1795.7945548807784,1720.477453645155,0.015293132921290267,True,True
dt_dual,dt,dual,1.0,500,Fixed 0.0,0.0,0.0,0.0,55.06359984066702,False,0.0,0.0,0.0,0.0,0.0,0.0,True,True
dt_dual,dt,dual,1.0,500,Fixed 0.3,0.3,-86.1713880772295,2.50363665034763,57.56723649101465,False,0.0,0.0,0.0,0.0,86.1713880772295,0.0005744759205148633,True,True
dt_dual,dt,dual,1.0,500,Fixed 0.5,0.5,-182.25331938961972,5.309279162099713,60.37287900276673,False,0.0,0.0,0.0,0.0,182.25331938961972,0.0012150221292641314,True,True
dt_dual,dt,dual,1.0,500,Fixed 0.8,0.8,-946.9146131402804,19.548343997667892,74.61194383833491,True,9.548343997667892,1.0,0.0,0.0,946.9146131402804,0.0063127640876018696,False,True
dt_dual,dt,dual,1.0,500,Fixed 1.0,1.0,-1662.6515223308675,26.944606456372178,82.0082062970392,True,16.944606456372178,1.0,0.0,0.0,1662.6515223308675,0.011084343482205784,False,True
dt_dual,dt,dual,1.0,500,Fixed 1.2,1.2,-1651.791336426551,26.84506848172351,81.90866832239053,True,16.84506848172351,1.0,0.0,0.0,1651.791336426551,0.011011942242843673,False,True
dt_dual,dt,dual,1.0,500,Development near-best 10pp,0.0,0.0,0.0,55.06359984066702,False,0.0,0.0,0.0,0.0,0.0,0.0,True,True
dt_dual,dt,dual,1.0,500,Development 5pp-buffer,0.0,0.0,0.0,55.06359984066702,False,0.0,0.0,0.0,0.0,0.0,0.0,True,True
dt_dual,dt,dual,1.0,2000,Fixed 0.0,0.0,0.0,0.0,12.43125142499528,False,0.0,0.0,0.0,0.0,0.0,0.0,True,True
dt_dual,dt,dual,1.0,2000,Fixed 0.3,0.3,-28.678867484361035,2.9685873838727694,15.399838808868049,False,0.0,0.0,0.0,0.0,28.678867484361035,0.00019119244989574023,True,True
dt_dual,dt,dual,1.0,2000,Fixed 0.5,0.5,-44.64621652366259,6.212405111373867,18.643656536369146,False,0.0,0.0,0.0,0.0,44.64621652366259,0.00029764144349108394,True,True
dt_dual,dt,dual,1.0,2000,Fixed 0.8,0.8,-747.8392619129063,23.4916984856171,35.92294991061238,True,13.4916984856171,1.0,0.0,0.0,747.8392619129063,0.004985595079419375,False,True
dt_dual,dt,dual,1.0,2000,Fixed 1.0,1.0,-2676.177328267867,42.07290628025012,54.504157705245404,True,32.07290628025012,1.0,0.0,0.0,2676.177328267867,0.017841182188452445,False,True
dt_dual,dt,dual,1.0,2000,Fixed 1.2,1.2,-2606.1672092034814,41.57938863990807,54.01064006490335,True,31.579388639908068,1.0,0.0,0.0,2606.1672092034814,0.017374448061356542,False,True
dt_dual,dt,dual,1.0,2000,Development near-best 10pp,0.5,-44.64621652366259,6.212405111373867,18.643656536369146,False,0.0,0.0,0.0,0.0,44.64621652366259,0.00029764144349108394,True,True
dt_dual,dt,dual,1.0,2000,Development 5pp-buffer,0.3,-28.678867484361035,2.9685873838727694,15.399838808868049,False,0.0,0.0,0.0,0.0,28.678867484361035,0.00019119244989574023,True,True
dt_dual,dt,dual,1.0,8000,Fixed 0.0,0.0,0.0,0.0,1.4133403384292178,False,0.0,0.0,0.5,480.1406284565419,480.1406284565419,0.003200937523043613,True,True
dt_dual,dt,dual,1.0,8000,Fixed 0.3,0.3,-277.8132804989,2.966949604589205,4.380289943018423,False,0.0,0.0,0.5,480.1406284565419,757.9539089554419,0.005053026059702946,True,True
dt_dual,dt,dual,1.0,8000,Fixed 0.5,0.5,480.1406284565419,3.9530655331357316,5.366405871564949,False,0.0,0.0,0.5,480.1406284565419,0.0,0.0,True,True
dt_dual,dt,dual,1.0,8000,Fixed 0.8,0.8,870.1387188234876,12.892555087529136,14.305895425958353,True,2.8925550875291357,1.0,0.5,480.1406284565419,-389.9980903669457,-0.0025999872691129713,False,True
dt_dual,dt,dual,1.0,8000,Fixed 1.0,1.0,-1957.0949226881512,41.940591492295816,43.35393183072503,True,31.940591492295816,1.0,0.5,480.1406284565419,2437.235551144693,0.016248237007631287,False,True
dt_dual,dt,dual,1.0,8000,Fixed 1.2,1.2,-1845.2436681569234,41.21540760039217,42.628747938821384,True,31.21540760039217,1.0,0.5,480.1406284565419,2325.3842966134653,0.015502561977423102,False,True
dt_dual,dt,dual,1.0,8000,Development near-best 10pp,0.5,480.1406284565419,3.9530655331357316,5.366405871564949,False,0.0,0.0,0.5,480.1406284565419,0.0,0.0,True,True
dt_dual,dt,dual,1.0,8000,Development 5pp-buffer,0.5,480.1406284565419,3.9530655331357316,5.366405871564949,False,0.0,0.0,0.5,480.1406284565419,0.0,0.0,True,True
dt_dual,dt,dual,1.0,Full,Fixed 0.0,0.0,0.0,0.0,0.13594679206954122,False,0.0,0.0,0.8,2192.3244244281123,2192.3244244281123,0.014615496162854081,True,True
dt_dual,dt,dual,1.0,Full,Fixed 0.3,0.3,-230.33860280637782,0.2651852382547659,0.4011320303243071,False,0.0,0.0,0.8,2192.3244244281123,2422.66302723449,0.016151086848229933,True,True
dt_dual,dt,dual,1.0,Full,Fixed 0.5,0.5,417.73147570425135,0.9165998551560866,1.0525466472256277,False,0.0,0.0,0.8,2192.3244244281123,1774.592948723861,0.011830619658159073,True,True
dt_dual,dt,dual,1.0,Full,Fixed 0.8,0.8,2192.3244244281123,8.78397742079146,8.919924212861002,False,0.0,0.0,0.8,2192.3244244281123,0.0,0.0,True,True
dt_dual,dt,dual,1.0,Full,Fixed 1.0,1.0,-1067.1521236932786,43.067533725378226,43.203480517447765,True,33.067533725378226,1.0,0.8,2192.3244244281123,3259.476548121391,0.021729843654142607,False,True
dt_dual,dt,dual,1.0,Full,Fixed 1.2,1.2,-974.3424019285867,42.569756513141634,42.70570330521117,True,32.569756513141634,1.0,0.8,2192.3244244281123,3166.666826356699,0.021111112175711325,False,True
dt_dual,dt,dual,1.0,Full,Development near-best 10pp,0.5,417.73147570425135,0.9165998551560866,1.0525466472256277,False,0.0,0.0,0.8,2192.3244244281123,1774.592948723861,0.011830619658159073,True,True
dt_dual,dt,dual,1.0,Full,Development 5pp-buffer,0.5,417.73147570425135,0.9165998551560866,1.0525466472256277,False,0.0,0.0,0.8,2192.3244244281123,1774.592948723861,0.011830619658159073,True,True
dt_dual,dt,dual,1.25,500,Fixed 0.0,0.0,0.0,0.0,61.96870196626589,False,0.0,0.0,0.0,0.0,0.0,0.0,True,True
dt_dual,dt,dual,1.25,500,Fixed 0.3,0.3,-99.48991583502084,2.1125118519260226,64.08121381819191,False,0.0,0.0,0.0,0.0,99.48991583502084,0.0005306128844534445,True,True
dt_dual,dt,dual,1.25,500,Fixed 0.5,0.5,-201.15084958383704,4.615412729586588,66.58411469585248,False,0.0,0.0,0.0,0.0,201.15084958383704,0.0010728045311137976,True,True
dt_dual,dt,dual,1.25,500,Fixed 0.8,0.8,-1020.262985331085,16.868744504241185,78.83744647050707,True,6.868744504241185,1.0,0.0,0.0,1020.262985331085,0.0054414025884324535,False,True
dt_dual,dt,dual,1.25,500,Fixed 1.0,1.0,-1761.914248499998,23.060122786675628,85.02882475294152,True,13.060122786675628,1.0,0.0,0.0,1761.914248499998,0.00939687599199999,False,True
dt_dual,dt,dual,1.25,500,Fixed 1.2,1.2,-1751.838791973963,22.98432836711911,84.953030333385,True,12.984328367119112,1.0,0.0,0.0,1751.838791973963,0.009343140223861136,False,True
dt_dual,dt,dual,1.25,500,Development near-best 10pp,0.0,0.0,0.0,61.96870196626589,False,0.0,0.0,0.0,0.0,0.0,0.0,True,True
dt_dual,dt,dual,1.25,500,Development 5pp-buffer,0.0,0.0,0.0,61.96870196626589,False,0.0,0.0,0.0,0.0,0.0,0.0,True,True
dt_dual,dt,dual,1.25,2000,Fixed 0.0,0.0,0.0,0.0,16.81871234507531,False,0.0,0.0,0.0,0.0,0.0,0.0,True,True
dt_dual,dt,dual,1.25,2000,Fixed 0.3,0.3,-14.902598399974522,2.99505661942635,19.81376896450166,False,0.0,0.0,0.0,0.0,14.902598399974522,7.948052479986412e-05,True,True
dt_dual,dt,dual,1.25,2000,Fixed 0.5,0.5,-59.53604601245206,6.302307890297815,23.121020235373123,False,0.0,0.0,0.0,0.0,59.53604601245206,0.00031752557873307766,True,True
dt_dual,dt,dual,1.25,2000,Fixed 0.8,0.8,-1227.7490614524686,25.532316922450374,42.35102926752568,True,15.532316922450374,1.0,0.0,0.0,1227.7490614524686,0.006547994994413166,False,True
dt_dual,dt,dual,1.25,2000,Fixed 1.0,1.0,-3453.922262926092,42.7492327016962,59.567945046771506,True,32.7492327016962,1.0,0.0,0.0,3453.922262926092,0.018420918735605824,False,True
dt_dual,dt,dual,1.25,2000,Fixed 1.2,1.2,-3375.894931927134,42.30456304800441,59.12327539307972,True,32.30456304800441,1.0,0.0,0.0,3375.894931927134,0.018004772970278048,False,True
dt_dual,dt,dual,1.25,2000,Development near-best 10pp,0.3,-14.902598399974522,2.99505661942635,19.81376896450166,False,0.0,0.0,0.0,0.0,14.902598399974522,7.948052479986412e-05,True,True
dt_dual,dt,dual,1.25,2000,Development 5pp-buffer,0.3,-14.902598399974522,2.99505661942635,19.81376896450166,False,0.0,0.0,0.0,0.0,14.902598399974522,7.948052479986412e-05,True,True
dt_dual,dt,dual,1.25,8000,Fixed 0.0,0.0,0.0,0.0,2.780914313215439,False,0.0,0.0,0.5,745.9108215515862,745.9108215515862,0.003978191048275127,True,True
dt_dual,dt,dual,1.25,8000,Fixed 0.3,0.3,240.65811573666178,1.6719983939217689,4.452912707137208,False,0.0,0.0,0.5,745.9108215515862,505.2527058149244,0.002694681097679597,True,True
dt_dual,dt,dual,1.25,8000,Fixed 0.5,0.5,745.9108215515862,4.1610376883407465,6.941952001556185,False,0.0,0.0,0.5,745.9108215515862,0.0,0.0,True,True
dt_dual,dt,dual,1.25,8000,Fixed 0.8,0.8,989.0194325361881,14.02257226578787,16.80348657900331,True,4.02257226578787,1.0,0.5,745.9108215515862,-243.1086109846019,-0.0012965792585845435,False,True
dt_dual,dt,dual,1.25,8000,Fixed 1.0,1.0,-2744.510220414173,42.822954043091215,45.603868356306656,True,32.822954043091215,1.0,0.5,745.9108215515862,3490.4210419657593,0.01861557889048405,False,True
dt_dual,dt,dual,1.25,8000,Fixed 1.2,1.2,-2620.253504740269,42.22060198575289,45.00151629896833,True,32.22060198575289,1.0,0.5,745.9108215515862,3366.164326291855,0.017952876406889893,False,True
dt_dual,dt,dual,1.25,8000,Development near-best 10pp,0.5,745.9108215515862,4.1610376883407465,6.941952001556185,False,0.0,0.0,0.5,745.9108215515862,0.0,0.0,True,True
dt_dual,dt,dual,1.25,8000,Development 5pp-buffer,0.5,745.9108215515862,4.1610376883407465,6.941952001556185,False,0.0,0.0,0.5,745.9108215515862,0.0,0.0,True,True
dt_dual,dt,dual,1.25,Full,Fixed 0.0,0.0,0.0,0.0,0.6613053325985132,False,0.0,0.0,0.8,3150.3998989503816,3150.3998989503816,0.016802132794402035,True,True
dt_dual,dt,dual,1.25,Full,Fixed 0.3,0.3,482.39531219001765,0.8908414456201368,1.55214677821865,False,0.0,0.0,0.8,3150.3998989503816,2668.004586760364,0.014229357796055275,True,True
dt_dual,dt,dual,1.25,Full,Fixed 0.5,0.5,660.077720695821,2.9192615004059044,3.5805668330044176,False,0.0,0.0,0.8,3150.3998989503816,2490.3221782545606,0.013281718284024323,True,True
dt_dual,dt,dual,1.25,Full,Fixed 0.8,0.8,3150.3998989503816,8.931477894804413,9.592783227402926,False,0.0,0.0,0.8,3150.3998989503816,0.0,0.0,True,True
dt_dual,dt,dual,1.25,Full,Fixed 1.0,1.0,-1405.5390729476512,45.548719610112194,46.21002494271071,True,35.548719610112194,1.0,0.8,3150.3998989503816,4555.938971898033,0.024298341183456175,False,True
dt_dual,dt,dual,1.25,Full,Fixed 1.2,1.2,-1401.12455364372,45.15322804882456,45.814533381423075,True,35.15322804882456,1.0,0.8,3150.3998989503816,4551.524452594102,0.024274797080501877,False,True
dt_dual,dt,dual,1.25,Full,Development near-best 10pp,0.3,482.39531219001765,0.8908414456201368,1.55214677821865,False,0.0,0.0,0.8,3150.3998989503816,2668.004586760364,0.014229357796055275,True,True
dt_dual,dt,dual,1.25,Full,Development 5pp-buffer,0.3,482.39531219001765,0.8908414456201368,1.55214677821865,False,0.0,0.0,0.8,3150.3998989503816,2668.004586760364,0.014229357796055275,True,True
dt_dual,dt,dual,1.5,500,Fixed 0.0,0.0,0.0,0.0,67.01483258847384,False,0.0,0.0,0.0,0.0,0.0,0.0,True,True
dt_dual,dt,dual,1.5,500,Fixed 0.3,0.3,-103.04957926764291,1.892830051838601,68.90766264031244,False,0.0,0.0,0.0,0.0,103.04957926764291,0.0004579981300784129,True,True
dt_dual,dt,dual,1.5,500,Fixed 0.5,0.5,-208.42472225978145,4.094697107470324,71.10952969594416,False,0.0,0.0,0.0,0.0,208.42472225978145,0.000926332098932362,True,True
dt_dual,dt,dual,1.5,500,Fixed 0.8,0.8,-1078.5738949511647,14.889639072325409,81.90447166079925,True,4.889639072325409,1.0,0.0,0.0,1078.5738949511647,0.00479366175533851,False,True
dt_dual,dt,dual,1.5,500,Fixed 1.0,1.0,-1836.4130775746512,20.182292510732523,87.19712509920636,True,10.182292510732523,1.0,0.0,0.0,1836.4130775746512,0.008161835900331782,False,True
dt_dual,dt,dual,1.5,500,Fixed 1.2,1.2,-1827.0214671217018,20.12516752653555,87.14000011500939,True,10.125167526535549,1.0,0.0,0.0,1827.0214671217018,0.008120095409429786,False,True
dt_dual,dt,dual,1.5,500,Development near-best 10pp,0.0,0.0,0.0,67.01483258847384,False,0.0,0.0,0.0,0.0,0.0,0.0,True,True
dt_dual,dt,dual,1.5,500,Development 5pp-buffer,0.0,0.0,0.0,67.01483258847384,False,0.0,0.0,0.0,0.0,0.0,0.0,True,True
dt_dual,dt,dual,1.5,2000,Fixed 0.0,0.0,0.0,0.0,21.728404496885375,False,0.0,0.0,0.0,0.0,0.0,0.0,True,True
dt_dual,dt,dual,1.5,2000,Fixed 0.3,0.3,-96.62410801578517,3.098026798385348,24.826431295270723,False,0.0,0.0,0.0,0.0,96.62410801578517,0.0004294404800701563,True,True
dt_dual,dt,dual,1.5,2000,Fixed 0.5,0.5,-221.25360954818643,6.440870864387211,28.169275361272586,False,0.0,0.0,0.0,0.0,221.25360954818643,0.0009833493757697175,True,True
dt_dual,dt,dual,1.5,2000,Fixed 0.8,0.8,-1709.2633706302258,26.64115076657543,48.3695552634608,True,16.64115076657543,1.0,0.0,0.0,1709.2633706302258,0.0075967260916898925,False,True
dt_dual,dt,dual,1.5,2000,Fixed 1.0,1.0,-4092.9536412823436,42.08637230064637,63.81477679753174,True,32.08637230064637,1.0,0.0,0.0,4092.9536412823436,0.01819090507236597,False,True
dt_dual,dt,dual,1.5,2000,Fixed 1.2,1.2,-4030.1473002417442,41.78314034173401,63.511544838619386,True,31.78314034173401,1.0,0.0,0.0,4030.1473002417442,0.017911765778852198,False,True
dt_dual,dt,dual,1.5,2000,Development near-best 10pp,0.0,0.0,0.0,21.728404496885375,False,0.0,0.0,0.0,0.0,0.0,0.0,True,True
dt_dual,dt,dual,1.5,2000,Development 5pp-buffer,0.0,0.0,0.0,21.728404496885375,False,0.0,0.0,0.0,0.0,0.0,0.0,True,True
dt_dual,dt,dual,1.5,8000,Fixed 0.0,0.0,0.0,0.0,3.5986448493770014,False,0.0,0.0,0.5,702.2805482925687,702.2805482925687,0.0031212468813003056,True,True
dt_dual,dt,dual,1.5,8000,Fixed 0.3,0.3,266.59075818328347,2.536846382564699,6.1354912319417005,False,0.0,0.0,0.5,702.2805482925687,435.68979010928524,0.0019363990671523788,True,True
dt_dual,dt,dual,1.5,8000,Fixed 0.5,0.5,702.2805482925687,4.712417522590663,8.311062371967664,False,0.0,0.0,0.5,702.2805482925687,0.0,0.0,True,True
dt_dual,dt,dual,1.5,8000,Fixed 0.8,0.8,856.3003880870529,17.13345631931978,20.732101168696783,True,7.13345631931978,1.0,0.5,702.2805482925687,-154.01983979448414,-0.0006845326213088184,False,True
dt_dual,dt,dual,1.5,8000,Fixed 1.0,1.0,-3172.306240073007,42.706422024659126,46.30506687403613,True,32.706422024659126,1.0,0.5,702.2805482925687,3874.5867883655756,0.017220385726069223,False,True
dt_dual,dt,dual,1.5,8000,Fixed 1.2,1.2,-3052.9388532791218,42.052692751337005,45.65133760071401,True,32.052692751337005,1.0,0.5,702.2805482925687,3755.2194015716905,0.01668986400698529,False,True
dt_dual,dt,dual,1.5,8000,Development near-best 10pp,0.5,702.2805482925687,4.712417522590663,8.311062371967664,False,0.0,0.0,0.5,702.2805482925687,0.0,0.0,True,True
dt_dual,dt,dual,1.5,8000,Development 5pp-buffer,0.5,702.2805482925687,4.712417522590663,8.311062371967664,False,0.0,0.0,0.5,702.2805482925687,0.0,0.0,True,True
dt_dual,dt,dual,1.5,Full,Fixed 0.0,0.0,0.0,0.0,1.5826306440985292,False,0.0,0.0,0.5,965.3138008975548,965.3138008975548,0.004290283559544688,True,True
dt_dual,dt,dual,1.5,Full,Fixed 0.3,0.3,147.7831539030667,0.5260462882851971,2.108676932383726,False,0.0,0.0,0.5,965.3138008975548,817.530646994488,0.0036334695421977245,True,True
dt_dual,dt,dual,1.5,Full,Fixed 0.5,0.5,965.3138008975548,2.5153808555094965,4.098011499608026,False,0.0,0.0,0.5,965.3138008975548,0.0,0.0,True,True
dt_dual,dt,dual,1.5,Full,Fixed 0.8,0.8,3092.4984056825815,11.14322636035877,12.7258570044573,True,1.1432263603587707,1.0,0.5,965.3138008975548,-2127.1846047850267,-0.009454153799044563,False,True
dt_dual,dt,dual,1.5,Full,Fixed 1.0,1.0,-2576.0571733282177,47.22623768550746,48.80886832960599,True,37.22623768550746,1.0,0.5,965.3138008975548,3541.3709742257724,0.015739426552114546,False,True
dt_dual,dt,dual,1.5,Full,Fixed 1.2,1.2,-2249.922161878767,45.920103676611646,47.502734320710175,True,35.920103676611646,1.0,0.5,965.3138008975548,3215.2359627763217,0.014289937612339208,False,True
dt_dual,dt,dual,1.5,Full,Development near-best 10pp,0.3,147.7831539030667,0.5260462882851971,2.108676932383726,False,0.0,0.0,0.5,965.3138008975548,817.530646994488,0.0036334695421977245,True,True
dt_dual,dt,dual,1.5,Full,Development 5pp-buffer,0.3,147.7831539030667,0.5260462882851971,2.108676932383726,False,0.0,0.0,0.5,965.3138008975548,817.530646994488,0.0036334695421977245,True,True
sembid_traffic_aware,sembid,traffic_aware,0.5,500,Fixed 0.0,0.0,0.0,0.0,21.668566835590116,False,0.0,0.0,0.0,0.0,0.0,0.0,True,True
sembid_traffic_aware,sembid,traffic_aware,0.5,500,Fixed 0.3,0.3,-7.62483316581438,3.107277193249157,24.775844028839273,False,0.0,0.0,0.0,0.0,7.62483316581438,0.00010166444221085839,True,True
sembid_traffic_aware,sembid,traffic_aware,0.5,500,Fixed 0.5,0.5,-80.54222628770731,7.062550803779061,28.731117639369177,False,0.0,0.0,0.0,0.0,80.54222628770731,0.0010738963505027641,True,True
sembid_traffic_aware,sembid,traffic_aware,0.5,500,Fixed 0.8,0.8,-772.8150403920176,30.6097842637172,52.278351099307315,True,20.6097842637172,1.0,0.0,0.0,772.8150403920176,0.010304200538560236,False,True
sembid_traffic_aware,sembid,traffic_aware,0.5,500,Fixed 1.0,1.0,-2756.934794996364,68.62532843187188,90.29389526746199,True,58.62532843187188,1.0,0.0,0.0,2756.934794996364,0.03675913059995152,False,True
sembid_traffic_aware,sembid,traffic_aware,0.5,500,Fixed 1.2,1.2,-2756.516060376825,68.6187512242806,90.28731805987071,True,58.6187512242806,1.0,0.0,0.0,2756.516060376825,0.036753547471690996,False,True
sembid_traffic_aware,sembid,traffic_aware,0.5,500,Development near-best 10pp,0.0,0.0,0.0,21.668566835590116,False,0.0,0.0,0.0,0.0,0.0,0.0,True,True
sembid_traffic_aware,sembid,traffic_aware,0.5,500,Development 5pp-buffer,0.0,0.0,0.0,21.668566835590116,False,0.0,0.0,0.0,0.0,0.0,0.0,True,True
sembid_traffic_aware,sembid,traffic_aware,0.5,2000,Fixed 0.0,0.0,0.0,0.0,0.14628163956996126,False,0.0,0.0,0.3,479.1576738815329,479.1576738815329,0.006388768985087105,True,True
sembid_traffic_aware,sembid,traffic_aware,0.5,2000,Fixed 0.3,0.3,479.1576738815329,4.060756347501228,4.20703798707119,False,0.0,0.0,0.3,479.1576738815329,0.0,0.0,True,True
sembid_traffic_aware,sembid,traffic_aware,0.5,2000,Fixed 0.5,0.5,352.94716138132026,11.454269739160363,11.600551378730325,True,1.4542697391603632,1.0,0.3,479.1576738815329,126.21051250021264,0.0016828068333361685,False,True
sembid_traffic_aware,sembid,traffic_aware,0.5,2000,Fixed 0.8,0.8,-770.3063392998256,34.449035470684144,34.59531711025411,True,24.449035470684144,1.0,0.3,479.1576738815329,1249.4640131813585,0.016659520175751445,False,True
sembid_traffic_aware,sembid,traffic_aware,0.5,2000,Fixed 1.0,1.0,-2695.602413375063,70.28014523547951,70.42642687504947,True,60.28014523547951,1.0,0.3,479.1576738815329,3174.760087256596,0.04233013449675461,False,True
sembid_traffic_aware,sembid,traffic_aware,0.5,2000,Fixed 1.2,1.2,-2695.9578922256196,70.28315926100812,70.42944090057809,True,60.28315926100812,1.0,0.3,479.1576738815329,3175.1155661071525,0.042334874214762036,False,True
sembid_traffic_aware,sembid,traffic_aware,0.5,2000,Development near-best 10pp,0.5,352.94716138132026,11.454269739160363,11.600551378730325,True,1.4542697391603632,1.0,0.3,479.1576738815329,126.21051250021264,0.0016828068333361685,False,True
sembid_traffic_aware,sembid,traffic_aware,0.5,2000,Development 5pp-buffer,0.3,479.1576738815329,4.060756347501228,4.20703798707119,False,0.0,0.0,0.3,479.1576738815329,0.0,0.0,True,True
sembid_traffic_aware,sembid,traffic_aware,0.5,8000,Fixed 0.0,0.0,0.0,0.0,0.0016658198026173827,False,0.0,0.0,0.3,1474.2741249176252,1474.2741249176252,0.019656988332235004,True,True
sembid_traffic_aware,sembid,traffic_aware,0.5,8000,Fixed 0.3,0.3,1474.2741249176252,3.9879219451166037,3.989587764919221,False,0.0,0.0,0.3,1474.2741249176252,0.0,0.0,True,True
sembid_traffic_aware,sembid,traffic_aware,0.5,8000,Fixed 0.5,0.5,1709.8265734397319,13.946118121066435,13.947783940869053,True,3.9461181210664353,1.0,0.3,1474.2741249176252,-235.55244852210672,-0.0031406993136280895,False,True
sembid_traffic_aware,sembid,traffic_aware,0.5,8000,Fixed 0.8,0.8,1377.067686014684,28.890471889163248,28.892137708965866,True,18.890471889163248,1.0,0.3,1474.2741249176252,97.20643890294104,0.001296085852039214,False,True
sembid_traffic_aware,sembid,traffic_aware,0.5,8000,Fixed 1.0,1.0,870.7234601075716,37.955538565624764,37.95720438542738,True,27.955538565624764,1.0,0.3,1474.2741249176252,603.5506648100536,0.008047342197467382,False,True
sembid_traffic_aware,sembid,traffic_aware,0.5,8000,Fixed 1.2,1.2,876.1752852319441,37.91113527577968,37.912801095582296,True,27.911135275779678,1.0,0.3,1474.2741249176252,598.098839685681,0.00797465119580908,False,True
sembid_traffic_aware,sembid,traffic_aware,0.5,8000,Development near-best 10pp,0.5,1709.8265734397319,13.946118121066435,13.947783940869053,True,3.9461181210664353,1.0,0.3,1474.2741249176252,-235.55244852210672,-0.0031406993136280895,False,True
sembid_traffic_aware,sembid,traffic_aware,0.5,8000,Development 5pp-buffer,0.3,1474.2741249176252,3.9879219451166037,3.989587764919221,False,0.0,0.0,0.3,1474.2741249176252,0.0,0.0,True,True
sembid_traffic_aware,sembid,traffic_aware,0.5,Full,Fixed 0.0,0.0,0.0,0.0,0.0016924030249841357,False,0.0,0.0,0.5,2338.225161944706,2338.225161944706,0.03117633549259608,True,True
sembid_traffic_aware,sembid,traffic_aware,0.5,Full,Fixed 0.3,0.3,1849.1933212168924,3.0206306213074905,3.022323024332475,False,0.0,0.0,0.5,2338.225161944706,489.0318407278137,0.0065204245430375155,True,True
sembid_traffic_aware,sembid,traffic_aware,0.5,Full,Fixed 0.5,0.5,2338.225161944706,9.332045354518685,9.33373775754367,False,0.0,0.0,0.5,2338.225161944706,0.0,0.0,True,True
sembid_traffic_aware,sembid,traffic_aware,0.5,Full,Fixed 0.8,0.8,2365.42457597663,24.733399254410365,24.735091657435348,True,14.733399254410365,1.0,0.5,2338.225161944706,-27.19941403192388,-0.0003626588537589851,False,True
sembid_traffic_aware,sembid,traffic_aware,0.5,Full,Fixed 1.0,1.0,2337.6740493274174,25.33220607943806,25.33389848246304,True,15.332206079438059,1.0,0.5,2338.225161944706,0.5511126172887089,7.348168230516118e-06,False,True
sembid_traffic_aware,sembid,traffic_aware,0.5,Full,Fixed 1.2,1.2,2341.5755195101046,25.308642838685934,25.310335241710916,True,15.308642838685934,1.0,0.5,2338.225161944706,-3.3503575653985536,-4.4671434205314044e-05,False,True
sembid_traffic_aware,sembid,traffic_aware,0.5,Full,Development near-best 10pp,0.5,2338.225161944706,9.332045354518685,9.33373775754367,False,0.0,0.0,0.5,2338.225161944706,0.0,0.0,True,True
sembid_traffic_aware,sembid,traffic_aware,0.5,Full,Development 5pp-buffer,0.3,1849.1933212168924,3.0206306213074905,3.022323024332475,False,0.0,0.0,0.5,2338.225161944706,489.0318407278137,0.0065204245430375155,True,True
sembid_traffic_aware,sembid,traffic_aware,0.75,500,Fixed 0.0,0.0,0.0,0.0,37.27164641335846,False,0.0,0.0,0.0,0.0,0.0,0.0,True,True
sembid_traffic_aware,sembid,traffic_aware,0.75,500,Fixed 0.3,0.3,-15.528359387078126,2.28561094758642,39.55725736094488,False,0.0,0.0,0.0,0.0,15.528359387078126,0.00013802986121847223,True,True
sembid_traffic_aware,sembid,traffic_aware,0.75,500,Fixed 0.5,0.5,-136.05128211176725,5.792324741135111,43.06397115449357,False,0.0,0.0,0.0,0.0,136.05128211176725,0.0012093447298823755,True,True
sembid_traffic_aware,sembid,traffic_aware,0.75,500,Fixed 0.8,0.8,-910.1192098095389,24.82946901652126,62.10111542987972,True,14.829469016521259,1.0,0.0,0.0,910.1192098095389,0.008089948531640346,False,True
sembid_traffic_aware,sembid,traffic_aware,0.75,500,Fixed 1.0,1.0,-3302.867018426583,56.03032794981173,93.30197436317019,True,46.03032794981173,1.0,0.0,0.0,3302.867018426583,0.029358817941569627,False,True
sembid_traffic_aware,sembid,traffic_aware,0.75,500,Fixed 1.2,1.2,-3302.442630756972,56.02576875155801,93.29741516491647,True,46.02576875155801,1.0,0.0,0.0,3302.442630756972,0.02935504560672864,False,True
sembid_traffic_aware,sembid,traffic_aware,0.75,500,Development near-best 10pp,0.0,0.0,0.0,37.27164641335846,False,0.0,0.0,0.0,0.0,0.0,0.0,True,True
sembid_traffic_aware,sembid,traffic_aware,0.75,500,Development 5pp-buffer,0.0,0.0,0.0,37.27164641335846,False,0.0,0.0,0.0,0.0,0.0,0.0,True,True
sembid_traffic_aware,sembid,traffic_aware,0.75,2000,Fixed 0.0,0.0,0.0,0.0,1.2951711430695552,False,0.0,0.0,0.3,370.3890503019902,370.3890503019902,0.0032923471137954684,True,True
sembid_traffic_aware,sembid,traffic_aware,0.75,2000,Fixed 0.3,0.3,370.3890503019902,3.44936259738885,4.744533740458405,False,0.0,0.0,0.3,370.3890503019902,0.0,0.0,True,True
sembid_traffic_aware,sembid,traffic_aware,0.75,2000,Fixed 0.5,0.5,220.62477591442803,9.365693365421517,10.660864508491073,False,0.0,0.0,0.3,370.3890503019902,149.76427438756218,0.0013312379945561083,True,True
sembid_traffic_aware,sembid,traffic_aware,0.75,2000,Fixed 0.8,0.8,-1293.8501568972442,34.13988655628825,35.435057699357806,True,24.139886556288253,1.0,0.3,370.3890503019902,1664.2392071992344,0.014793237397326528,False,True
sembid_traffic_aware,sembid,traffic_aware,0.75,2000,Fixed 1.0,1.0,-4750.159252425008,76.77315607203795,78.0683272151075,True,66.77315607203795,1.0,0.3,370.3890503019902,5120.548302726998,0.045515984913128874,False,True
sembid_traffic_aware,sembid,traffic_aware,0.75,2000,Fixed 1.2,1.2,-4750.159252425008,76.77315607203795,78.0683272151075,True,66.77315607203795,1.0,0.3,370.3890503019902,5120.548302726998,0.045515984913128874,False,True
sembid_traffic_aware,sembid,traffic_aware,0.75,2000,Development near-best 10pp,0.3,370.3890503019902,3.44936259738885,4.744533740458405,False,0.0,0.0,0.3,370.3890503019902,0.0,0.0,True,True
sembid_traffic_aware,sembid,traffic_aware,0.75,2000,Development 5pp-buffer,0.3,370.3890503019902,3.44936259738885,4.744533740458405,False,0.0,0.0,0.3,370.3890503019902,0.0,0.0,True,True
sembid_traffic_aware,sembid,traffic_aware,0.75,8000,Fixed 0.0,0.0,0.0,0.0,0.007819085749026811,False,0.0,0.0,0.3,1726.8414537551016,1726.8414537551016,0.015349701811156458,True,True
sembid_traffic_aware,sembid,traffic_aware,0.75,8000,Fixed 0.3,0.3,1726.8414537551016,4.0265287528880895,4.0343478386371165,False,0.0,0.0,0.3,1726.8414537551016,0.0,0.0,True,True
sembid_traffic_aware,sembid,traffic_aware,0.75,8000,Fixed 0.5,0.5,2250.4247071256723,13.751806837350498,13.759625923099525,True,3.7518068373504985,1.0,0.3,1726.8414537551016,-523.5832533705707,-0.004654073363293962,False,True
sembid_traffic_aware,sembid,traffic_aware,0.75,8000,Fixed 0.8,0.8,810.7526362141252,34.733705079079876,34.7415241648289,True,24.733705079079876,1.0,0.3,1726.8414537551016,916.0888175409764,0.008143011711475346,False,True
sembid_traffic_aware,sembid,traffic_aware,0.75,8000,Fixed 1.0,1.0,-257.8018075618438,47.90194961856189,47.90976870431092,True,37.90194961856189,1.0,0.3,1726.8414537551016,1984.6432613169454,0.017641273433928403,False,True
sembid_traffic_aware,sembid,traffic_aware,0.75,8000,Fixed 1.2,1.2,-257.0323809713027,47.897243226994235,47.90506231274326,True,37.897243226994235,1.0,0.3,1726.8414537551016,1983.8738347264043,0.017634434086456926,False,True
sembid_traffic_aware,sembid,traffic_aware,0.75,8000,Development near-best 10pp,0.5,2250.4247071256723,13.751806837350498,13.759625923099525,True,3.7518068373504985,1.0,0.3,1726.8414537551016,-523.5832533705707,-0.004654073363293962,False,True
sembid_traffic_aware,sembid,traffic_aware,0.75,8000,Development 5pp-buffer,0.3,1726.8414537551016,4.0265287528880895,4.0343478386371165,False,0.0,0.0,0.3,1726.8414537551016,0.0,0.0,True,True
sembid_traffic_aware,sembid,traffic_aware,0.75,Full,Fixed 0.0,0.0,0.0,0.0,0.0010694643236735526,False,0.0,0.0,0.3,2626.5696770765335,2626.5696770765335,0.023347286018458074,True,True
sembid_traffic_aware,sembid,traffic_aware,0.75,Full,Fixed 0.3,0.3,2626.5696770765335,3.4533000820636905,3.454369546387364,False,0.0,0.0,0.3,2626.5696770765335,0.0,0.0,True,True
sembid_traffic_aware,sembid,traffic_aware,0.75,Full,Fixed 0.5,0.5,3145.8320272854235,12.784952905187351,12.786022369511025,True,2.7849529051873514,1.0,0.3,2626.5696770765335,-519.26235020889,-0.004615665335190133,False,True
sembid_traffic_aware,sembid,traffic_aware,0.75,Full,Fixed 0.8,0.8,3277.0527800027485,23.103778230238852,23.104847694562526,True,13.103778230238852,1.0,0.3,2626.5696770765335,-650.483102926215,-0.0057820720260108,False,True
sembid_traffic_aware,sembid,traffic_aware,0.75,Full,Fixed 1.0,1.0,2284.9976912899383,35.769002337645325,35.770071801968996,True,25.769002337645325,1.0,0.3,2626.5696770765335,341.5719857865952,0.003036195429214179,False,True
sembid_traffic_aware,sembid,traffic_aware,0.75,Full,Fixed 1.2,1.2,2285.00028804841,35.7682564324676,35.76932589679127,True,25.768256432467602,1.0,0.3,2626.5696770765335,341.5693890281236,0.0030361723469166544,False,True
sembid_traffic_aware,sembid,traffic_aware,0.75,Full,Development near-best 10pp,0.5,3145.8320272854235,12.784952905187351,12.786022369511025,True,2.7849529051873514,1.0,0.3,2626.5696770765335,-519.26235020889,-0.004615665335190133,False,True
sembid_traffic_aware,sembid,traffic_aware,0.75,Full,Development 5pp-buffer,0.3,2626.5696770765335,3.4533000820636905,3.454369546387364,False,0.0,0.0,0.3,2626.5696770765335,0.0,0.0,True,True
sembid_traffic_aware,sembid,traffic_aware,1.0,500,Fixed 0.0,0.0,0.0,0.0,47.905919171932815,False,0.0,0.0,0.0,0.0,0.0,0.0,True,True
sembid_traffic_aware,sembid,traffic_aware,1.0,500,Fixed 0.3,0.3,-2.516534854459678,1.9012766168897315,49.80719578882255,False,0.0,0.0,0.0,0.0,2.516534854459678,1.6776899029731188e-05,True,True
sembid_traffic_aware,sembid,traffic_aware,1.0,500,Fixed 0.5,0.5,-90.7938620308314,3.8905845476871335,51.79650371961995,False,0.0,0.0,0.0,0.0,90.7938620308314,0.000605292413538876,True,True
sembid_traffic_aware,sembid,traffic_aware,1.0,500,Fixed 0.8,0.8,-964.3104374848294,20.891247604858386,68.7971667767912,True,10.891247604858386,1.0,0.0,0.0,964.3104374848294,0.006428736249898863,False,True
sembid_traffic_aware,sembid,traffic_aware,1.0,500,Fixed 1.0,1.0,-3628.8570258416266,46.99358529443696,94.89950446636978,True,36.99358529443696,1.0,0.0,0.0,3628.8570258416266,0.02419238017227751,False,True
sembid_traffic_aware,sembid,traffic_aware,1.0,500,Fixed 1.2,1.2,-3628.400279102133,46.98990969024309,94.8958288621759,True,36.98990969024309,1.0,0.0,0.0,3628.400279102133,0.02418933519401422,False,True
sembid_traffic_aware,sembid,traffic_aware,1.0,500,Development near-best 10pp,0.0,0.0,0.0,47.905919171932815,False,0.0,0.0,0.0,0.0,0.0,0.0,True,True
sembid_traffic_aware,sembid,traffic_aware,1.0,500,Development 5pp-buffer,0.0,0.0,0.0,47.905919171932815,False,0.0,0.0,0.0,0.0,0.0,0.0,True,True
sembid_traffic_aware,sembid,traffic_aware,1.0,2000,Fixed 0.0,0.0,0.0,0.0,4.331694776402151,False,0.0,0.0,0.3,254.52854737620873,254.52854737620873,0.0016968569825080583,True,True
sembid_traffic_aware,sembid,traffic_aware,1.0,2000,Fixed 0.3,0.3,254.52854737620873,3.1706883464713025,7.502383122873454,False,0.0,0.0,0.3,254.52854737620873,0.0,0.0,True,True
sembid_traffic_aware,sembid,traffic_aware,1.0,2000,Fixed 0.5,0.5,-10.528451283207687,8.581141194430163,12.912835970832313,False,0.0,0.0,0.3,254.52854737620873,265.0569986594164,0.0017670466577294427,True,True
sembid_traffic_aware,sembid,traffic_aware,1.0,2000,Fixed 0.8,0.8,-1689.4565679509833,32.97698370690391,37.30867848330606,True,22.97698370690391,1.0,0.3,254.52854737620873,1943.985115327192,0.012959900768847947,False,True
sembid_traffic_aware,sembid,traffic_aware,1.0,2000,Fixed 1.0,1.0,-6527.569739862911,78.2382460620381,82.56994083844025,True,68.2382460620381,1.0,0.3,254.52854737620873,6782.09828723912,0.04521398858159413,False,True
sembid_traffic_aware,sembid,traffic_aware,1.0,2000,Fixed 1.2,1.2,-6527.569739862911,78.2382460620381,82.56994083844025,True,68.2382460620381,1.0,0.3,254.52854737620873,6782.09828723912,0.04521398858159413,False,True
sembid_traffic_aware,sembid,traffic_aware,1.0,2000,Development near-best 10pp,0.3,254.52854737620873,3.1706883464713025,7.502383122873454,False,0.0,0.0,0.3,254.52854737620873,0.0,0.0,True,True
sembid_traffic_aware,sembid,traffic_aware,1.0,2000,Development 5pp-buffer,0.3,254.52854737620873,3.1706883464713025,7.502383122873454,False,0.0,0.0,0.3,254.52854737620873,0.0,0.0,True,True
sembid_traffic_aware,sembid,traffic_aware,1.0,8000,Fixed 0.0,0.0,0.0,0.0,0.0007622208201096833,False,0.0,0.0,0.3,2019.9543377229766,2019.9543377229766,0.013466362251486511,True,True
sembid_traffic_aware,sembid,traffic_aware,1.0,8000,Fixed 0.3,0.3,2019.9543377229766,3.6887997121793825,3.689561932999492,False,0.0,0.0,0.3,2019.9543377229766,0.0,0.0,True,True
sembid_traffic_aware,sembid,traffic_aware,1.0,8000,Fixed 0.5,0.5,2661.5248960665213,10.150249565732612,10.151011786552722,True,0.1502495657326115,0.75,0.3,2019.9543377229766,-641.5705583435447,-0.004277137055623631,False,True
sembid_traffic_aware,sembid,traffic_aware,1.0,8000,Fixed 0.8,0.8,427.59794462712125,35.02257759671577,35.02333981753588,True,25.02257759671577,1.0,0.3,2019.9543377229766,1592.3563930958553,0.010615709287305703,False,True
sembid_traffic_aware,sembid,traffic_aware,1.0,8000,Fixed 1.0,1.0,-1966.654640890314,55.76691595894906,55.76767817976917,True,45.76691595894906,1.0,0.3,2019.9543377229766,3986.6089786132907,0.02657739319075527,False,True
sembid_traffic_aware,sembid,traffic_aware,1.0,8000,Fixed 1.2,1.2,-1964.90930614048,55.7580521753379,55.75881439615801,True,45.7580521753379,1.0,0.3,2019.9543377229766,3984.8636438634567,0.026565757625756376,False,True
sembid_traffic_aware,sembid,traffic_aware,1.0,8000,Development near-best 10pp,0.5,2661.5248960665213,10.150249565732612,10.151011786552722,True,0.1502495657326115,0.75,0.3,2019.9543377229766,-641.5705583435447,-0.004277137055623631,False,True
sembid_traffic_aware,sembid,traffic_aware,1.0,8000,Development 5pp-buffer,0.3,2019.9543377229766,3.6887997121793825,3.689561932999492,False,0.0,0.0,0.3,2019.9543377229766,0.0,0.0,True,True
sembid_traffic_aware,sembid,traffic_aware,1.0,Full,Fixed 0.0,0.0,0.0,0.0,0.0008248663041740655,False,0.0,0.0,0.3,2968.4040197004088,2968.4040197004088,0.01978936013133606,True,True
sembid_traffic_aware,sembid,traffic_aware,1.0,Full,Fixed 0.3,0.3,2968.4040197004088,3.334211729355491,3.335036595659665,False,0.0,0.0,0.3,2968.4040197004088,0.0,0.0,True,True
sembid_traffic_aware,sembid,traffic_aware,1.0,Full,Fixed 0.5,0.5,4102.486388743304,10.659691867110919,10.660516733415093,True,0.6596918671109187,1.0,0.3,2968.4040197004088,-1134.0823690428952,-0.007560549126952635,False,True
sembid_traffic_aware,sembid,traffic_aware,1.0,Full,Fixed 0.8,0.8,3592.9341758477385,25.438040532729605,25.43886539903378,True,15.438040532729605,1.0,0.3,2968.4040197004088,-624.5301561473298,-0.004163534374315532,False,True
sembid_traffic_aware,sembid,traffic_aware,1.0,Full,Fixed 1.0,1.0,1800.8776895365772,42.54000979134614,42.54083465765031,True,32.54000979134614,1.0,0.3,2968.4040197004088,1167.5263301638315,0.007783508867758877,False,True
sembid_traffic_aware,sembid,traffic_aware,1.0,Full,Fixed 1.2,1.2,1800.8776895365772,42.54000979134614,42.54083465765031,True,32.54000979134614,1.0,0.3,2968.4040197004088,1167.5263301638315,0.007783508867758877,False,True
sembid_traffic_aware,sembid,traffic_aware,1.0,Full,Development near-best 10pp,0.5,4102.486388743304,10.659691867110919,10.660516733415093,True,0.6596918671109187,1.0,0.3,2968.4040197004088,-1134.0823690428952,-0.007560549126952635,False,True
sembid_traffic_aware,sembid,traffic_aware,1.0,Full,Development 5pp-buffer,0.3,2968.4040197004088,3.334211729355491,3.335036595659665,False,0.0,0.0,0.3,2968.4040197004088,0.0,0.0,True,True
sembid_traffic_aware,sembid,traffic_aware,1.25,500,Fixed 0.0,0.0,0.0,0.0,55.79530270559104,False,0.0,0.0,0.3,1.8722891201859966,1.8722891201859966,9.985541974325314e-06,True,True
sembid_traffic_aware,sembid,traffic_aware,1.25,500,Fixed 0.3,0.3,1.8722891201859966,1.6866796952227006,57.48198240081374,False,0.0,0.0,0.3,1.8722891201859966,0.0,0.0,True,True
sembid_traffic_aware,sembid,traffic_aware,1.25,500,Fixed 0.5,0.5,-73.46366221707649,3.2114055699896156,59.00670827558066,False,0.0,0.0,0.3,1.8722891201859966,75.33595133726249,0.0004017917404653999,True,True
sembid_traffic_aware,sembid,traffic_aware,1.25,500,Fixed 0.8,0.8,-993.761867073586,17.745434649780847,73.54073735537189,True,7.745434649780847,1.0,0.3,1.8722891201859966,995.634156193772,0.005310048833033451,False,True
sembid_traffic_aware,sembid,traffic_aware,1.25,500,Fixed 1.0,1.0,-3831.100480206569,40.080060477455405,95.87536318304645,True,30.080060477455405,1.0,0.3,1.8722891201859966,3832.972769326755,0.02044252143640936,False,True
sembid_traffic_aware,sembid,traffic_aware,1.25,500,Fixed 1.2,1.2,-3830.583265417282,40.07676794893014,95.87207065452118,True,30.07676794893014,1.0,0.3,1.8722891201859966,3832.455554537468,0.02043976295753316,False,True
sembid_traffic_aware,sembid,traffic_aware,1.25,500,Development near-best 10pp,0.0,0.0,0.0,55.79530270559104,False,0.0,0.0,0.3,1.8722891201859966,1.8722891201859966,9.985541974325314e-06,True,True
sembid_traffic_aware,sembid,traffic_aware,1.25,500,Development 5pp-buffer,0.0,0.0,0.0,55.79530270559104,False,0.0,0.0,0.3,1.8722891201859966,1.8722891201859966,9.985541974325314e-06,True,True
sembid_traffic_aware,sembid,traffic_aware,1.25,2000,Fixed 0.0,0.0,0.0,0.0,7.583794075981949,False,0.0,0.0,0.3,108.00332904859715,108.00332904859715,0.0005760177549258515,True,True
sembid_traffic_aware,sembid,traffic_aware,1.25,2000,Fixed 0.3,0.3,108.00332904859715,3.8731878567072737,11.456981932689223,False,0.0,0.0,0.3,108.00332904859715,0.0,0.0,True,True
sembid_traffic_aware,sembid,traffic_aware,1.25,2000,Fixed 0.5,0.5,-218.38942991387376,9.428939504866246,17.012733580848195,False,0.0,0.0,0.3,108.00332904859715,326.3927589624709,0.0017407613811331781,True,True
sembid_traffic_aware,sembid,traffic_aware,1.25,2000,Fixed 0.8,0.8,-2143.2922375996823,33.353378868343505,40.937172944325454,True,23.353378868343505,1.0,0.3,108.00332904859715,2251.2955666482794,0.012006909688790824,False,True
sembid_traffic_aware,sembid,traffic_aware,1.25,2000,Fixed 1.0,1.0,-8024.606672687329,77.89767378507932,85.48146786106126,True,67.89767378507932,1.0,0.3,108.00332904859715,8132.610001735926,0.04337392000925827,False,True
sembid_traffic_aware,sembid,traffic_aware,1.25,2000,Fixed 1.2,1.2,-8024.606672687329,77.89767378507932,85.48146786106126,True,67.89767378507932,1.0,0.3,108.00332904859715,8132.610001735926,0.04337392000925827,False,True
sembid_traffic_aware,sembid,traffic_aware,1.25,2000,Development near-best 10pp,0.3,108.00332904859715,3.8731878567072737,11.456981932689223,False,0.0,0.0,0.3,108.00332904859715,0.0,0.0,True,True
sembid_traffic_aware,sembid,traffic_aware,1.25,2000,Development 5pp-buffer,0.3,108.00332904859715,3.8731878567072737,11.456981932689223,False,0.0,0.0,0.3,108.00332904859715,0.0,0.0,True,True
sembid_traffic_aware,sembid,traffic_aware,1.25,8000,Fixed 0.0,0.0,0.0,0.0,0.0006826790950286927,False,0.0,0.0,0.5,2664.3636805677997,2664.3636805677997,0.014209939629694931,True,True
sembid_traffic_aware,sembid,traffic_aware,1.25,8000,Fixed 0.3,0.3,1934.4886180192989,3.894899815113417,3.8955824942084454,False,0.0,0.0,0.5,2664.3636805677997,729.8750625485009,0.0038926670002586714,True,True
sembid_traffic_aware,sembid,traffic_aware,1.25,8000,Fixed 0.5,0.5,2664.3636805677997,9.1523896962827,9.153072375377729,False,0.0,0.0,0.5,2664.3636805677997,0.0,0.0,True,True
sembid_traffic_aware,sembid,traffic_aware,1.25,8000,Fixed 0.8,0.8,-90.86341425489627,35.39935509724927,35.4000377763443,True,25.39935509724927,1.0,0.5,2664.3636805677997,2755.227094822696,0.014694544505721045,False,True
sembid_traffic_aware,sembid,traffic_aware,1.25,8000,Fixed 1.0,1.0,-3878.204793121022,61.41204166437431,61.412724343469336,True,51.41204166437431,1.0,0.5,2664.3636805677997,6542.5684736888215,0.03489369852634038,False,True
sembid_traffic_aware,sembid,traffic_aware,1.25,8000,Fixed 1.2,1.2,-3878.204793121022,61.41204166437431,61.412724343469336,True,51.41204166437431,1.0,0.5,2664.3636805677997,6542.5684736888215,0.03489369852634038,False,True
sembid_traffic_aware,sembid,traffic_aware,1.25,8000,Development near-best 10pp,0.5,2664.3636805677997,9.1523896962827,9.153072375377729,False,0.0,0.0,0.5,2664.3636805677997,0.0,0.0,True,True
sembid_traffic_aware,sembid,traffic_aware,1.25,8000,Development 5pp-buffer,0.3,1934.4886180192989,3.894899815113417,3.8955824942084454,False,0.0,0.0,0.5,2664.3636805677997,729.8750625485009,0.0038926670002586714,True,True
sembid_traffic_aware,sembid,traffic_aware,1.25,Full,Fixed 0.0,0.0,0.0,0.0,0.0005906585051794537,False,0.0,0.0,0.5,4612.992403174856,4612.992403174856,0.0246026261502659,True,True
sembid_traffic_aware,sembid,traffic_aware,1.25,Full,Fixed 0.3,0.3,3163.8150890244324,3.3203290324756956,3.320919690980875,False,0.0,0.0,0.5,4612.992403174856,1449.1773141504236,0.007728945675468926,True,True
sembid_traffic_aware,sembid,traffic_aware,1.25,Full,Fixed 0.5,0.5,4612.992403174856,8.357148752762567,8.357739411267747,False,0.0,0.0,0.5,4612.992403174856,0.0,0.0,True,True
sembid_traffic_aware,sembid,traffic_aware,1.25,Full,Fixed 0.8,0.8,4635.620316970202,21.943702438615613,21.94429309712079,True,11.943702438615613,1.0,0.5,4612.992403174856,-22.627913795346103,-0.00012068220690851255,False,True
sembid_traffic_aware,sembid,traffic_aware,1.25,Full,Fixed 1.0,1.0,1062.876528222172,47.41077716023879,47.41136781874397,True,37.41077716023879,1.0,0.5,4612.992403174856,3550.115874952684,0.01893395133308098,False,True
sembid_traffic_aware,sembid,traffic_aware,1.25,Full,Fixed 1.2,1.2,1063.0039366548044,47.41075323090769,47.41134388941287,True,37.41075323090769,1.0,0.5,4612.992403174856,3549.9884665200516,0.018933271821440275,False,True
sembid_traffic_aware,sembid,traffic_aware,1.25,Full,Development near-best 10pp,0.5,4612.992403174856,8.357148752762567,8.357739411267747,False,0.0,0.0,0.5,4612.992403174856,0.0,0.0,True,True
sembid_traffic_aware,sembid,traffic_aware,1.25,Full,Development 5pp-buffer,0.3,3163.8150890244324,3.3203290324756956,3.320919690980875,False,0.0,0.0,0.5,4612.992403174856,1449.1773141504236,0.007728945675468926,True,True
sembid_traffic_aware,sembid,traffic_aware,1.5,500,Fixed 0.0,0.0,0.0,0.0,61.9187477813185,False,0.0,0.0,0.3,7.388498587352842,7.388498587352842,3.2837771499345967e-05,True,True
sembid_traffic_aware,sembid,traffic_aware,1.5,500,Fixed 0.3,0.3,7.388498587352842,1.343882226745258,63.26263000806376,False,0.0,0.0,0.3,7.388498587352842,0.0,0.0,True,True
sembid_traffic_aware,sembid,traffic_aware,1.5,500,Fixed 0.5,0.5,-63.0343990753272,2.703098993804744,64.62184677512325,False,0.0,0.0,0.3,7.388498587352842,70.42289766268004,0.00031299065627857795,True,True
sembid_traffic_aware,sembid,traffic_aware,1.5,500,Fixed 0.8,0.8,-993.1725656353092,15.04837453656917,76.96712231788767,True,5.04837453656917,1.0,0.3,7.388498587352842,1000.561064222662,0.004446938063211831,False,True
sembid_traffic_aware,sembid,traffic_aware,1.5,500,Fixed 1.0,1.0,-3968.852859873816,34.61282478770703,96.53157256902553,True,24.612824787707027,1.0,0.3,7.388498587352842,3976.241358461169,0.017672183815382974,False,True
sembid_traffic_aware,sembid,traffic_aware,1.5,500,Fixed 1.2,1.2,-3968.320286552439,34.60998866262658,96.52873644394508,True,24.609988662626577,1.0,0.3,7.388498587352842,3975.708785139792,0.01766981682284352,False,True
sembid_traffic_aware,sembid,traffic_aware,1.5,500,Development near-best 10pp,0.0,0.0,0.0,61.9187477813185,False,0.0,0.0,0.3,7.388498587352842,7.388498587352842,3.2837771499345967e-05,True,True
sembid_traffic_aware,sembid,traffic_aware,1.5,500,Development 5pp-buffer,0.0,0.0,0.0,61.9187477813185,False,0.0,0.0,0.3,7.388498587352842,7.388498587352842,3.2837771499345967e-05,True,True
sembid_traffic_aware,sembid,traffic_aware,1.5,2000,Fixed 0.0,0.0,0.0,0.0,12.434547068877079,False,0.0,0.0,0.3,86.71282869565766,86.71282869565766,0.0003853903497584785,True,True
sembid_traffic_aware,sembid,traffic_aware,1.5,2000,Fixed 0.3,0.3,86.71282869565766,3.061636012646874,15.496183081523952,False,0.0,0.0,0.3,86.71282869565766,0.0,0.0,True,True
sembid_traffic_aware,sembid,traffic_aware,1.5,2000,Fixed 0.5,0.5,-241.63480071869526,8.65172992929966,21.08627699817674,False,0.0,0.0,0.3,86.71282869565766,328.3476294143529,0.0014593227973971241,True,True
sembid_traffic_aware,sembid,traffic_aware,1.5,2000,Fixed 0.8,0.8,-2542.0170850065606,33.04860806572016,45.48315513459724,True,23.04860806572016,1.0,0.3,86.71282869565766,2628.7299137022183,0.011683244060898748,False,True
sembid_traffic_aware,sembid,traffic_aware,1.5,2000,Fixed 1.0,1.0,-9216.16041067493,75.1686270406183,87.60317410949538,True,65.1686270406183,1.0,0.3,86.71282869565766,9302.873239370587,0.0413461032860915,False,True
sembid_traffic_aware,sembid,traffic_aware,1.5,2000,Fixed 1.2,1.2,-9216.16041067493,75.1686270406183,87.60317410949538,True,65.1686270406183,1.0,0.3,86.71282869565766,9302.873239370587,0.0413461032860915,False,True
sembid_traffic_aware,sembid,traffic_aware,1.5,2000,Development near-best 10pp,0.3,86.71282869565766,3.061636012646874,15.496183081523952,False,0.0,0.0,0.3,86.71282869565766,0.0,0.0,True,True
sembid_traffic_aware,sembid,traffic_aware,1.5,2000,Development 5pp-buffer,0.3,86.71282869565766,3.061636012646874,15.496183081523952,False,0.0,0.0,0.3,86.71282869565766,0.0,0.0,True,True
sembid_traffic_aware,sembid,traffic_aware,1.5,8000,Fixed 0.0,0.0,0.0,0.0,0.02177197499272707,False,0.0,0.0,0.5,2424.6149156875435,2424.6149156875435,0.010776066291944638,True,True
sembid_traffic_aware,sembid,traffic_aware,1.5,8000,Fixed 0.3,0.3,1813.9950033889727,4.047584952956444,4.069356927949171,False,0.0,0.0,0.5,2424.6149156875435,610.6199122985709,0.002713866276882537,True,True
sembid_traffic_aware,sembid,traffic_aware,1.5,8000,Fixed 0.5,0.5,2424.6149156875435,9.228366978957725,9.250138953950453,False,0.0,0.0,0.5,2424.6149156875435,0.0,0.0,True,True
sembid_traffic_aware,sembid,traffic_aware,1.5,8000,Fixed 0.8,0.8,-565.4654271216386,34.7460809221172,34.767852897109925,True,24.7460809221172,1.0,0.5,2424.6149156875435,2990.080342809182,0.013289245968040809,False,True
sembid_traffic_aware,sembid,traffic_aware,1.5,8000,Fixed 1.0,1.0,-5909.968033398969,65.72421203737521,65.74598401236794,True,55.72421203737521,1.0,0.5,2424.6149156875435,8334.582949086513,0.037042590884828946,False,True
sembid_traffic_aware,sembid,traffic_aware,1.5,8000,Fixed 1.2,1.2,-5909.968033398969,65.72421203737521,65.74598401236794,True,55.72421203737521,1.0,0.5,2424.6149156875435,8334.582949086513,0.037042590884828946,False,True
sembid_traffic_aware,sembid,traffic_aware,1.5,8000,Development near-best 10pp,0.5,2424.6149156875435,9.228366978957725,9.250138953950453,False,0.0,0.0,0.5,2424.6149156875435,0.0,0.0,True,True
sembid_traffic_aware,sembid,traffic_aware,1.5,8000,Development 5pp-buffer,0.3,1813.9950033889727,4.047584952956444,4.069356927949171,False,0.0,0.0,0.5,2424.6149156875435,610.6199122985709,0.002713866276882537,True,True
sembid_traffic_aware,sembid,traffic_aware,1.5,Full,Fixed 0.0,0.0,0.0,0.0,0.00046173078967775736,False,0.0,0.0,0.5,5128.8690048691515,5128.8690048691515,0.022794973354974008,True,True
sembid_traffic_aware,sembid,traffic_aware,1.5,Full,Fixed 0.3,0.3,3315.927440923342,3.147278666074213,3.147740396863891,False,0.0,0.0,0.5,5128.8690048691515,1812.9415639458093,0.008057518061981375,True,True
sembid_traffic_aware,sembid,traffic_aware,1.5,Full,Fixed 0.5,0.5,5128.8690048691515,6.611659087749939,6.612120818539617,False,0.0,0.0,0.5,5128.8690048691515,0.0,0.0,True,True
sembid_traffic_aware,sembid,traffic_aware,1.5,Full,Fixed 0.8,0.8,4188.447057657302,25.707985930057166,25.708447660846844,True,15.707985930057166,1.0,0.5,5128.8690048691515,940.4219472118493,0.004179653098719331,False,True
sembid_traffic_aware,sembid,traffic_aware,1.5,Full,Fixed 1.0,1.0,-407.95511267151414,52.79337613229931,52.79383786308899,True,42.79337613229931,1.0,0.5,5128.8690048691515,5536.824117540666,0.024608107189069625,False,True
sembid_traffic_aware,sembid,traffic_aware,1.5,Full,Fixed 1.2,1.2,-407.96644140997887,52.793998561983635,52.794460292773316,True,42.793998561983635,1.0,0.5,5128.8690048691515,5536.83544627913,0.024608157539018356,False,True
sembid_traffic_aware,sembid,traffic_aware,1.5,Full,Development near-best 10pp,0.5,5128.8690048691515,6.611659087749939,6.612120818539617,False,0.0,0.0,0.5,5128.8690048691515,0.0,0.0,True,True
sembid_traffic_aware,sembid,traffic_aware,1.5,Full,Development 5pp-buffer,0.3,3315.927440923342,3.147278666074213,3.147740396863891,False,0.0,0.0,0.5,5128.8690048691515,1812.9415639458093,0.008057518061981375,True,True
sembid_pid,sembid,pid,0.5,500,Fixed 0.0,0.0,0.0,0.0,38.96613476032079,False,0.0,0.0,0.0,0.0,0.0,0.0,True,True
sembid_pid,sembid,pid,0.5,500,Fixed 0.3,0.3,-98.82946861973096,3.3081586483699112,42.2742934086907,False,0.0,0.0,0.0,0.0,98.82946861973096,0.0013177262482630795,True,True
sembid_pid,sembid,pid,0.5,500,Fixed 0.5,0.5,-271.53281633343886,8.284382523332937,47.25051728365373,False,0.0,0.0,0.0,0.0,271.53281633343886,0.0036204375511125183,True,True
sembid_pid,sembid,pid,0.5,500,Fixed 0.8,0.8,-952.5436557146827,25.22716506148081,64.1932998218016,True,15.227165061480811,1.0,0.0,0.0,952.5436557146827,0.012700582076195769,False,True
sembid_pid,sembid,pid,0.5,500,Fixed 1.0,1.0,-2444.037153068736,51.331666602423674,90.29780136274447,True,41.331666602423674,1.0,0.0,0.0,2444.037153068736,0.03258716204091648,False,True
sembid_pid,sembid,pid,0.5,500,Fixed 1.2,1.2,-2443.4785180816607,51.32328037571019,90.28941513603098,True,41.32328037571019,1.0,0.0,0.0,2443.4785180816607,0.032579713574422145,False,True
sembid_pid,sembid,pid,0.5,500,Development near-best 10pp,0.0,0.0,0.0,38.96613476032079,False,0.0,0.0,0.0,0.0,0.0,0.0,True,True
sembid_pid,sembid,pid,0.5,500,Development 5pp-buffer,0.0,0.0,0.0,38.96613476032079,False,0.0,0.0,0.0,0.0,0.0,0.0,True,True
sembid_pid,sembid,pid,0.5,2000,Fixed 0.0,0.0,0.0,0.0,7.225159624872322,False,0.0,0.0,0.3,18.73379806930643,18.73379806930643,0.0002497839742574191,True,True
sembid_pid,sembid,pid,0.5,2000,Fixed 0.3,0.3,18.73379806930643,2.7590425990896836,9.984202223962006,False,0.0,0.0,0.3,18.73379806930643,0.0,0.0,True,True
sembid_pid,sembid,pid,0.5,2000,Fixed 0.5,0.5,-208.08919111715568,7.891534855887262,15.116694480759584,False,0.0,0.0,0.3,18.73379806930643,226.8229891864621,0.0030243065224861616,True,True
sembid_pid,sembid,pid,0.5,2000,Fixed 0.8,0.8,-990.0366835954928,29.33641666082048,36.5615762856928,True,19.33641666082048,1.0,0.3,18.73379806930643,1008.7704816647993,0.01345027308886399,False,True
sembid_pid,sembid,pid,0.5,2000,Fixed 1.0,1.0,-3155.8642926387715,63.867702077304074,71.09286170217639,True,53.867702077304074,1.0,0.3,18.73379806930643,3174.598090708078,0.04232797454277437,False,True
sembid_pid,sembid,pid,0.5,2000,Fixed 1.2,1.2,-3145.3221845798876,63.77590109544096,71.00106072031328,True,53.77590109544096,1.0,0.3,18.73379806930643,3164.055982649194,0.04218741310198925,False,True
sembid_pid,sembid,pid,0.5,2000,Development near-best 10pp,0.3,18.73379806930643,2.7590425990896836,9.984202223962006,False,0.0,0.0,0.3,18.73379806930643,0.0,0.0,True,True
sembid_pid,sembid,pid,0.5,2000,Development 5pp-buffer,0.3,18.73379806930643,2.7590425990896836,9.984202223962006,False,0.0,0.0,0.3,18.73379806930643,0.0,0.0,True,True
sembid_pid,sembid,pid,0.5,8000,Fixed 0.0,0.0,0.0,0.0,2.7076422218065628,False,0.0,0.0,0.5,433.29465871142656,433.29465871142656,0.005777262116152354,True,True
sembid_pid,sembid,pid,0.5,8000,Fixed 0.3,0.3,150.65945297601502,1.9549753514814765,4.662617573288039,False,0.0,0.0,0.5,433.29465871142656,282.63520573541155,0.0037684694098054873,True,True
sembid_pid,sembid,pid,0.5,8000,Fixed 0.5,0.5,433.29465871142656,4.962264807510477,7.669907029317041,False,0.0,0.0,0.5,433.29465871142656,0.0,0.0,True,True
sembid_pid,sembid,pid,0.5,8000,Fixed 0.8,0.8,882.7635778593858,15.007893935366269,17.71553615717283,True,5.007893935366269,1.0,0.5,433.29465871142656,-449.46891914795924,-0.00599291892197279,False,True
sembid_pid,sembid,pid,0.5,8000,Fixed 1.0,1.0,-74.30705749600656,36.88510223151669,39.592744453323256,True,26.88510223151669,1.0,0.5,433.29465871142656,507.6017162074331,0.006768022882765775,False,True
sembid_pid,sembid,pid,0.5,8000,Fixed 1.2,1.2,-64.48130688466063,37.04507806634656,39.75272028815313,True,27.045078066346562,1.0,0.5,433.29465871142656,497.7759655960872,0.006637012874614496,False,True
sembid_pid,sembid,pid,0.5,8000,Development near-best 10pp,0.5,433.29465871142656,4.962264807510477,7.669907029317041,False,0.0,0.0,0.5,433.29465871142656,0.0,0.0,True,True
sembid_pid,sembid,pid,0.5,8000,Development 5pp-buffer,0.5,433.29465871142656,4.962264807510477,7.669907029317041,False,0.0,0.0,0.5,433.29465871142656,0.0,0.0,True,True
sembid_pid,sembid,pid,0.5,Full,Fixed 0.0,0.0,0.0,0.0,2.928241805811626,False,0.0,0.0,0.5,601.6685734626581,601.6685734626581,0.008022247646168774,True,True
sembid_pid,sembid,pid,0.5,Full,Fixed 0.3,0.3,327.32226050045847,0.06808367670668902,2.996325482518315,False,0.0,0.0,0.5,601.6685734626581,274.3463129621996,0.0036579508394959945,True,True
sembid_pid,sembid,pid,0.5,Full,Fixed 0.5,0.5,601.6685734626581,2.8678949235193523,5.7961367293309785,False,0.0,0.0,0.5,601.6685734626581,0.0,0.0,True,True
sembid_pid,sembid,pid,0.5,Full,Fixed 0.8,0.8,1405.2870132658545,10.763626663107718,13.691868468919346,True,0.7636266631077184,1.0,0.5,601.6685734626581,-803.6184398031965,-0.010714912530709286,False,True
sembid_pid,sembid,pid,0.5,Full,Fixed 1.0,1.0,935.202362392517,25.954930460217792,28.88317226602942,True,15.954930460217792,1.0,0.5,601.6685734626581,-333.53378892985893,-0.004447117185731452,False,True
sembid_pid,sembid,pid,0.5,Full,Fixed 1.2,1.2,1047.58348076311,25.252866421494875,28.181108227306503,True,15.252866421494875,1.0,0.5,601.6685734626581,-445.9149073004519,-0.005945532097339359,False,True
sembid_pid,sembid,pid,0.5,Full,Development near-best 10pp,0.8,1405.2870132658545,10.763626663107718,13.691868468919346,True,0.7636266631077184,1.0,0.5,601.6685734626581,-803.6184398031965,-0.010714912530709286,False,True
sembid_pid,sembid,pid,0.5,Full,Development 5pp-buffer,0.5,601.6685734626581,2.8678949235193523,5.7961367293309785,False,0.0,0.0,0.5,601.6685734626581,0.0,0.0,True,True
sembid_pid,sembid,pid,0.75,500,Fixed 0.0,0.0,0.0,0.0,52.58054026275094,False,0.0,0.0,0.0,0.0,0.0,0.0,True,True
sembid_pid,sembid,pid,0.75,500,Fixed 0.3,0.3,-146.8463528105167,3.0633346006211895,55.643874863372126,False,0.0,0.0,0.0,0.0,146.8463528105167,0.0013053009138712594,True,True
sembid_pid,sembid,pid,0.75,500,Fixed 0.5,0.5,-337.61222707384104,6.742690757579808,59.323231020330745,False,0.0,0.0,0.0,0.0,337.61222707384104,0.0030009975739896983,True,True
sembid_pid,sembid,pid,0.75,500,Fixed 0.8,0.8,-1098.781665159799,19.932699788447827,72.51324005119876,True,9.932699788447827,1.0,0.0,0.0,1098.781665159799,0.00976694813475377,False,True
sembid_pid,sembid,pid,0.75,500,Fixed 1.0,1.0,-2838.216871731024,40.72143410041925,93.30197436317019,True,30.721434100419252,1.0,0.0,0.0,2838.216871731024,0.02522859441538688,False,True
sembid_pid,sembid,pid,0.75,500,Fixed 1.2,1.2,-2837.7924840614132,40.716874902165536,93.29741516491647,True,30.716874902165536,1.0,0.0,0.0,2837.7924840614132,0.025224822080545894,False,True
sembid_pid,sembid,pid,0.75,500,Development near-best 10pp,0.0,0.0,0.0,52.58054026275094,False,0.0,0.0,0.0,0.0,0.0,0.0,True,True
sembid_pid,sembid,pid,0.75,500,Development 5pp-buffer,0.0,0.0,0.0,52.58054026275094,False,0.0,0.0,0.0,0.0,0.0,0.0,True,True
sembid_pid,sembid,pid,0.75,2000,Fixed 0.0,0.0,0.0,0.0,11.118812008843364,False,0.0,0.0,0.0,0.0,0.0,0.0,True,True
sembid_pid,sembid,pid,0.75,2000,Fixed 0.3,0.3,-141.31731056626631,3.5845332865767006,14.703345295420064,False,0.0,0.0,0.0,0.0,141.31731056626631,0.001256153871700145,True,True
sembid_pid,sembid,pid,0.75,2000,Fixed 0.5,0.5,-509.40607180714596,10.326675794579007,21.44548780342237,True,0.32667579457900686,1.0,0.0,0.0,509.40607180714596,0.004528053971619075,False,True
sembid_pid,sembid,pid,0.75,2000,Fixed 0.8,0.8,-1815.5928914984033,31.560515083326045,42.67932709216941,True,21.560515083326045,1.0,0.0,0.0,1815.5928914984033,0.016138603479985806,False,True
sembid_pid,sembid,pid,0.75,2000,Fixed 1.0,1.0,-5112.48268870277,67.27947175199523,78.3982837608386,True,57.27947175199523,1.0,0.0,0.0,5112.48268870277,0.045444290566246846,False,True
sembid_pid,sembid,pid,0.75,2000,Fixed 1.2,1.2,-5098.785389296425,67.22254503347057,78.34135704231393,True,57.22254503347057,1.0,0.0,0.0,5098.785389296425,0.045322536793745996,False,True
sembid_pid,sembid,pid,0.75,2000,Development near-best 10pp,0.0,0.0,0.0,11.118812008843364,False,0.0,0.0,0.0,0.0,0.0,0.0,True,True
sembid_pid,sembid,pid,0.75,2000,Development 5pp-buffer,0.0,0.0,0.0,11.118812008843364,False,0.0,0.0,0.0,0.0,0.0,0.0,True,True
sembid_pid,sembid,pid,0.75,8000,Fixed 0.0,0.0,0.0,0.0,3.460011294301172,False,0.0,0.0,0.5,277.9447768908285,277.9447768908285,0.0024706202390295867,True,True
sembid_pid,sembid,pid,0.75,8000,Fixed 0.3,0.3,-41.13463396815496,2.324980135064329,5.784991429365501,False,0.0,0.0,0.5,277.9447768908285,319.07941085898347,0.002836261429857631,True,True
sembid_pid,sembid,pid,0.75,8000,Fixed 0.5,0.5,277.9447768908285,6.59422030565835,10.054231599959522,False,0.0,0.0,0.5,277.9447768908285,0.0,0.0,True,True
sembid_pid,sembid,pid,0.75,8000,Fixed 0.8,0.8,608.1931431725334,18.374497359789824,21.834508654090996,True,8.374497359789824,1.0,0.5,277.9447768908285,-330.2483662817049,-0.0029355410336151543,False,True
sembid_pid,sembid,pid,0.75,8000,Fixed 1.0,1.0,-1921.8671411652194,46.6416074796025,50.101618773903674,True,36.6416074796025,1.0,0.5,277.9447768908285,2199.811918056048,0.01955388371605376,False,True
sembid_pid,sembid,pid,0.75,8000,Fixed 1.2,1.2,-1894.504120595815,46.38202482716989,49.84203612147107,True,36.38202482716989,1.0,0.5,277.9447768908285,2172.4488974866435,0.019310656866547943,False,True
sembid_pid,sembid,pid,0.75,8000,Development near-best 10pp,0.5,277.9447768908285,6.59422030565835,10.054231599959522,False,0.0,0.0,0.5,277.9447768908285,0.0,0.0,True,True
sembid_pid,sembid,pid,0.75,8000,Development 5pp-buffer,0.3,-41.13463396815496,2.324980135064329,5.784991429365501,False,0.0,0.0,0.5,277.9447768908285,319.07941085898347,0.002836261429857631,True,True
sembid_pid,sembid,pid,0.75,Full,Fixed 0.0,0.0,0.0,0.0,4.146719276287664,False,0.0,0.0,0.5,848.1843877999509,848.1843877999509,0.007539416780444007,True,True
sembid_pid,sembid,pid,0.75,Full,Fixed 0.3,0.3,37.74505351029438,1.2736430503937655,5.420362326681429,False,0.0,0.0,0.5,848.1843877999509,810.4393342896565,0.007203905193685836,True,True
sembid_pid,sembid,pid,0.75,Full,Fixed 0.5,0.5,848.1843877999509,1.9326734136099564,6.07939268989762,False,0.0,0.0,0.5,848.1843877999509,0.0,0.0,True,True
sembid_pid,sembid,pid,0.75,Full,Fixed 0.8,0.8,1689.79282846557,13.018797910765462,17.165517187053126,True,3.0187979107654623,1.0,0.5,848.1843877999509,-841.6084406656191,-0.007480963917027726,False,True
sembid_pid,sembid,pid,0.75,Full,Fixed 1.0,1.0,277.215254216575,33.83827745046225,37.98499672674991,True,23.83827745046225,1.0,0.5,848.1843877999509,570.9691335833759,0.0050752811874077855,False,True
sembid_pid,sembid,pid,0.75,Full,Fixed 1.2,1.2,247.32537903670527,34.044176262354505,38.19089553864217,True,24.044176262354505,1.0,0.5,848.1843877999509,600.8590087632456,0.005340968966784405,False,True
sembid_pid,sembid,pid,0.75,Full,Development near-best 10pp,0.5,848.1843877999509,1.9326734136099564,6.07939268989762,False,0.0,0.0,0.5,848.1843877999509,0.0,0.0,True,True
sembid_pid,sembid,pid,0.75,Full,Development 5pp-buffer,0.5,848.1843877999509,1.9326734136099564,6.07939268989762,False,0.0,0.0,0.5,848.1843877999509,0.0,0.0,True,True
sembid_pid,sembid,pid,1.0,500,Fixed 0.0,0.0,0.0,0.0,61.418524014898225,False,0.0,0.0,0.0,0.0,0.0,0.0,True,True
sembid_pid,sembid,pid,1.0,500,Fixed 0.3,0.3,-170.28237513327122,2.607848513548319,64.02637252844654,False,0.0,0.0,0.0,0.0,170.28237513327122,0.0011352158342218081,True,True
sembid_pid,sembid,pid,1.0,500,Fixed 0.5,0.5,-367.2336375748596,5.616503224234208,67.03502723913243,False,0.0,0.0,0.0,0.0,367.2336375748596,0.002448224250499064,True,True
sembid_pid,sembid,pid,1.0,500,Fixed 0.8,0.8,-1172.6187139435965,16.335313449590302,77.75383746448853,True,6.335313449590302,1.0,0.0,0.0,1172.6187139435965,0.00781745809295731,False,True
sembid_pid,sembid,pid,1.0,500,Fixed 1.0,1.0,-3063.1293951246726,33.48098045147155,94.89950446636978,True,23.480980451471552,1.0,0.0,0.0,3063.1293951246726,0.020420862634164483,False,True
sembid_pid,sembid,pid,1.0,500,Fixed 1.2,1.2,-3062.672648385179,33.47730484727768,94.8958288621759,True,23.47730484727768,1.0,0.0,0.0,3062.672648385179,0.020417817655901192,False,True
sembid_pid,sembid,pid,1.0,500,Development near-best 10pp,0.0,0.0,0.0,61.418524014898225,False,0.0,0.0,0.0,0.0,0.0,0.0,True,True
sembid_pid,sembid,pid,1.0,500,Development 5pp-buffer,0.0,0.0,0.0,61.418524014898225,False,0.0,0.0,0.0,0.0,0.0,0.0,True,True
sembid_pid,sembid,pid,1.0,2000,Fixed 0.0,0.0,0.0,0.0,17.27191529883378,False,0.0,0.0,0.0,0.0,0.0,0.0,True,True
sembid_pid,sembid,pid,1.0,2000,Fixed 0.3,0.3,-268.9655396495709,3.955788293593116,21.227703592426895,False,0.0,0.0,0.0,0.0,268.9655396495709,0.0017931035976638061,True,True
sembid_pid,sembid,pid,1.0,2000,Fixed 0.5,0.5,-717.1533564835572,10.65860035928118,27.93051565811496,True,0.6586003592811807,1.0,0.0,0.0,717.1533564835572,0.004781022376557048,False,True
sembid_pid,sembid,pid,1.0,2000,Fixed 0.8,0.8,-2459.3736944571,31.21323335174718,48.48514865058096,True,21.21323335174718,1.0,0.0,0.0,2459.3736944571,0.016395824629714,False,True
sembid_pid,sembid,pid,1.0,2000,Fixed 1.0,1.0,-6521.069841633069,65.26191776692768,82.53383306576146,True,55.26191776692768,1.0,0.0,0.0,6521.069841633069,0.04347379894422046,False,True
sembid_pid,sembid,pid,1.0,2000,Fixed 1.2,1.2,-6524.604540064001,65.30374509543668,82.57566039427046,True,55.30374509543668,1.0,0.0,0.0,6524.604540064001,0.04349736360042668,False,True
sembid_pid,sembid,pid,1.0,2000,Development near-best 10pp,0.0,0.0,0.0,17.27191529883378,False,0.0,0.0,0.0,0.0,0.0,0.0,True,True
sembid_pid,sembid,pid,1.0,2000,Development 5pp-buffer,0.0,0.0,0.0,17.27191529883378,False,0.0,0.0,0.0,0.0,0.0,0.0,True,True
sembid_pid,sembid,pid,1.0,8000,Fixed 0.0,0.0,0.0,0.0,4.352952719645038,False,0.0,0.0,0.5,371.9086745013865,371.9086745013865,0.0024793911633425765,True,True
sembid_pid,sembid,pid,1.0,8000,Fixed 0.3,0.3,251.72652670919342,2.6353488445835334,6.988301564228571,False,0.0,0.0,0.5,371.9086745013865,120.18214779219306,0.0008012143186146204,True,True
sembid_pid,sembid,pid,1.0,8000,Fixed 0.5,0.5,371.9086745013865,6.6639598975099075,11.016912617154945,False,0.0,0.0,0.5,371.9086745013865,0.0,0.0,True,True
sembid_pid,sembid,pid,1.0,8000,Fixed 0.8,0.8,-30.28791037321389,21.434442956883007,25.787395676528046,True,11.434442956883007,1.0,0.5,371.9086745013865,402.1965848746004,0.0026813105658306693,False,True
sembid_pid,sembid,pid,1.0,8000,Fixed 1.0,1.0,-4056.608645115297,53.34129575984718,57.69424847949222,True,43.34129575984718,1.0,0.5,371.9086745013865,4428.517319616683,0.029523448797444556,False,True
sembid_pid,sembid,pid,1.0,8000,Fixed 1.2,1.2,-3928.4305767862043,52.757950834948375,57.11090355459341,True,42.757950834948375,1.0,0.5,371.9086745013865,4300.339251287591,0.028668928341917272,False,True
sembid_pid,sembid,pid,1.0,8000,Development near-best 10pp,0.5,371.9086745013865,6.6639598975099075,11.016912617154945,False,0.0,0.0,0.5,371.9086745013865,0.0,0.0,True,True
sembid_pid,sembid,pid,1.0,8000,Development 5pp-buffer,0.3,251.72652670919342,2.6353488445835334,6.988301564228571,False,0.0,0.0,0.5,371.9086745013865,120.18214779219306,0.0008012143186146204,True,True
sembid_pid,sembid,pid,1.0,Full,Fixed 0.0,0.0,0.0,0.0,4.422289364473797,False,0.0,0.0,0.5,1596.9104617319917,1596.9104617319917,0.010646069744879945,True,True
sembid_pid,sembid,pid,1.0,Full,Fixed 0.3,0.3,437.45243745406697,0.8204243928940755,5.242713757367873,False,0.0,0.0,0.5,1596.9104617319917,1159.4580242779248,0.007729720161852832,True,True
sembid_pid,sembid,pid,1.0,Full,Fixed 0.5,0.5,1596.9104617319917,2.9076029540395103,7.329892318513307,False,0.0,0.0,0.5,1596.9104617319917,0.0,0.0,True,True
sembid_pid,sembid,pid,1.0,Full,Fixed 0.8,0.8,1554.8938167504166,18.09819983044435,22.52048919491815,True,8.09819983044435,1.0,0.5,1596.9104617319917,42.016644981575155,0.00028011096654383436,False,True
sembid_pid,sembid,pid,1.0,Full,Fixed 1.0,1.0,-576.1538365992747,40.37525875779362,44.797548122267415,True,30.375258757793617,1.0,0.5,1596.9104617319917,2173.0642983312664,0.014487095322208442,False,True
sembid_pid,sembid,pid,1.0,Full,Fixed 1.2,1.2,-491.7061669996292,39.989963584449285,44.41225294892308,True,29.989963584449285,1.0,0.5,1596.9104617319917,2088.616628731621,0.013924110858210806,False,True
sembid_pid,sembid,pid,1.0,Full,Development near-best 10pp,0.5,1596.9104617319917,2.9076029540395103,7.329892318513307,False,0.0,0.0,0.5,1596.9104617319917,0.0,0.0,True,True
sembid_pid,sembid,pid,1.0,Full,Development 5pp-buffer,0.5,1596.9104617319917,2.9076029540395103,7.329892318513307,False,0.0,0.0,0.5,1596.9104617319917,0.0,0.0,True,True
sembid_pid,sembid,pid,1.25,500,Fixed 0.0,0.0,0.0,0.0,67.38602337496862,False,0.0,0.0,0.0,0.0,0.0,0.0,True,True
sembid_pid,sembid,pid,1.25,500,Fixed 0.3,0.3,-183.99967555223247,2.2754405261699446,69.66146390113856,False,0.0,0.0,0.0,0.0,183.99967555223247,0.00098133160294524,True,True
sembid_pid,sembid,pid,1.25,500,Fixed 0.5,0.5,-389.74854849467283,4.814226068952209,72.20024944392082,False,0.0,0.0,0.0,0.0,389.74854849467283,0.002078658925304922,True,True
sembid_pid,sembid,pid,1.25,500,Fixed 0.8,0.8,-1228.79754642826,13.912384555945906,81.29840793091452,True,3.9123845559459056,1.0,0.0,0.0,1228.79754642826,0.006553586914284053,False,True
sembid_pid,sembid,pid,1.25,500,Fixed 1.0,1.0,-3223.8853465889124,28.48933980807783,95.87536318304645,True,18.48933980807783,1.0,0.0,0.0,3223.8853465889124,0.017194055181807534,False,True
sembid_pid,sembid,pid,1.25,500,Fixed 1.2,1.2,-3223.368131799625,28.486047279552565,95.87207065452118,True,18.486047279552565,1.0,0.0,0.0,3223.368131799625,0.017191296702931333,False,True
sembid_pid,sembid,pid,1.25,500,Development near-best 10pp,0.0,0.0,0.0,67.38602337496862,False,0.0,0.0,0.0,0.0,0.0,0.0,True,True
sembid_pid,sembid,pid,1.25,500,Development 5pp-buffer,0.0,0.0,0.0,67.38602337496862,False,0.0,0.0,0.0,0.0,0.0,0.0,True,True
sembid_pid,sembid,pid,1.25,2000,Fixed 0.0,0.0,0.0,0.0,23.617390731206523,False,0.0,0.0,0.0,0.0,0.0,0.0,True,True
sembid_pid,sembid,pid,1.25,2000,Fixed 0.3,0.3,-309.3384791388853,3.897927978902743,27.515318710109266,False,0.0,0.0,0.0,0.0,309.3384791388853,0.001649805222074055,True,True
sembid_pid,sembid,pid,1.25,2000,Fixed 0.5,0.5,-833.4142628229529,9.886074865884755,33.50346559709128,False,0.0,0.0,0.0,0.0,833.4142628229529,0.004444876068389082,True,True
sembid_pid,sembid,pid,1.25,2000,Fixed 0.8,0.8,-2893.088985605973,29.81710255152468,53.434493282731204,True,19.81710255152468,1.0,0.0,0.0,2893.088985605973,0.015429807923231856,False,True
sembid_pid,sembid,pid,1.25,2000,Fixed 1.0,1.0,-7620.492386947963,61.90758385841592,85.52497458962245,True,51.90758385841592,1.0,0.0,0.0,7620.492386947963,0.040642626063722466,False,True
sembid_pid,sembid,pid,1.25,2000,Fixed 1.2,1.2,-7616.464185145558,61.88953353198188,85.50692426318841,True,51.88953353198188,1.0,0.0,0.0,7616.464185145558,0.04062114232077631,False,True
sembid_pid,sembid,pid,1.25,2000,Development near-best 10pp,0.0,0.0,0.0,23.617390731206523,False,0.0,0.0,0.0,0.0,0.0,0.0,True,True
sembid_pid,sembid,pid,1.25,2000,Development 5pp-buffer,0.0,0.0,0.0,23.617390731206523,False,0.0,0.0,0.0,0.0,0.0,0.0,True,True
sembid_pid,sembid,pid,1.25,8000,Fixed 0.0,0.0,0.0,0.0,5.016809573744837,False,0.0,0.0,0.3,259.1675280584168,259.1675280584168,0.0013822268163115562,True,True
sembid_pid,sembid,pid,1.25,8000,Fixed 0.3,0.3,259.1675280584168,3.740242640774161,8.757052214518998,False,0.0,0.0,0.3,259.1675280584168,0.0,0.0,True,True
sembid_pid,sembid,pid,1.25,8000,Fixed 0.5,0.5,19.660346920762095,7.7574077292719945,12.774217303016831,False,0.0,0.0,0.3,259.1675280584168,239.5071811376547,0.0012773716327341585,True,True
sembid_pid,sembid,pid,1.25,8000,Fixed 0.8,0.8,-822.9248684102658,24.050024412686316,29.066833986431153,True,14.050024412686316,1.0,0.3,259.1675280584168,1082.0923964686826,0.005771159447832974,False,True
sembid_pid,sembid,pid,1.25,8000,Fixed 1.0,1.0,-5832.850885764246,56.4934260658178,61.51023563956264,True,46.4934260658178,1.0,0.3,259.1675280584168,6092.018413822663,0.03249076487372087,False,True
sembid_pid,sembid,pid,1.25,8000,Fixed 1.2,1.2,-5833.077152871843,56.578927209186304,61.59573678293114,True,46.578927209186304,1.0,0.3,259.1675280584168,6092.24468093026,0.03249197163162806,False,True
sembid_pid,sembid,pid,1.25,8000,Development near-best 10pp,0.5,19.660346920762095,7.7574077292719945,12.774217303016831,False,0.0,0.0,0.3,259.1675280584168,239.5071811376547,0.0012773716327341585,True,True
sembid_pid,sembid,pid,1.25,8000,Development 5pp-buffer,0.3,259.1675280584168,3.740242640774161,8.757052214518998,False,0.0,0.0,0.3,259.1675280584168,0.0,0.0,True,True
sembid_pid,sembid,pid,1.25,Full,Fixed 0.0,0.0,0.0,0.0,4.053152895431026,False,0.0,0.0,0.5,1455.1290348162147,1455.1290348162147,0.007760688185686478,True,True
sembid_pid,sembid,pid,1.25,Full,Fixed 0.3,0.3,733.8927224886465,1.2482703395107073,5.301423234941733,False,0.0,0.0,0.5,1455.1290348162147,721.2363123275682,0.00384659366574703,True,True
sembid_pid,sembid,pid,1.25,Full,Fixed 0.5,0.5,1455.1290348162147,4.622156200040077,8.675309095471103,False,0.0,0.0,0.5,1455.1290348162147,0.0,0.0,True,True
sembid_pid,sembid,pid,1.25,Full,Fixed 0.8,0.8,1602.2448955026157,19.130645586226578,23.183798481657604,True,9.130645586226578,1.0,0.5,1455.1290348162147,-147.115860686401,-0.0007846179236608053,False,True
sembid_pid,sembid,pid,1.25,Full,Fixed 1.0,1.0,-2027.3648507879334,45.23105222856337,49.2842051239944,True,35.23105222856337,1.0,0.5,1455.1290348162147,3482.493885604148,0.018573300723222122,False,True
sembid_pid,sembid,pid,1.25,Full,Fixed 1.2,1.2,-1880.9006269016736,44.70381794818746,48.75697084361848,True,34.70381794818746,1.0,0.5,1455.1290348162147,3336.0296617178883,0.017792158195828738,False,True
sembid_pid,sembid,pid,1.25,Full,Development near-best 10pp,0.5,1455.1290348162147,4.622156200040077,8.675309095471103,False,0.0,0.0,0.5,1455.1290348162147,0.0,0.0,True,True
sembid_pid,sembid,pid,1.25,Full,Development 5pp-buffer,0.3,733.8927224886465,1.2482703395107073,5.301423234941733,False,0.0,0.0,0.5,1455.1290348162147,721.2363123275682,0.00384659366574703,True,True
sembid_pid,sembid,pid,1.5,500,Fixed 0.0,0.0,0.0,0.0,71.67082791473253,False,0.0,0.0,0.0,0.0,0.0,0.0,True,True
sembid_pid,sembid,pid,1.5,500,Fixed 0.3,0.3,-191.44737856265965,2.0010475129037246,73.67187542763625,False,0.0,0.0,0.0,0.0,191.44737856265965,0.0008508772380562651,True,True
sembid_pid,sembid,pid,1.5,500,Fixed 0.5,0.5,-406.13580525949374,4.226156338091727,75.89698425282425,False,0.0,0.0,0.0,0.0,406.13580525949374,0.0018050480233755277,True,True
sembid_pid,sembid,pid,1.5,500,Fixed 0.8,0.8,-1278.0766672860723,12.192196001506133,83.86302391623866,True,2.192196001506133,1.0,0.0,0.0,1278.0766672860723,0.0056803407434936545,False,True
sembid_pid,sembid,pid,1.5,500,Fixed 1.0,1.0,-3346.7973833025003,24.860744654293,96.53157256902553,True,14.860744654293,1.0,0.0,0.0,3346.7973833025003,0.014874655036900001,False,True
sembid_pid,sembid,pid,1.5,500,Fixed 1.2,1.2,-3346.264809981123,24.85790852921255,96.52873644394508,True,14.857908529212551,1.0,0.0,0.0,3346.264809981123,0.014872288044360547,False,True
sembid_pid,sembid,pid,1.5,500,Development near-best 10pp,0.0,0.0,0.0,71.67082791473253,False,0.0,0.0,0.0,0.0,0.0,0.0,True,True
sembid_pid,sembid,pid,1.5,500,Development 5pp-buffer,0.0,0.0,0.0,71.67082791473253,False,0.0,0.0,0.0,0.0,0.0,0.0,True,True
sembid_pid,sembid,pid,1.5,2000,Fixed 0.0,0.0,0.0,0.0,29.352741143532715,False,0.0,0.0,0.0,0.0,0.0,0.0,True,True
sembid_pid,sembid,pid,1.5,2000,Fixed 0.3,0.3,-336.20066682069955,3.7401362441013823,33.0928773876341,False,0.0,0.0,0.0,0.0,336.20066682069955,0.0014942251858697758,True,True
sembid_pid,sembid,pid,1.5,2000,Fixed 0.5,0.5,-951.8423410056457,9.520405059485615,38.87314620301833,False,0.0,0.0,0.0,0.0,951.8423410056457,0.004230410404469536,True,True
sembid_pid,sembid,pid,1.5,2000,Fixed 0.8,0.8,-3298.407996403841,28.52613245664725,57.878873600179965,True,18.52613245664725,1.0,0.0,0.0,3298.407996403841,0.014659591095128183,False,True
sembid_pid,sembid,pid,1.5,2000,Fixed 1.0,1.0,-8501.141713623072,58.2641098986435,87.61685104217621,True,48.2641098986435,1.0,0.0,0.0,8501.141713623072,0.03778285206054699,False,True
sembid_pid,sembid,pid,1.5,2000,Fixed 1.2,1.2,-8499.369776191535,58.25742005717157,87.61016120070428,True,48.25742005717157,1.0,0.0,0.0,8499.369776191535,0.03777497678307349,False,True
sembid_pid,sembid,pid,1.5,2000,Development near-best 10pp,0.0,0.0,0.0,29.352741143532715,False,0.0,0.0,0.0,0.0,0.0,0.0,True,True
sembid_pid,sembid,pid,1.5,2000,Development 5pp-buffer,0.0,0.0,0.0,29.352741143532715,False,0.0,0.0,0.0,0.0,0.0,0.0,True,True
sembid_pid,sembid,pid,1.5,8000,Fixed 0.0,0.0,0.0,0.0,6.453412719546065,False,0.0,0.0,0.3,173.2091827084696,173.2091827084696,0.0007698185898154205,True,True
sembid_pid,sembid,pid,1.5,8000,Fixed 0.3,0.3,173.2091827084696,3.2940168910909042,9.747429610636969,False,0.0,0.0,0.3,173.2091827084696,0.0,0.0,True,True
sembid_pid,sembid,pid,1.5,8000,Fixed 0.5,0.5,-67.667373362121,7.123927905291695,13.57734062483776,False,0.0,0.0,0.3,173.2091827084696,240.8765560705906,0.001070562471424847,True,True
sembid_pid,sembid,pid,1.5,8000,Fixed 0.8,0.8,-1820.3774834821998,25.752341127894233,32.2057538474403,True,15.752341127894233,1.0,0.3,173.2091827084696,1993.5866661906693,0.008860385183069641,False,True
sembid_pid,sembid,pid,1.5,8000,Fixed 1.0,1.0,-8129.31015017714,59.957603911453305,66.41101663099937,True,49.957603911453305,1.0,0.3,173.2091827084696,8302.51933288561,0.036900085923936045,False,True
sembid_pid,sembid,pid,1.5,8000,Fixed 1.2,1.2,-8040.193703159246,59.72586129730544,66.17927401685151,True,49.72586129730544,1.0,0.3,173.2091827084696,8213.402885867716,0.036504012826078736,False,True
sembid_pid,sembid,pid,1.5,8000,Development near-best 10pp,0.5,-67.667373362121,7.123927905291695,13.57734062483776,False,0.0,0.0,0.3,173.2091827084696,240.8765560705906,0.001070562471424847,True,True
sembid_pid,sembid,pid,1.5,8000,Development 5pp-buffer,0.3,173.2091827084696,3.2940168910909042,9.747429610636969,False,0.0,0.0,0.3,173.2091827084696,0.0,0.0,True,True
sembid_pid,sembid,pid,1.5,Full,Fixed 0.0,0.0,0.0,0.0,4.309167958858099,False,0.0,0.0,0.5,1472.5177304356112,1472.5177304356112,0.006544523246380494,True,True
sembid_pid,sembid,pid,1.5,Full,Fixed 0.3,0.3,917.2556374724663,0.9348953914200573,5.244063350278156,False,0.0,0.0,0.5,1472.5177304356112,555.2620929631448,0.002467831524280644,True,True
sembid_pid,sembid,pid,1.5,Full,Fixed 0.5,0.5,1472.5177304356112,5.489123057256709,9.798291016114808,False,0.0,0.0,0.5,1472.5177304356112,0.0,0.0,True,True
sembid_pid,sembid,pid,1.5,Full,Fixed 0.8,0.8,1290.5683336208676,20.265966921498887,24.575134880356984,True,10.265966921498887,1.0,0.5,1472.5177304356112,181.94939681474352,0.0008086639858433045,False,True
sembid_pid,sembid,pid,1.5,Full,Fixed 1.0,1.0,-3907.87431816981,49.10994152150697,53.419109480365066,True,39.10994152150697,1.0,0.5,1472.5177304356112,5380.392048605421,0.02391285354935743,False,True
sembid_pid,sembid,pid,1.5,Full,Fixed 1.2,1.2,-3877.466813142575,49.15394134167448,53.46310930053258,True,39.15394134167448,1.0,0.5,1472.5177304356112,5349.984543578186,0.023777709082569716,False,True
sembid_pid,sembid,pid,1.5,Full,Development near-best 10pp,0.5,1472.5177304356112,5.489123057256709,9.798291016114808,False,0.0,0.0,0.5,1472.5177304356112,0.0,0.0,True,True
sembid_pid,sembid,pid,1.5,Full,Development 5pp-buffer,0.3,917.2556374724663,0.9348953914200573,5.244063350278156,False,0.0,0.0,0.5,1472.5177304356112,555.2620929631448,0.002467831524280644,True,True
sembid_dual,sembid,dual,0.5,500,Fixed 0.0,0.0,0.0,0.0,31.128623168578205,False,0.0,0.0,0.0,0.0,0.0,0.0,True,True
sembid_dual,sembid,dual,0.5,500,Fixed 0.3,0.3,-59.94814007638797,2.576375702117165,33.70499887069537,False,0.0,0.0,0.0,0.0,59.94814007638797,0.0007993085343518397,True,True
sembid_dual,sembid,dual,0.5,500,Fixed 0.5,0.5,-146.46900347919745,5.298658459293723,36.42728162787193,False,0.0,0.0,0.0,0.0,146.46900347919745,0.0019529200463892994,True,True
sembid_dual,sembid,dual,0.5,500,Fixed 0.8,0.8,-495.2107373618419,19.32128586663116,50.449909035209366,True,9.321285866631161,1.0,0.0,0.0,495.2107373618419,0.006602809831491225,False,True
sembid_dual,sembid,dual,0.5,500,Fixed 1.0,1.0,-2576.0672582947127,59.22461631598418,90.35323948456238,True,49.22461631598418,1.0,0.0,0.0,2576.0672582947127,0.0343475634439295,False,True
sembid_dual,sembid,dual,0.5,500,Fixed 1.2,1.2,-2575.2578261348153,59.219055923050334,90.34767909162854,True,49.219055923050334,1.0,0.0,0.0,2575.2578261348153,0.03433677101513087,False,True
sembid_dual,sembid,dual,0.5,500,Development near-best 10pp,0.0,0.0,0.0,31.128623168578205,False,0.0,0.0,0.0,0.0,0.0,0.0,True,True
sembid_dual,sembid,dual,0.5,500,Development 5pp-buffer,0.0,0.0,0.0,31.128623168578205,False,0.0,0.0,0.0,0.0,0.0,0.0,True,True
sembid_dual,sembid,dual,0.5,2000,Fixed 0.0,0.0,0.0,0.0,4.949490488633197,False,0.0,0.0,0.5,22.40181408771332,22.40181408771332,0.00029869085450284424,True,True
sembid_dual,sembid,dual,0.5,2000,Fixed 0.3,0.3,-122.80898273946787,2.3463720235412717,7.295862512174469,False,0.0,0.0,0.5,22.40181408771332,145.21079682718118,0.001936143957695749,True,True
sembid_dual,sembid,dual,0.5,2000,Fixed 0.5,0.5,22.40181408771332,4.116086801835177,9.065577290468374,False,0.0,0.0,0.5,22.40181408771332,0.0,0.0,True,True
sembid_dual,sembid,dual,0.5,2000,Fixed 0.8,0.8,82.47264042880215,12.878634283447335,17.828124772080532,True,2.878634283447335,1.0,0.5,22.40181408771332,-60.07082634108883,-0.0008009443512145178,False,True
sembid_dual,sembid,dual,0.5,2000,Fixed 1.0,1.0,-2844.798246872859,68.48841107293998,73.43790156157318,True,58.48841107293998,1.0,0.5,22.40181408771332,2867.2000609605725,0.038229334146140964,False,True
sembid_dual,sembid,dual,0.5,2000,Fixed 1.2,1.2,-2832.7488087732945,68.34424573736295,73.29373622599616,True,58.344245737362954,1.0,0.5,22.40181408771332,2855.150622861008,0.0380686749714801,False,True
sembid_dual,sembid,dual,0.5,2000,Development near-best 10pp,0.5,22.40181408771332,4.116086801835177,9.065577290468374,False,0.0,0.0,0.5,22.40181408771332,0.0,0.0,True,True
sembid_dual,sembid,dual,0.5,2000,Development 5pp-buffer,0.5,22.40181408771332,4.116086801835177,9.065577290468374,False,0.0,0.0,0.5,22.40181408771332,0.0,0.0,True,True
sembid_dual,sembid,dual,0.5,8000,Fixed 0.0,0.0,0.0,0.0,0.5743555219067429,False,0.0,0.0,0.8,1048.5825468484582,1048.5825468484582,0.013981100624646109,True,True
sembid_dual,sembid,dual,0.5,8000,Fixed 0.3,0.3,-215.0184653068236,0.6942318057828298,1.2685873276895727,False,0.0,0.0,0.8,1048.5825468484582,1263.6010121552818,0.016848013495403758,True,True
sembid_dual,sembid,dual,0.5,8000,Fixed 0.5,0.5,252.76366951475484,1.4784584927708329,2.0528140146775757,False,0.0,0.0,0.8,1048.5825468484582,795.8188773337033,0.010610918364449377,True,True
sembid_dual,sembid,dual,0.5,8000,Fixed 0.8,0.8,1048.5825468484582,5.561955638062699,6.136311159969442,False,0.0,0.0,0.8,1048.5825468484582,0.0,0.0,True,True
sembid_dual,sembid,dual,0.5,8000,Fixed 1.0,1.0,-117.35058187691084,46.66944454768252,47.24380006958926,True,36.66944454768252,1.0,0.8,1048.5825468484582,1165.933128725369,0.015545775049671586,False,True
sembid_dual,sembid,dual,0.5,8000,Fixed 1.2,1.2,-109.58375449946197,46.50835137608827,47.08270689799502,True,36.50835137608827,1.0,0.8,1048.5825468484582,1158.1663013479201,0.015442217351305602,False,True
sembid_dual,sembid,dual,0.5,8000,Development near-best 10pp,0.8,1048.5825468484582,5.561955638062699,6.136311159969442,False,0.0,0.0,0.8,1048.5825468484582,0.0,0.0,True,True
sembid_dual,sembid,dual,0.5,8000,Development 5pp-buffer,0.5,252.76366951475484,1.4784584927708329,2.0528140146775757,False,0.0,0.0,0.8,1048.5825468484582,795.8188773337033,0.010610918364449377,True,True
sembid_dual,sembid,dual,0.5,Full,Fixed 0.0,0.0,0.0,0.0,0.07637771924278544,False,0.0,0.0,0.8,1743.7885323778828,1743.7885323778828,0.023250513765038436,True,True
sembid_dual,sembid,dual,0.5,Full,Fixed 0.3,0.3,163.23913193914996,0.39132354247782486,0.46770126172061033,False,0.0,0.0,0.8,1743.7885323778828,1580.5494004387328,0.021073992005849772,True,True
sembid_dual,sembid,dual,0.5,Full,Fixed 0.5,0.5,402.9258695528433,1.215869920213634,1.2922476394564195,False,0.0,0.0,0.8,1743.7885323778828,1340.8626628250395,0.017878168837667192,True,True
sembid_dual,sembid,dual,0.5,Full,Fixed 0.8,0.8,1743.7885323778828,1.9415012044130708,2.0178789236558563,False,0.0,0.0,0.8,1743.7885323778828,0.0,0.0,True,True
sembid_dual,sembid,dual,0.5,Full,Fixed 1.0,1.0,1270.194220359941,35.52223153276435,35.59860925200714,True,25.52223153276435,1.0,0.8,1743.7885323778828,473.5943120179418,0.00631459082690589,False,True
sembid_dual,sembid,dual,0.5,Full,Fixed 1.2,1.2,1317.122961396566,35.14015183125583,35.21652955049861,True,25.140151831255828,1.0,0.8,1743.7885323778828,426.6655709813167,0.005688874279750889,False,True
sembid_dual,sembid,dual,0.5,Full,Development near-best 10pp,0.8,1743.7885323778828,1.9415012044130708,2.0178789236558563,False,0.0,0.0,0.8,1743.7885323778828,0.0,0.0,True,True
sembid_dual,sembid,dual,0.5,Full,Development 5pp-buffer,0.8,1743.7885323778828,1.9415012044130708,2.0178789236558563,False,0.0,0.0,0.8,1743.7885323778828,0.0,0.0,True,True
sembid_dual,sembid,dual,0.75,500,Fixed 0.0,0.0,0.0,0.0,45.34624257894826,False,0.0,0.0,0.0,0.0,0.0,0.0,True,True
sembid_dual,sembid,dual,0.75,500,Fixed 0.3,0.3,-69.63154949524642,2.302157469254567,47.648400048202824,False,0.0,0.0,0.0,0.0,69.63154949524642,0.0006189471066244126,True,True
sembid_dual,sembid,dual,0.75,500,Fixed 0.5,0.5,-160.52205660737627,4.68872907206007,50.03497165100833,False,0.0,0.0,0.0,0.0,160.52205660737627,0.0014268627253989001,True,True
sembid_dual,sembid,dual,0.75,500,Fixed 0.8,0.8,-644.1864333881545,16.854161450437374,62.20040402938563,True,6.854161450437374,1.0,0.0,0.0,644.1864333881545,0.005726101630116928,False,True
sembid_dual,sembid,dual,0.75,500,Fixed 1.0,1.0,-3039.496080690269,47.95573178422193,93.30197436317019,True,37.95573178422193,1.0,0.0,0.0,3039.496080690269,0.02701774293946906,False,True
sembid_dual,sembid,dual,0.75,500,Fixed 1.2,1.2,-3039.071693020658,47.951172585968216,93.29741516491647,True,37.951172585968216,1.0,0.0,0.0,3039.071693020658,0.02701397060462807,False,True
sembid_dual,sembid,dual,0.75,500,Development near-best 10pp,0.0,0.0,0.0,45.34624257894826,False,0.0,0.0,0.0,0.0,0.0,0.0,True,True
sembid_dual,sembid,dual,0.75,500,Development 5pp-buffer,0.0,0.0,0.0,45.34624257894826,False,0.0,0.0,0.0,0.0,0.0,0.0,True,True
sembid_dual,sembid,dual,0.75,2000,Fixed 0.0,0.0,0.0,0.0,7.8782118860238795,False,0.0,0.0,0.0,0.0,0.0,0.0,True,True
sembid_dual,sembid,dual,0.75,2000,Fixed 0.3,0.3,-113.55443092554742,2.2470857841056615,10.125297670129541,False,0.0,0.0,0.0,0.0,113.55443092554742,0.0010093727193381994,True,True
sembid_dual,sembid,dual,0.75,2000,Fixed 0.5,0.5,-154.17685668914328,4.244569091281922,12.122780977305801,False,0.0,0.0,0.0,0.0,154.17685668914328,0.0013704609483479403,True,True
sembid_dual,sembid,dual,0.75,2000,Fixed 0.8,0.8,-363.6491684480916,16.41707188436146,24.29528377038534,True,6.417071884361459,1.0,0.0,0.0,363.6491684480916,0.003232437052871925,False,True
sembid_dual,sembid,dual,0.75,2000,Fixed 1.0,1.0,-4813.02684468794,71.48610850419277,79.36432039021665,True,61.48610850419277,1.0,0.0,0.0,4813.02684468794,0.042782460841670575,False,True
sembid_dual,sembid,dual,0.75,2000,Fixed 1.2,1.2,-4800.183810431183,71.39040074587099,79.26861263189487,True,61.39040074587099,1.0,0.0,0.0,4800.183810431183,0.04266830053716607,False,True
sembid_dual,sembid,dual,0.75,2000,Development near-best 10pp,0.5,-154.17685668914328,4.244569091281922,12.122780977305801,False,0.0,0.0,0.0,0.0,154.17685668914328,0.0013704609483479403,True,True
sembid_dual,sembid,dual,0.75,2000,Development 5pp-buffer,0.5,-154.17685668914328,4.244569091281922,12.122780977305801,False,0.0,0.0,0.0,0.0,154.17685668914328,0.0013704609483479403,True,True
sembid_dual,sembid,dual,0.75,8000,Fixed 0.0,0.0,0.0,0.0,1.107443691437427,False,0.0,0.0,0.8,1492.2034220051864,1492.2034220051864,0.01326403041782388,True,True
sembid_dual,sembid,dual,0.75,8000,Fixed 0.3,0.3,25.017852710378065,1.329100394983375,2.436544086420802,False,0.0,0.0,0.8,1492.2034220051864,1467.1855692948084,0.013041649504842741,True,True
sembid_dual,sembid,dual,0.75,8000,Fixed 0.5,0.5,451.665996239597,3.034060244480324,4.1415039359177515,False,0.0,0.0,0.8,1492.2034220051864,1040.5374257655894,0.009249221562360795,True,True
sembid_dual,sembid,dual,0.75,8000,Fixed 0.8,0.8,1492.2034220051864,8.36336317485587,9.470806866293296,False,0.0,0.0,0.8,1492.2034220051864,0.0,0.0,True,True
sembid_dual,sembid,dual,0.75,8000,Fixed 1.0,1.0,-969.2720771865706,52.39938574314397,53.50682943458139,True,42.39938574314397,1.0,0.8,1492.2034220051864,2461.475499191757,0.021879782215037842,False,True
sembid_dual,sembid,dual,0.75,8000,Fixed 1.2,1.2,-891.2230231741241,52.14357737566002,53.25102106709745,True,42.14357737566002,1.0,0.8,1492.2034220051864,2383.4264451793106,0.021186012846038316,False,True
sembid_dual,sembid,dual,0.75,8000,Development near-best 10pp,0.5,451.665996239597,3.034060244480324,4.1415039359177515,False,0.0,0.0,0.8,1492.2034220051864,1040.5374257655894,0.009249221562360795,True,True
sembid_dual,sembid,dual,0.75,8000,Development 5pp-buffer,0.5,451.665996239597,3.034060244480324,4.1415039359177515,False,0.0,0.0,0.8,1492.2034220051864,1040.5374257655894,0.009249221562360795,True,True
sembid_dual,sembid,dual,0.75,Full,Fixed 0.0,0.0,0.0,0.0,0.3877977094866413,False,0.0,0.0,0.8,2344.0948111924245,2344.0948111924245,0.02083639832171044,True,True
sembid_dual,sembid,dual,0.75,Full,Fixed 0.3,0.3,345.29337172231317,0.19656780574186827,0.5843655152285095,False,0.0,0.0,0.8,2344.0948111924245,1998.8014394701113,0.017767123906400988,True,True
sembid_dual,sembid,dual,0.75,Full,Fixed 0.5,0.5,326.0634758983524,0.894881233510972,1.2826789429976133,False,0.0,0.0,0.8,2344.0948111924245,2018.031335294072,0.017938056313725085,True,True
sembid_dual,sembid,dual,0.75,Full,Fixed 0.8,0.8,2344.0948111924245,3.6006344569493893,3.9884321664360307,False,0.0,0.0,0.8,2344.0948111924245,0.0,0.0,True,True
sembid_dual,sembid,dual,0.75,Full,Fixed 1.0,1.0,927.5892030512259,42.044509503041695,42.432307212528336,True,32.044509503041695,1.0,0.8,2344.0948111924245,1416.5056081411985,0.012591160961255099,False,True
sembid_dual,sembid,dual,0.75,Full,Fixed 1.2,1.2,1051.242989590788,41.376987382790574,41.764785092277215,True,31.376987382790574,1.0,0.8,2344.0948111924245,1292.8518216016364,0.011492016192014546,False,True
sembid_dual,sembid,dual,0.75,Full,Development near-best 10pp,0.8,2344.0948111924245,3.6006344569493893,3.9884321664360307,False,0.0,0.0,0.8,2344.0948111924245,0.0,0.0,True,True
sembid_dual,sembid,dual,0.75,Full,Development 5pp-buffer,0.8,2344.0948111924245,3.6006344569493893,3.9884321664360307,False,0.0,0.0,0.8,2344.0948111924245,0.0,0.0,True,True
sembid_dual,sembid,dual,1.0,500,Fixed 0.0,0.0,0.0,0.0,55.06359984066702,False,0.0,0.0,0.0,0.0,0.0,0.0,True,True
sembid_dual,sembid,dual,1.0,500,Fixed 0.3,0.3,-91.40194123434048,2.2756078725319995,57.339207713199016,False,0.0,0.0,0.0,0.0,91.40194123434048,0.0006093462748956032,True,True
sembid_dual,sembid,dual,1.0,500,Fixed 0.5,0.5,-215.34695529526562,4.472254261462382,59.5358541021294,False,0.0,0.0,0.0,0.0,215.34695529526562,0.001435646368635104,True,True
sembid_dual,sembid,dual,1.0,500,Fixed 0.8,0.8,-762.3057913442894,14.623298642612262,69.68689848327928,True,4.623298642612262,1.0,0.0,0.0,762.3057913442894,0.00508203860896193,False,True
sembid_dual,sembid,dual,1.0,500,Fixed 1.0,1.0,-3334.24678785173,39.83590462570276,94.89950446636978,True,29.83590462570276,1.0,0.0,0.0,3334.24678785173,0.022228311919011534,False,True
sembid_dual,sembid,dual,1.0,500,Fixed 1.2,1.2,-3333.7900411122364,39.83222902150889,94.8958288621759,True,29.832229021508887,1.0,0.0,0.0,3333.7900411122364,0.022225266940748244,False,True
sembid_dual,sembid,dual,1.0,500,Development near-best 10pp,0.0,0.0,0.0,55.06359984066702,False,0.0,0.0,0.0,0.0,0.0,0.0,True,True
sembid_dual,sembid,dual,1.0,500,Development 5pp-buffer,0.0,0.0,0.0,55.06359984066702,False,0.0,0.0,0.0,0.0,0.0,0.0,True,True
sembid_dual,sembid,dual,1.0,2000,Fixed 0.0,0.0,0.0,0.0,12.43125142499528,False,0.0,0.0,0.0,0.0,0.0,0.0,True,True
sembid_dual,sembid,dual,1.0,2000,Fixed 0.3,0.3,-84.29685077552676,1.5836922199150028,14.014943644910282,False,0.0,0.0,0.0,0.0,84.29685077552676,0.0005619790051701784,True,True
sembid_dual,sembid,dual,1.0,2000,Fixed 0.5,0.5,-186.57321003056313,3.7008680363450477,16.132119461340327,False,0.0,0.0,0.0,0.0,186.57321003056313,0.0012438214002037542,True,True
sembid_dual,sembid,dual,1.0,2000,Fixed 0.8,0.8,-708.9729216435571,18.109281318096492,30.54053274309177,True,8.109281318096492,1.0,0.0,0.0,708.9729216435571,0.004726486144290381,False,True
sembid_dual,sembid,dual,1.0,2000,Fixed 1.0,1.0,-6310.549321867273,70.45813668569198,82.88938811068726,True,60.45813668569198,1.0,0.0,0.0,6310.549321867273,0.04207032881244849,False,True
sembid_dual,sembid,dual,1.0,2000,Fixed 1.2,1.2,-6296.121207365253,70.4148600558775,82.84611148087278,True,60.4148600558775,1.0,0.0,0.0,6296.121207365253,0.04197414138243502,False,True
sembid_dual,sembid,dual,1.0,2000,Development near-best 10pp,0.3,-84.29685077552676,1.5836922199150028,14.014943644910282,False,0.0,0.0,0.0,0.0,84.29685077552676,0.0005619790051701784,True,True
sembid_dual,sembid,dual,1.0,2000,Development 5pp-buffer,0.3,-84.29685077552676,1.5836922199150028,14.014943644910282,False,0.0,0.0,0.0,0.0,84.29685077552676,0.0005619790051701784,True,True
sembid_dual,sembid,dual,1.0,8000,Fixed 0.0,0.0,0.0,0.0,1.4133403384292178,False,0.0,0.0,0.8,1453.8367990190636,1453.8367990190636,0.009692245326793757,True,True
sembid_dual,sembid,dual,1.0,8000,Fixed 0.3,0.3,-150.88877014447644,2.3899929337454897,3.8033332721747075,False,0.0,0.0,0.8,1453.8367990190636,1604.72556916354,0.010698170461090267,True,True
sembid_dual,sembid,dual,1.0,8000,Fixed 0.5,0.5,195.14999240103498,4.547534214608363,5.960874553037581,False,0.0,0.0,0.8,1453.8367990190636,1258.6868066180286,0.008391245377453524,True,True
sembid_dual,sembid,dual,1.0,8000,Fixed 0.8,0.8,1453.8367990190636,8.738168123277426,10.151508461706642,False,0.0,0.0,0.8,1453.8367990190636,0.0,0.0,True,True
sembid_dual,sembid,dual,1.0,8000,Fixed 1.0,1.0,-2575.2373475716995,58.01461723145405,59.42795756988326,True,48.01461723145405,1.0,0.8,1453.8367990190636,4029.074146590763,0.02686049431060509,False,True
sembid_dual,sembid,dual,1.0,8000,Fixed 1.2,1.2,-2496.717398545028,57.58632493074616,58.999665269175374,True,47.58632493074616,1.0,0.8,1453.8367990190636,3950.5541975640917,0.02633702798376061,False,True
sembid_dual,sembid,dual,1.0,8000,Development near-best 10pp,0.8,1453.8367990190636,8.738168123277426,10.151508461706642,False,0.0,0.0,0.8,1453.8367990190636,0.0,0.0,True,True
sembid_dual,sembid,dual,1.0,8000,Development 5pp-buffer,0.5,195.14999240103498,4.547534214608363,5.960874553037581,False,0.0,0.0,0.8,1453.8367990190636,1258.6868066180286,0.008391245377453524,True,True
sembid_dual,sembid,dual,1.0,Full,Fixed 0.0,0.0,0.0,0.0,0.13594679206954122,False,0.0,0.0,0.8,2522.1425469254027,2522.1425469254027,0.01681428364616935,True,True
sembid_dual,sembid,dual,1.0,Full,Fixed 0.3,0.3,68.4799222024576,1.1514390385301958,1.287385830599737,False,0.0,0.0,0.8,2522.1425469254027,2453.662624722945,0.0163577508314863,True,True
sembid_dual,sembid,dual,1.0,Full,Fixed 0.5,0.5,261.5130014139395,1.6022678498066378,1.738214641876179,False,0.0,0.0,0.8,2522.1425469254027,2260.629545511463,0.015070863636743087,True,True
sembid_dual,sembid,dual,1.0,Full,Fixed 0.8,0.8,2522.1425469254027,5.41032306231713,5.546269854386671,False,0.0,0.0,0.8,2522.1425469254027,0.0,0.0,True,True
sembid_dual,sembid,dual,1.0,Full,Fixed 1.0,1.0,88.95954594790965,48.53905717372278,48.67500396579232,True,38.53905717372278,1.0,0.8,2522.1425469254027,2433.183000977493,0.016221220006516622,False,True
sembid_dual,sembid,dual,1.0,Full,Fixed 1.2,1.2,175.49912803716325,48.32969520859562,48.46564200066516,True,38.32969520859562,1.0,0.8,2522.1425469254027,2346.6434188882395,0.01564428945925493,False,True
sembid_dual,sembid,dual,1.0,Full,Development near-best 10pp,0.8,2522.1425469254027,5.41032306231713,5.546269854386671,False,0.0,0.0,0.8,2522.1425469254027,0.0,0.0,True,True
sembid_dual,sembid,dual,1.0,Full,Development 5pp-buffer,0.5,261.5130014139395,1.6022678498066378,1.738214641876179,False,0.0,0.0,0.8,2522.1425469254027,2260.629545511463,0.015070863636743087,True,True
sembid_dual,sembid,dual,1.25,500,Fixed 0.0,0.0,0.0,0.0,61.96870196626589,False,0.0,0.0,0.0,0.0,0.0,0.0,True,True
sembid_dual,sembid,dual,1.25,500,Fixed 0.3,0.3,-106.14237247138044,1.9751318540497138,63.943833820315604,False,0.0,0.0,0.0,0.0,106.14237247138044,0.0005660926531806956,True,True
sembid_dual,sembid,dual,1.25,500,Fixed 0.5,0.5,-242.95333552056218,4.036767434694305,66.0054694009602,False,0.0,0.0,0.0,0.0,242.95333552056218,0.0012957511227763316,True,True
sembid_dual,sembid,dual,1.25,500,Fixed 0.8,0.8,-832.6460358851277,12.667991994295,74.63669396056089,True,2.667991994295001,1.0,0.0,0.0,832.6460358851277,0.004440778858054014,False,True
sembid_dual,sembid,dual,1.25,500,Fixed 1.0,1.0,-3528.9554348547326,33.906661216780556,95.87536318304645,True,23.906661216780556,1.0,0.0,0.0,3528.9554348547326,0.018821095652558573,False,True
sembid_dual,sembid,dual,1.25,500,Fixed 1.2,1.2,-3528.4382200654454,33.90336868825529,95.87207065452118,True,23.90336868825529,1.0,0.0,0.0,3528.4382200654454,0.018818337173682375,False,True
sembid_dual,sembid,dual,1.25,500,Development near-best 10pp,0.0,0.0,0.0,61.96870196626589,False,0.0,0.0,0.0,0.0,0.0,0.0,True,True
sembid_dual,sembid,dual,1.25,500,Development 5pp-buffer,0.0,0.0,0.0,61.96870196626589,False,0.0,0.0,0.0,0.0,0.0,0.0,True,True
sembid_dual,sembid,dual,1.25,2000,Fixed 0.0,0.0,0.0,0.0,16.81871234507531,False,0.0,0.0,0.0,0.0,0.0,0.0,True,True
sembid_dual,sembid,dual,1.25,2000,Fixed 0.3,0.3,-122.047736453369,1.6523592242506666,18.471071569325975,False,0.0,0.0,0.0,0.0,122.047736453369,0.0006509212610846346,True,True
sembid_dual,sembid,dual,1.25,2000,Fixed 0.5,0.5,-337.9846295299212,4.602079214470937,21.420791559546245,False,0.0,0.0,0.0,0.0,337.9846295299212,0.0018025846908262466,True,True
sembid_dual,sembid,dual,1.25,2000,Fixed 0.8,0.8,-1125.3617684769197,19.616882430042974,36.43559477511828,True,9.616882430042974,1.0,0.0,0.0,1125.3617684769197,0.006001929431876905,False,True
sembid_dual,sembid,dual,1.25,2000,Fixed 1.0,1.0,-7613.71182126609,68.63845978305046,85.45717212812578,True,58.638459783050465,1.0,0.0,0.0,7613.71182126609,0.04060646304675248,False,True
sembid_dual,sembid,dual,1.25,2000,Fixed 1.2,1.2,-7603.252464502859,68.68347673423038,85.5021890793057,True,58.68347673423038,1.0,0.0,0.0,7603.252464502859,0.04055067981068192,False,True
sembid_dual,sembid,dual,1.25,2000,Development near-best 10pp,0.3,-122.047736453369,1.6523592242506666,18.471071569325975,False,0.0,0.0,0.0,0.0,122.047736453369,0.0006509212610846346,True,True
sembid_dual,sembid,dual,1.25,2000,Development 5pp-buffer,0.3,-122.047736453369,1.6523592242506666,18.471071569325975,False,0.0,0.0,0.0,0.0,122.047736453369,0.0006509212610846346,True,True
sembid_dual,sembid,dual,1.25,8000,Fixed 0.0,0.0,0.0,0.0,2.780914313215439,False,0.0,0.0,0.5,314.20629159609416,314.20629159609416,0.0016757668885125023,True,True
sembid_dual,sembid,dual,1.25,8000,Fixed 0.3,0.3,122.47132912256893,0.7148005351981084,3.4957148484135474,False,0.0,0.0,0.5,314.20629159609416,191.73496247352523,0.0010225864665254678,True,True
sembid_dual,sembid,dual,1.25,8000,Fixed 0.5,0.5,314.20629159609416,4.481954517052891,7.262868830268331,False,0.0,0.0,0.5,314.20629159609416,0.0,0.0,True,True
sembid_dual,sembid,dual,1.25,8000,Fixed 0.8,0.8,1349.085024710299,11.382888708551862,14.1638030217673,True,1.382888708551862,1.0,0.5,314.20629159609416,-1034.8787331142048,-0.005519353243275759,False,True
sembid_dual,sembid,dual,1.25,8000,Fixed 1.0,1.0,-4661.258553240479,62.342473007265916,65.12338732048136,True,52.342473007265916,1.0,0.5,314.20629159609416,4975.464844836573,0.026535812505795058,False,True
sembid_dual,sembid,dual,1.25,8000,Fixed 1.2,1.2,-4641.714687214269,62.29669855139769,65.07761286461313,True,52.29669855139769,1.0,0.5,314.20629159609416,4955.9209788103635,0.02643157855365527,False,True
sembid_dual,sembid,dual,1.25,8000,Development near-best 10pp,0.3,122.47132912256893,0.7148005351981084,3.4957148484135474,False,0.0,0.0,0.5,314.20629159609416,191.73496247352523,0.0010225864665254678,True,True
sembid_dual,sembid,dual,1.25,8000,Development 5pp-buffer,0.3,122.47132912256893,0.7148005351981084,3.4957148484135474,False,0.0,0.0,0.5,314.20629159609416,191.73496247352523,0.0010225864665254678,True,True
sembid_dual,sembid,dual,1.25,Full,Fixed 0.0,0.0,0.0,0.0,0.6613053325985132,False,0.0,0.0,0.8,3119.165896246661,3119.165896246661,0.01663555144664886,True,True
sembid_dual,sembid,dual,1.25,Full,Fixed 0.3,0.3,153.43926437257142,1.534742104590812,2.1960474371893253,False,0.0,0.0,0.8,3119.165896246661,2965.7266318740894,0.015817208703328478,True,True
sembid_dual,sembid,dual,1.25,Full,Fixed 0.5,0.5,495.5495781406844,2.2941273743370743,2.9554327069355875,False,0.0,0.0,0.8,3119.165896246661,2623.6163181059765,0.013992620363231874,True,True
sembid_dual,sembid,dual,1.25,Full,Fixed 0.8,0.8,3119.165896246661,7.409609322148107,8.07091465474662,False,0.0,0.0,0.8,3119.165896246661,0.0,0.0,True,True
sembid_dual,sembid,dual,1.25,Full,Fixed 1.0,1.0,-781.1172852576346,53.094374765729896,53.75568009832841,True,43.094374765729896,1.0,0.8,3119.165896246661,3900.2831815042955,0.020801510301356244,False,True
sembid_dual,sembid,dual,1.25,Full,Fixed 1.2,1.2,-903.4897726242416,53.42432756785129,54.08563290044981,True,43.42432756785129,1.0,0.8,3119.165896246661,4022.6556688709024,0.02145416356731148,False,True
sembid_dual,sembid,dual,1.25,Full,Development near-best 10pp,0.8,3119.165896246661,7.409609322148107,8.07091465474662,False,0.0,0.0,0.8,3119.165896246661,0.0,0.0,True,True
sembid_dual,sembid,dual,1.25,Full,Development 5pp-buffer,0.3,153.43926437257142,1.534742104590812,2.1960474371893253,False,0.0,0.0,0.8,3119.165896246661,2965.7266318740894,0.015817208703328478,True,True
sembid_dual,sembid,dual,1.5,500,Fixed 0.0,0.0,0.0,0.0,67.01483258847384,False,0.0,0.0,0.0,0.0,0.0,0.0,True,True
sembid_dual,sembid,dual,1.5,500,Fixed 0.3,0.3,-116.26914549358935,1.7717611531355146,68.78659374160935,False,0.0,0.0,0.0,0.0,116.26914549358935,0.000516751757749286,True,True
sembid_dual,sembid,dual,1.5,500,Fixed 0.5,0.5,-252.03914478508977,3.5424171930716426,70.55724978154548,False,0.0,0.0,0.0,0.0,252.03914478508977,0.0011201739768226212,True,True
sembid_dual,sembid,dual,1.5,500,Fixed 0.8,0.8,-881.3517619046038,11.185039290730103,78.19987187920394,True,1.1850392907301028,1.0,0.0,0.0,881.3517619046038,0.003917118941798239,False,True
sembid_dual,sembid,dual,1.5,500,Fixed 1.0,1.0,-3669.8260348802037,29.51673998055169,96.53157256902553,True,19.51673998055169,1.0,0.0,0.0,3669.8260348802037,0.016310337932800904,False,True
sembid_dual,sembid,dual,1.5,500,Fixed 1.2,1.2,-3669.2934615588265,29.51390385547124,96.52873644394508,True,19.51390385547124,1.0,0.0,0.0,3669.2934615588265,0.01630797094026145,False,True
sembid_dual,sembid,dual,1.5,500,Development near-best 10pp,0.0,0.0,0.0,67.01483258847384,False,0.0,0.0,0.0,0.0,0.0,0.0,True,True
sembid_dual,sembid,dual,1.5,500,Development 5pp-buffer,0.0,0.0,0.0,67.01483258847384,False,0.0,0.0,0.0,0.0,0.0,0.0,True,True
sembid_dual,sembid,dual,1.5,2000,Fixed 0.0,0.0,0.0,0.0,21.728404496885375,False,0.0,0.0,0.0,0.0,0.0,0.0,True,True
sembid_dual,sembid,dual,1.5,2000,Fixed 0.3,0.3,-176.72657084985258,2.4338902706631558,24.16229476754853,False,0.0,0.0,0.0,0.0,176.72657084985258,0.0007854514259993448,True,True
sembid_dual,sembid,dual,1.5,2000,Fixed 0.5,0.5,-456.5125805627995,5.357438876481272,27.085843373366647,False,0.0,0.0,0.0,0.0,456.5125805627995,0.002028944802501331,True,True
sembid_dual,sembid,dual,1.5,2000,Fixed 0.8,0.8,-1486.5520077265064,20.293452605776643,42.02185710266202,True,10.293452605776643,1.0,0.0,0.0,1486.5520077265064,0.006606897812117807,False,True
sembid_dual,sembid,dual,1.5,2000,Fixed 1.0,1.0,-8699.120677825844,65.86991057623433,87.59831507311971,True,55.86991057623433,1.0,0.0,0.0,8699.120677825844,0.03866275856811486,False,True
sembid_dual,sembid,dual,1.5,2000,Fixed 1.2,1.2,-8696.467643435677,65.90816536735272,87.6365698642381,True,55.90816536735272,1.0,0.0,0.0,8696.467643435677,0.03865096730415857,False,True
sembid_dual,sembid,dual,1.5,2000,Development near-best 10pp,0.0,0.0,0.0,21.728404496885375,False,0.0,0.0,0.0,0.0,0.0,0.0,True,True
sembid_dual,sembid,dual,1.5,2000,Development 5pp-buffer,0.0,0.0,0.0,21.728404496885375,False,0.0,0.0,0.0,0.0,0.0,0.0,True,True
sembid_dual,sembid,dual,1.5,8000,Fixed 0.0,0.0,0.0,0.0,3.5986448493770014,False,0.0,0.0,0.5,638.0069900515664,638.0069900515664,0.002835586622451406,True,True
sembid_dual,sembid,dual,1.5,8000,Fixed 0.3,0.3,348.67335447100777,1.5540650289090165,5.152709878286018,False,0.0,0.0,0.5,638.0069900515664,289.3336355805586,0.0012859272692469271,True,True
sembid_dual,sembid,dual,1.5,8000,Fixed 0.5,0.5,638.0069900515664,3.8263407106281284,7.42498556000513,False,0.0,0.0,0.5,638.0069900515664,0.0,0.0,True,True
sembid_dual,sembid,dual,1.5,8000,Fixed 0.8,0.8,1323.4378219170176,13.136334408253175,16.734979257630176,True,3.136334408253175,1.0,0.5,638.0069900515664,-685.4308318654512,-0.0030463592527353385,False,True
sembid_dual,sembid,dual,1.5,8000,Fixed 1.0,1.0,-6611.379597704135,65.3705580396995,68.9692028890765,True,55.3705580396995,1.0,0.5,638.0069900515664,7249.386587755702,0.0322194959455809,False,True
sembid_dual,sembid,dual,1.5,8000,Fixed 1.2,1.2,-6513.2916304877435,65.03272494056058,68.63136978993758,True,55.032724940560584,1.0,0.5,638.0069900515664,7151.29862053931,0.031783549424619154,False,True
sembid_dual,sembid,dual,1.5,8000,Development near-best 10pp,0.5,638.0069900515664,3.8263407106281284,7.42498556000513,False,0.0,0.0,0.5,638.0069900515664,0.0,0.0,True,True
sembid_dual,sembid,dual,1.5,8000,Development 5pp-buffer,0.5,638.0069900515664,3.8263407106281284,7.42498556000513,False,0.0,0.0,0.5,638.0069900515664,0.0,0.0,True,True
sembid_dual,sembid,dual,1.5,Full,Fixed 0.0,0.0,0.0,0.0,1.5826306440985292,False,0.0,0.0,0.8,3287.7732270604065,3287.7732270604065,0.014612325453601806,True,True
sembid_dual,sembid,dual,1.5,Full,Fixed 0.3,0.3,-183.29396258448287,1.5543865446241432,3.1370171887226723,False,0.0,0.0,0.8,3287.7732270604065,3471.0671896448894,0.015426965287310619,True,True
sembid_dual,sembid,dual,1.5,Full,Fixed 0.5,0.5,869.7801675816263,2.4446836644416488,4.027314308540178,False,0.0,0.0,0.8,3287.7732270604065,2417.99305947878,0.01074663581990569,True,True
sembid_dual,sembid,dual,1.5,Full,Fixed 0.8,0.8,3287.7732270604065,8.208474669582007,9.791105313680536,False,0.0,0.0,0.8,3287.7732270604065,0.0,0.0,True,True
sembid_dual,sembid,dual,1.5,Full,Fixed 1.0,1.0,-2694.948645026787,57.33478250877429,58.91741315287282,True,47.33478250877429,1.0,0.8,3287.7732270604065,5982.721872087193,0.02658987498705419,False,True
sembid_dual,sembid,dual,1.5,Full,Fixed 1.2,1.2,-2594.0917296321823,57.128145309926055,58.710775954024584,True,47.128145309926055,1.0,0.8,3287.7732270604065,5881.864956692589,0.02614162202974484,False,True
sembid_dual,sembid,dual,1.5,Full,Development near-best 10pp,0.5,869.7801675816263,2.4446836644416488,4.027314308540178,False,0.0,0.0,0.8,3287.7732270604065,2417.99305947878,0.01074663581990569,True,True
sembid_dual,sembid,dual,1.5,Full,Development 5pp-buffer,0.5,869.7801675816263,2.4446836644416488,4.027314308540178,False,0.0,0.0,0.8,3287.7732270604065,2417.99305947878,0.01074663581990569,True,True
